id,fecha,year,month,month_name,day_of_week,is_weekend,week,hora,franja_horaria,tipo_venta,metodo_pago_clean,total,descuento,iva,propina
6,2024-04-08,2024,4,April,Monday,False,15,14,almuerzo,Llevar,Efectivo,2000,0,319,0
7,2024-04-08,2024,4,April,Monday,False,15,15,almuerzo,Llevar,Efectivo,3000,0,479,0
8,2024-04-08,2024,4,April,Monday,False,15,15,almuerzo,Servir,Debito,1300,0,0,0
9,2024-04-08,2024,4,April,Monday,False,15,16,tarde,Llevar,Debito,6000,0,958,0
10,2024-04-08,2024,4,April,Monday,False,15,16,tarde,Llevar,Efectivo,630,0,100,0
11,2024-04-08,2024,4,April,Monday,False,15,16,tarde,Servir,Debito,2168,0,346,0
12,2024-04-08,2024,4,April,Monday,False,15,17,tarde,Llevar,Efectivo,8160,2040,1303,0
13,2024-04-08,2024,4,April,Monday,False,15,17,tarde,Llevar,Credito,1000,0,0,0
14,2024-04-08,2024,4,April,Monday,False,15,17,tarde,Servir,Debito,12000,0,1916,0
16,2024-04-08,2024,4,April,Monday,False,15,17,tarde,Llevar,Debito,4000,0,639,0
18,2024-04-08,2024,4,April,Monday,False,15,17,tarde,Llevar,Efectivo,1200,0,192,0
20,2024-04-08,2024,4,April,Monday,False,15,17,tarde,Llevar,Efectivo,1500,0,239,0
21,2024-04-08,2024,4,April,Monday,False,15,17,tarde,Llevar,Debito,649,0,104,0
22,2024-04-08,2024,4,April,Monday,False,15,17,tarde,Servir,Debito,9700,0,1549,970
23,2024-04-08,2024,4,April,Monday,False,15,18,tarde,Servir,Debito,2400,0,383,0
24,2024-04-08,2024,4,April,Monday,False,15,18,tarde,Llevar,Debito,2800,0,447,0
25,2024-04-08,2024,4,April,Monday,False,15,18,tarde,Llevar,Debito,7190,10,1148,0
26,2024-04-08,2024,4,April,Monday,False,15,18,tarde,Llevar,Credito,3200,0,511,0
27,2024-04-08,2024,4,April,Monday,False,15,18,tarde,Servir,Debito,11800,0,1884,1180
28,2024-04-08,2024,4,April,Monday,False,15,19,cierre,Llevar,Credito,1200,0,192,0
29,2024-04-08,2024,4,April,Monday,False,15,19,cierre,Llevar,Debito,1400,0,224,0
30,2024-04-08,2024,4,April,Monday,False,15,19,cierre,Llevar,Efectivo,1000,0,160,0
31,2024-04-09,2024,4,April,Tuesday,False,15,16,tarde,Llevar,Debito,17480,120,2791,0
32,2024-04-09,2024,4,April,Tuesday,False,15,16,tarde,Llevar,Debito,8000,0,1277,0
33,2024-04-09,2024,4,April,Tuesday,False,15,16,tarde,Servir,Debito,9300,0,1485,930
34,2024-04-09,2024,4,April,Tuesday,False,15,16,tarde,Llevar,Debito,2000,0,319,0
35,2024-04-09,2024,4,April,Tuesday,False,15,16,tarde,Servir,Debito,10900,0,0,0
36,2024-04-09,2024,4,April,Tuesday,False,15,16,tarde,Llevar,Debito,6000,0,958,0
37,2024-04-09,2024,4,April,Tuesday,False,15,16,tarde,Llevar,Debito,1100,0,176,0
38,2024-04-09,2024,4,April,Tuesday,False,15,17,tarde,Llevar,Debito,2800,0,447,0
39,2024-04-09,2024,4,April,Tuesday,False,15,17,tarde,Servir,Efectivo,8200,0,1309,410
40,2024-04-09,2024,4,April,Tuesday,False,15,17,tarde,Servir,Efectivo,13300,0,2124,0
41,2024-04-09,2024,4,April,Tuesday,False,15,17,tarde,Llevar,Debito,9200,0,1469,0
42,2024-04-09,2024,4,April,Tuesday,False,15,17,tarde,Servir,Efectivo,7000,0,1118,0
43,2024-04-09,2024,4,April,Tuesday,False,15,17,tarde,Servir,Debito,2900,0,463,0
44,2024-04-09,2024,4,April,Tuesday,False,15,17,tarde,Servir,Debito,1500,0,0,0
45,2024-04-09,2024,4,April,Tuesday,False,15,18,tarde,Servir,Debito,2800,0,0,0
46,2024-04-09,2024,4,April,Tuesday,False,15,18,tarde,Servir,Debito,1000,0,160,0
47,2024-04-09,2024,4,April,Tuesday,False,15,18,tarde,Servir,Efectivo,2200,0,0,0
48,2024-04-09,2024,4,April,Tuesday,False,15,18,tarde,Servir,Debito,5800,0,0,0
49,2024-04-09,2024,4,April,Tuesday,False,15,18,tarde,Servir,Debito,4000,0,0,0
50,2024-04-09,2024,4,April,Tuesday,False,15,18,tarde,Servir,Efectivo,13700,0,2187,0
51,2024-04-09,2024,4,April,Tuesday,False,15,18,tarde,Servir,Efectivo,7400,0,1182,0
52,2024-04-09,2024,4,April,Tuesday,False,15,18,tarde,Servir,Transferencia,16400,0,0,0
53,2024-04-09,2024,4,April,Tuesday,False,15,18,tarde,Servir,Debito,2000,0,0,0
54,2024-04-09,2024,4,April,Tuesday,False,15,18,tarde,Servir,Efectivo,1400,0,0,0
55,2024-04-09,2024,4,April,Tuesday,False,15,18,tarde,Servir,Debito,7000,0,0,0
56,2024-04-09,2024,4,April,Tuesday,False,15,18,tarde,Servir,Debito,18600,0,0,0
57,2024-04-09,2024,4,April,Tuesday,False,15,19,cierre,Servir,Credito,2500,0,0,0
58,2024-04-09,2024,4,April,Tuesday,False,15,19,cierre,Servir,Debito,4000,0,639,0
59,2024-04-09,2024,4,April,Tuesday,False,15,19,cierre,Servir,Debito,13200,0,2108,0
60,2024-04-09,2024,4,April,Tuesday,False,15,19,cierre,Servir,Debito,31000,0,0,0
61,2024-04-09,2024,4,April,Tuesday,False,15,19,cierre,Servir,Debito,11800,0,1884,0
62,2024-04-09,2024,4,April,Tuesday,False,15,19,cierre,Servir,Debito,3500,0,0,0
63,2024-04-09,2024,4,April,Tuesday,False,15,20,cierre,Llevar,Debito,2000,0,0,0
64,2024-04-09,2024,4,April,Tuesday,False,15,20,cierre,Servir,Debito,18700,0,0,0
65,2024-04-10,2024,4,April,Wednesday,False,15,10,manana,Llevar,Efectivo,3100,0,0,0
66,2024-04-10,2024,4,April,Wednesday,False,15,10,manana,Servir,Debito,3100,0,0,0
67,2024-04-10,2024,4,April,Wednesday,False,15,10,manana,Servir,Debito,6400,0,0,0
68,2024-04-10,2024,4,April,Wednesday,False,15,10,manana,Servir,Debito,18600,0,0,0
69,2024-04-10,2024,4,April,Wednesday,False,15,10,manana,Servir,Debito,4200,0,0,0
70,2024-04-10,2024,4,April,Wednesday,False,15,10,manana,Servir,Debito,3000,0,0,0
71,2024-04-10,2024,4,April,Wednesday,False,15,15,almuerzo,Servir,Debito,8500,0,1357,850
72,2024-04-10,2024,4,April,Wednesday,False,15,15,almuerzo,Servir,Debito,14200,0,2267,0
73,2024-04-10,2024,4,April,Wednesday,False,15,16,tarde,Llevar,Efectivo,2500,0,399,0
74,2024-04-10,2024,4,April,Wednesday,False,15,16,tarde,Llevar,Efectivo,2500,0,399,0
75,2024-04-10,2024,4,April,Wednesday,False,15,16,tarde,Llevar,Credito,2800,0,447,0
76,2024-04-10,2024,4,April,Wednesday,False,15,16,tarde,Servir,Efectivo,23520,0,3755,0
77,2024-04-10,2024,4,April,Wednesday,False,15,17,tarde,Llevar,Debito,12100,0,1932,0
78,2024-04-10,2024,4,April,Wednesday,False,15,17,tarde,Servir,Debito,11700,0,1868,0
79,2024-04-10,2024,4,April,Wednesday,False,15,17,tarde,Llevar,Credito,5510,0,880,0
80,2024-04-10,2024,4,April,Wednesday,False,15,17,tarde,Llevar,Efectivo,6200,0,990,0
81,2024-04-10,2024,4,April,Wednesday,False,15,17,tarde,Servir,Debito,19000,0,3034,0
82,2024-04-10,2024,4,April,Wednesday,False,15,17,tarde,Servir,Efectivo,1500,0,239,0
83,2024-04-10,2024,4,April,Wednesday,False,15,17,tarde,Servir,Efectivo,1500,0,239,0
84,2024-04-10,2024,4,April,Wednesday,False,15,18,tarde,Servir,Efectivo,12000,0,1916,0
85,2024-04-10,2024,4,April,Wednesday,False,15,18,tarde,Servir,Debito,26200,0,4183,0
86,2024-04-10,2024,4,April,Wednesday,False,15,18,tarde,Llevar,Debito,2900,0,463,0
87,2024-04-10,2024,4,April,Wednesday,False,15,18,tarde,Servir,Sodexo,13400,0,2139,0
88,2024-04-10,2024,4,April,Wednesday,False,15,18,tarde,Llevar,Debito,6400,0,1022,0
89,2024-04-10,2024,4,April,Wednesday,False,15,18,tarde,Servir,Debito,8200,0,0,0
90,2024-04-10,2024,4,April,Wednesday,False,15,18,tarde,Servir,Efectivo,16800,0,2682,0
91,2024-04-10,2024,4,April,Wednesday,False,15,18,tarde,Servir,Efectivo,4500,0,718,0
92,2024-04-10,2024,4,April,Wednesday,False,15,19,cierre,Llevar,Debito,1300,0,208,0
93,2024-04-10,2024,4,April,Wednesday,False,15,19,cierre,Llevar,Efectivo,3100,0,495,0
94,2024-04-10,2024,4,April,Wednesday,False,15,19,cierre,Servir,Efectivo,1000,0,160,0
95,2024-04-10,2024,4,April,Wednesday,False,15,19,cierre,Servir,Efectivo,14200,0,2267,0
96,2024-04-10,2024,4,April,Wednesday,False,15,20,cierre,Servir,Debito,2046,0,327,0
97,2024-04-10,2024,4,April,Wednesday,False,15,20,cierre,Servir,Debito,10600,0,0,0
98,2024-04-10,2024,4,April,Wednesday,False,15,23,cierre,Servir,Debito,3300,0,0,0
99,2024-04-10,2024,4,April,Wednesday,False,15,23,cierre,Servir,Debito,6400,0,0,0
100,2024-04-10,2024,4,April,Wednesday,False,15,23,cierre,Servir,Debito,1100,0,0,0
101,2024-04-10,2024,4,April,Wednesday,False,15,23,cierre,Servir,Credito,5500,0,0,0
102,2024-04-10,2024,4,April,Wednesday,False,15,23,cierre,Servir,Debito,5300,0,0,0
103,2024-04-11,2024,4,April,Thursday,False,15,9,apertura,Servir,Credito,1590,10,0,0
104,2024-04-11,2024,4,April,Thursday,False,15,9,apertura,Servir,Efectivo,2980,20,0,0
105,2024-04-11,2024,4,April,Thursday,False,15,9,apertura,Servir,Debito,2980,20,0,0
106,2024-04-11,2024,4,April,Thursday,False,15,9,apertura,Servir,Debito,2000,0,0,0
107,2024-04-11,2024,4,April,Thursday,False,15,9,apertura,Servir,Debito,3500,0,0,0
108,2024-04-11,2024,4,April,Thursday,False,15,9,apertura,Servir,Debito,5760,40,0,0
109,2024-04-11,2024,4,April,Thursday,False,15,9,apertura,Servir,Debito,6400,0,0,0
110,2024-04-11,2024,4,April,Thursday,False,15,9,apertura,Servir,Debito,5360,40,0,0
111,2024-04-11,2024,4,April,Thursday,False,15,9,apertura,Servir,Debito,5300,0,0,0
112,2024-04-11,2024,4,April,Thursday,False,15,9,apertura,Servir,Debito,1490,10,0,0
113,2024-04-11,2024,4,April,Thursday,False,15,9,apertura,Servir,Debito,4930,70,0,0
114,2024-04-11,2024,4,April,Thursday,False,15,9,apertura,Servir,Debito,3509,0,0,0
115,2024-04-11,2024,4,April,Thursday,False,15,10,manana,Servir,Debito,2790,10,0,0
116,2024-04-11,2024,4,April,Thursday,False,15,10,manana,Servir,Debito,5730,1,0,0
117,2024-04-11,2024,4,April,Thursday,False,15,13,almuerzo,Llevar,Efectivo,8900,0,1421,0
118,2024-04-11,2024,4,April,Thursday,False,15,14,almuerzo,Servir,Debito,24600,0,3928,0
119,2024-04-11,2024,4,April,Thursday,False,15,15,almuerzo,Servir,Debito,7200,0,0,0
120,2024-04-11,2024,4,April,Thursday,False,15,15,almuerzo,Servir,Debito,12100,0,0,0
121,2024-04-11,2024,4,April,Thursday,False,15,15,almuerzo,Servir,Debito,13600,0,0,0
122,2024-04-11,2024,4,April,Thursday,False,15,16,tarde,Llevar,Efectivo,2000,0,319,0
123,2024-04-11,2024,4,April,Thursday,False,15,16,tarde,Servir,Debito,19300,0,3082,0
124,2024-04-11,2024,4,April,Thursday,False,15,16,tarde,Servir,Efectivo,13600,0,2171,0
125,2024-04-11,2024,4,April,Thursday,False,15,16,tarde,Llevar,Debito,10000,0,0,0
126,2024-04-11,2024,4,April,Thursday,False,15,17,tarde,Llevar,Efectivo,6000,0,958,0
127,2024-04-11,2024,4,April,Thursday,False,15,17,tarde,Servir,Debito,18590,0,2968,0
128,2024-04-11,2024,4,April,Thursday,False,15,17,tarde,Llevar,Efectivo,3100,0,495,0
129,2024-04-11,2024,4,April,Thursday,False,15,17,tarde,Llevar,Debito,8800,0,1405,0
130,2024-04-11,2024,4,April,Thursday,False,15,18,tarde,Llevar,Debito,6200,0,990,0
131,2024-04-11,2024,4,April,Thursday,False,15,18,tarde,Servir,Efectivo,11500,0,0,0
132,2024-04-11,2024,4,April,Thursday,False,15,18,tarde,Llevar,Efectivo,3300,0,0,0
133,2024-04-11,2024,4,April,Thursday,False,15,19,cierre,Servir,Efectivo,11000,0,1756,0
134,2024-04-11,2024,4,April,Thursday,False,15,19,cierre,Servir,Debito,9000,0,0,0
135,2024-04-11,2024,4,April,Thursday,False,15,19,cierre,Llevar,Debito,6500,0,0,0
136,2024-04-11,2024,4,April,Thursday,False,15,19,cierre,Servir,Debito,12500,0,0,0
137,2024-04-11,2024,4,April,Thursday,False,15,19,cierre,Llevar,Efectivo,2200,0,0,0
138,2024-04-11,2024,4,April,Thursday,False,15,20,cierre,Servir,Debito,7300,0,0,0
139,2024-04-11,2024,4,April,Thursday,False,15,20,cierre,Llevar,Debito,5500,0,0,0
140,2024-04-12,2024,4,April,Friday,False,15,11,manana,Servir,Debito,2500,0,0,0
141,2024-04-12,2024,4,April,Friday,False,15,11,manana,Servir,Debito,3100,0,0,0
142,2024-04-12,2024,4,April,Friday,False,15,11,manana,Servir,Debito,1680,120,0,0
143,2024-04-12,2024,4,April,Friday,False,15,11,manana,Servir,Debito,6200,0,0,0
144,2024-04-12,2024,4,April,Friday,False,15,11,manana,Llevar,Debito,1331,0,0,0
145,2024-04-12,2024,4,April,Friday,False,15,11,manana,Llevar,Debito,5300,0,0,0
146,2024-04-12,2024,4,April,Friday,False,15,11,manana,Servir,Debito,3380,120,0,0
147,2024-04-12,2024,4,April,Friday,False,15,11,manana,Servir,Debito,6000,0,0,0
148,2024-04-12,2024,4,April,Friday,False,15,11,manana,Servir,Debito,3300,0,0,0
149,2024-04-12,2024,4,April,Friday,False,15,11,manana,Servir,Debito,6910,90,0,0
150,2024-04-12,2024,4,April,Friday,False,15,11,manana,Servir,Debito,4000,0,0,0
151,2024-04-12,2024,4,April,Friday,False,15,11,manana,Llevar,Efectivo,1500,0,0,0
152,2024-04-12,2024,4,April,Friday,False,15,11,manana,Servir,Debito,6900,100,0,0
153,2024-04-12,2024,4,April,Friday,False,15,11,manana,Servir,Debito,2600,0,0,0
154,2024-04-12,2024,4,April,Friday,False,15,11,manana,Servir,Debito,5500,0,0,0
155,2024-04-12,2024,4,April,Friday,False,15,11,manana,Llevar,Debito,6200,0,0,0
156,2024-04-12,2024,4,April,Friday,False,15,11,manana,Servir,Debito,2500,0,0,0
157,2024-04-12,2024,4,April,Friday,False,15,11,manana,Servir,Debito,1460,40,0,0
158,2024-04-12,2024,4,April,Friday,False,15,11,manana,Llevar,Debito,2120,0,0,0
159,2024-04-12,2024,4,April,Friday,False,15,11,manana,Llevar,Debito,4940,60,0,0
160,2024-04-12,2024,4,April,Friday,False,15,11,manana,Llevar,Debito,2790,10,0,0
161,2024-04-12,2024,4,April,Friday,False,15,11,manana,Llevar,Debito,3500,0,0,0
162,2024-04-12,2024,4,April,Friday,False,15,11,manana,Llevar,Debito,5700,0,0,0
163,2024-04-12,2024,4,April,Friday,False,15,11,manana,Llevar,Debito,11590,10,0,0
164,2024-04-12,2024,4,April,Friday,False,15,11,manana,Llevar,Debito,2200,0,0,0
165,2024-04-12,2024,4,April,Friday,False,15,11,manana,Llevar,Debito,3100,0,0,0
166,2024-04-12,2024,4,April,Friday,False,15,15,almuerzo,Llevar,Debito,8600,0,1373,0
167,2024-04-12,2024,4,April,Friday,False,15,16,tarde,Servir,Efectivo,15400,0,2459,0
168,2024-04-12,2024,4,April,Friday,False,15,16,tarde,Llevar,Debito,2000,0,319,0
169,2024-04-12,2024,4,April,Friday,False,15,16,tarde,Llevar,Debito,5440,1360,0,0
170,2024-04-12,2024,4,April,Friday,False,15,16,tarde,Llevar,Efectivo,3000,0,0,0
171,2024-04-12,2024,4,April,Friday,False,15,17,tarde,Servir,Debito,9100,0,1453,0
172,2024-04-12,2024,4,April,Friday,False,15,17,tarde,Llevar,Debito,686,0,110,0
173,2024-04-12,2024,4,April,Friday,False,15,17,tarde,Llevar,Debito,6000,0,958,0
174,2024-04-12,2024,4,April,Friday,False,15,17,tarde,Servir,Efectivo,15700,0,2507,0
175,2024-04-12,2024,4,April,Friday,False,15,17,tarde,Servir,Efectivo,14700,0,2347,0
176,2024-04-12,2024,4,April,Friday,False,15,17,tarde,Llevar,Credito,7000,0,1118,0
177,2024-04-12,2024,4,April,Friday,False,15,17,tarde,Llevar,Debito,1500,0,239,0
178,2024-04-12,2024,4,April,Friday,False,15,17,tarde,Llevar,Debito,15500,0,0,0
179,2024-04-12,2024,4,April,Friday,False,15,17,tarde,Servir,Debito,10400,0,1661,0
180,2024-04-12,2024,4,April,Friday,False,15,18,tarde,Llevar,Debito,4000,0,0,0
181,2024-04-12,2024,4,April,Friday,False,15,18,tarde,Servir,Debito,2700,0,431,0
182,2024-04-12,2024,4,April,Friday,False,15,18,tarde,Servir,Debito,9100,0,1453,0
183,2024-04-12,2024,4,April,Friday,False,15,18,tarde,Servir,Credito,14200,0,0,0
184,2024-04-12,2024,4,April,Friday,False,15,18,tarde,Llevar,Debito,9400,0,1501,0
185,2024-04-12,2024,4,April,Friday,False,15,18,tarde,Servir,Debito,16900,0,2698,0
186,2024-04-12,2024,4,April,Friday,False,15,18,tarde,Llevar,Debito,2682,0,0,0
187,2024-04-12,2024,4,April,Friday,False,15,18,tarde,Servir,Debito,11600,0,1852,0
188,2024-04-12,2024,4,April,Friday,False,15,18,tarde,Servir,Debito,6000,0,958,0
189,2024-04-12,2024,4,April,Friday,False,15,18,tarde,Servir,Debito,9700,0,1549,0
190,2024-04-12,2024,4,April,Friday,False,15,18,tarde,Llevar,Debito,3200,0,511,0
191,2024-04-12,2024,4,April,Friday,False,15,19,cierre,Servir,Debito,16200,0,0,0
192,2024-04-12,2024,4,April,Friday,False,15,19,cierre,Servir,Debito,14900,0,0,0
193,2024-04-12,2024,4,April,Friday,False,15,19,cierre,Llevar,Debito,5700,0,0,0
194,2024-04-12,2024,4,April,Friday,False,15,19,cierre,Servir,Efectivo,500,0,80,0
195,2024-04-12,2024,4,April,Friday,False,15,20,cierre,Llevar,Debito,1500,0,0,0
196,2024-04-12,2024,4,April,Friday,False,15,20,cierre,Servir,Credito,11800,0,0,0
197,2024-04-13,2024,4,April,Saturday,True,15,14,almuerzo,Llevar,Efectivo,2000,0,0,0
198,2024-04-13,2024,4,April,Saturday,True,15,14,almuerzo,Llevar,Debito,12900,0,0,0
199,2024-04-13,2024,4,April,Saturday,True,15,14,almuerzo,Servir,Debito,2200,0,0,0
200,2024-04-13,2024,4,April,Saturday,True,15,14,almuerzo,Servir,Debito,4900,0,0,0
201,2024-04-13,2024,4,April,Saturday,True,15,14,almuerzo,Servir,Debito,7100,0,0,0
202,2024-04-13,2024,4,April,Saturday,True,15,14,almuerzo,Llevar,Credito,4000,0,0,0
203,2024-04-13,2024,4,April,Saturday,True,15,15,almuerzo,Servir,Debito,16600,0,0,0
204,2024-04-13,2024,4,April,Saturday,True,15,15,almuerzo,Servir,Credito,40000,0,0,0
205,2024-04-13,2024,4,April,Saturday,True,15,15,almuerzo,Llevar,Debito,11000,0,0,0
206,2024-04-13,2024,4,April,Saturday,True,15,15,almuerzo,Servir,Debito,6000,0,0,0
207,2024-04-13,2024,4,April,Saturday,True,15,16,tarde,Llevar,Efectivo,6700,0,0,0
208,2024-04-13,2024,4,April,Saturday,True,15,16,tarde,Llevar,Efectivo,1900,0,0,0
209,2024-04-13,2024,4,April,Saturday,True,15,16,tarde,Llevar,Debito,6300,0,0,0
210,2024-04-13,2024,4,April,Saturday,True,15,16,tarde,Servir,Debito,13400,0,2139,0
211,2024-04-13,2024,4,April,Saturday,True,15,16,tarde,Servir,Efectivo,13600,0,2171,0
212,2024-04-13,2024,4,April,Saturday,True,15,16,tarde,Llevar,Debito,10000,0,1597,0
213,2024-04-13,2024,4,April,Saturday,True,15,17,tarde,Servir,Debito,22500,0,3592,0
214,2024-04-13,2024,4,April,Saturday,True,15,17,tarde,Llevar,Debito,2800,0,0,0
215,2024-04-13,2024,4,April,Saturday,True,15,17,tarde,Servir,Efectivo,10000,0,0,0
217,2024-04-13,2024,4,April,Saturday,True,15,17,tarde,Servir,Debito,6900,0,1102,0
218,2024-04-13,2024,4,April,Saturday,True,15,17,tarde,Servir,Debito,5700,0,0,0
219,2024-04-13,2024,4,April,Saturday,True,15,17,tarde,Servir,Efectivo,11800,0,1884,0
220,2024-04-13,2024,4,April,Saturday,True,15,18,tarde,Servir,Debito,17270,30,0,0
221,2024-04-13,2024,4,April,Saturday,True,15,18,tarde,Llevar,Credito,7000,0,0,0
222,2024-04-13,2024,4,April,Saturday,True,15,18,tarde,Servir,Debito,43200,0,0,0
223,2024-04-13,2024,4,April,Saturday,True,15,18,tarde,Servir,Debito,14000,0,2235,0
224,2024-04-13,2024,4,April,Saturday,True,15,18,tarde,Servir,Debito,10100,0,1613,0
225,2024-04-13,2024,4,April,Saturday,True,15,18,tarde,Servir,Debito,23700,0,3784,0
226,2024-04-13,2024,4,April,Saturday,True,15,18,tarde,Servir,Debito,16000,0,2555,0
227,2024-04-13,2024,4,April,Saturday,True,15,18,tarde,Servir,Debito,22700,0,3624,0
228,2024-04-13,2024,4,April,Saturday,True,15,18,tarde,Servir,Efectivo,18700,0,2986,0
229,2024-04-13,2024,4,April,Saturday,True,15,19,cierre,Servir,Debito,2700,100,431,0
230,2024-04-13,2024,4,April,Saturday,True,15,19,cierre,Servir,Efectivo,2700,0,0,0
231,2024-04-13,2024,4,April,Saturday,True,15,19,cierre,Servir,Debito,3000,0,0,0
232,2024-04-13,2024,4,April,Saturday,True,15,19,cierre,Servir,Debito,3500,0,0,0
233,2024-04-13,2024,4,April,Saturday,True,15,19,cierre,Servir,Debito,8000,0,0,0
234,2024-04-13,2024,4,April,Saturday,True,15,19,cierre,Llevar,Credito,3500,0,0,0
235,2024-04-13,2024,4,April,Saturday,True,15,20,cierre,Llevar,Debito,7500,0,0,0
236,2024-04-15,2024,4,April,Monday,False,16,1,apertura,Llevar,Debito,22500,0,0,0
237,2024-04-15,2024,4,April,Monday,False,16,1,apertura,Servir,Debito,11600,0,0,0
238,2024-04-15,2024,4,April,Monday,False,16,1,apertura,Servir,Debito,6800,0,0,0
239,2024-04-15,2024,4,April,Monday,False,16,1,apertura,Servir,Debito,16000,0,0,0
240,2024-04-15,2024,4,April,Monday,False,16,1,apertura,Servir,Credito,18700,0,0,0
241,2024-04-15,2024,4,April,Monday,False,16,1,apertura,Servir,Debito,12800,0,0,0
242,2024-04-15,2024,4,April,Monday,False,16,15,almuerzo,Servir,Debito,10800,0,0,0
243,2024-04-15,2024,4,April,Monday,False,16,15,almuerzo,Servir,Debito,4800,0,766,0
244,2024-04-15,2024,4,April,Monday,False,16,16,tarde,Servir,Debito,8700,0,1389,0
245,2024-04-15,2024,4,April,Monday,False,16,16,tarde,Servir,Debito,14500,0,0,0
247,2024-04-15,2024,4,April,Monday,False,16,17,tarde,Llevar,Debito,4248,0,0,0
248,2024-04-15,2024,4,April,Monday,False,16,17,tarde,Servir,Credito,12000,0,0,0
249,2024-04-15,2024,4,April,Monday,False,16,17,tarde,Llevar,Debito,2000,0,319,0
250,2024-04-15,2024,4,April,Monday,False,16,17,tarde,Llevar,Debito,6200,0,990,0
251,2024-04-15,2024,4,April,Monday,False,16,17,tarde,Llevar,Debito,7000,0,0,0
252,2024-04-15,2024,4,April,Monday,False,16,17,tarde,Llevar,Efectivo,1400,0,0,0
253,2024-04-15,2024,4,April,Monday,False,16,17,tarde,Llevar,Debito,7600,0,0,0
254,2024-04-15,2024,4,April,Monday,False,16,17,tarde,Llevar,Efectivo,3760,0,600,0
255,2024-04-15,2024,4,April,Monday,False,16,17,tarde,Llevar,Efectivo,6000,0,958,0
257,2024-04-15,2024,4,April,Monday,False,16,18,tarde,Servir,Debito,21900,0,3497,0
258,2024-04-15,2024,4,April,Monday,False,16,18,tarde,Llevar,Debito,1400,0,224,0
259,2024-04-15,2024,4,April,Monday,False,16,18,tarde,Llevar,Debito,6200,0,990,0
260,2024-04-15,2024,4,April,Monday,False,16,19,cierre,Servir,Debito,29229,0,0,0
261,2024-04-15,2024,4,April,Monday,False,16,19,cierre,Llevar,Debito,2800,0,447,0
262,2024-04-15,2024,4,April,Monday,False,16,20,cierre,Servir,Debito,8300,0,0,0
263,2024-04-16,2024,4,April,Tuesday,False,16,14,almuerzo,Llevar,Debito,2000,0,319,0
264,2024-04-16,2024,4,April,Tuesday,False,16,15,almuerzo,Servir,Debito,10500,0,1676,0
265,2024-04-16,2024,4,April,Tuesday,False,16,15,almuerzo,Llevar,Debito,5800,0,926,0
266,2024-04-16,2024,4,April,Tuesday,False,16,16,tarde,Llevar,Efectivo,3000,0,479,0
267,2024-04-16,2024,4,April,Tuesday,False,16,16,tarde,Llevar,Debito,5660,0,0,0
268,2024-04-16,2024,4,April,Tuesday,False,16,16,tarde,Llevar,Debito,3100,0,0,0
269,2024-04-16,2024,4,April,Tuesday,False,16,16,tarde,Llevar,Debito,7300,0,1166,0
270,2024-04-16,2024,4,April,Tuesday,False,16,16,tarde,Llevar,Debito,2000,0,319,0
271,2024-04-16,2024,4,April,Tuesday,False,16,17,tarde,Llevar,Debito,2200,0,351,0
272,2024-04-16,2024,4,April,Tuesday,False,16,17,tarde,Llevar,Efectivo,4600,0,0,0
273,2024-04-16,2024,4,April,Tuesday,False,16,18,tarde,Llevar,Debito,12500,0,1996,0
274,2024-04-16,2024,4,April,Tuesday,False,16,18,tarde,Llevar,Debito,2800,0,447,0
275,2024-04-16,2024,4,April,Tuesday,False,16,18,tarde,Llevar,Debito,8900,0,1421,0
276,2024-04-16,2024,4,April,Tuesday,False,16,18,tarde,Llevar,Debito,1000,0,160,0
277,2024-04-16,2024,4,April,Tuesday,False,16,18,tarde,Llevar,Debito,8000,0,1277,0
278,2024-04-16,2024,4,April,Tuesday,False,16,18,tarde,Llevar,Efectivo,1000,0,160,0
279,2024-04-16,2024,4,April,Tuesday,False,16,18,tarde,Llevar,Debito,2000,0,319,0
280,2024-04-16,2024,4,April,Tuesday,False,16,19,cierre,Servir,Credito,19200,0,3066,0
281,2024-04-16,2024,4,April,Tuesday,False,16,19,cierre,Llevar,Debito,2270,0,362,0
282,2024-04-16,2024,4,April,Tuesday,False,16,19,cierre,Servir,Debito,22200,0,0,0
283,2024-04-16,2024,4,April,Tuesday,False,16,19,cierre,Servir,Debito,13100,0,2092,0
284,2024-04-16,2024,4,April,Tuesday,False,16,19,cierre,Llevar,Debito,6000,0,958,0
285,2024-04-16,2024,4,April,Tuesday,False,16,20,cierre,Llevar,Debito,2000,0,319,0
286,2024-04-16,2024,4,April,Tuesday,False,16,20,cierre,Llevar,Credito,4900,0,0,0
287,2024-04-17,2024,4,April,Wednesday,False,16,0,apertura,Servir,Debito,62370,430,0,0
288,2024-04-17,2024,4,April,Wednesday,False,16,0,apertura,Servir,Debito,39219,0,0,0
289,2024-04-17,2024,4,April,Wednesday,False,16,16,tarde,Llevar,Debito,3200,0,511,0
290,2024-04-17,2024,4,April,Wednesday,False,16,16,tarde,Llevar,Debito,4400,0,703,0
291,2024-04-17,2024,4,April,Wednesday,False,16,16,tarde,Llevar,Debito,1500,0,239,0
292,2024-04-17,2024,4,April,Wednesday,False,16,16,tarde,Llevar,Credito,8000,0,1277,0
293,2024-04-17,2024,4,April,Wednesday,False,16,16,tarde,Llevar,Debito,1000,0,160,0
294,2024-04-17,2024,4,April,Wednesday,False,16,16,tarde,Llevar,Debito,3430,1,548,0
295,2024-04-17,2024,4,April,Wednesday,False,16,17,tarde,Llevar,Debito,5000,0,798,0
296,2024-04-17,2024,4,April,Wednesday,False,16,17,tarde,Llevar,Debito,3700,0,591,0
297,2024-04-17,2024,4,April,Wednesday,False,16,17,tarde,Llevar,Debito,4000,0,639,0
298,2024-04-17,2024,4,April,Wednesday,False,16,17,tarde,Llevar,Efectivo,13700,0,2187,0
299,2024-04-17,2024,4,April,Wednesday,False,16,17,tarde,Llevar,Debito,6200,0,990,0
300,2024-04-17,2024,4,April,Wednesday,False,16,18,tarde,Llevar,Debito,2000,0,0,0
301,2024-04-17,2024,4,April,Wednesday,False,16,18,tarde,Llevar,Efectivo,750,0,119,0
302,2024-04-17,2024,4,April,Wednesday,False,16,18,tarde,Servir,Debito,11900,0,1900,0
303,2024-04-17,2024,4,April,Wednesday,False,16,18,tarde,Llevar,Debito,4900,100,782,0
304,2024-04-17,2024,4,April,Wednesday,False,16,18,tarde,Llevar,Debito,3000,0,479,0
305,2024-04-17,2024,4,April,Wednesday,False,16,18,tarde,Llevar,Debito,12500,0,1996,0
306,2024-04-17,2024,4,April,Wednesday,False,16,18,tarde,Llevar,Debito,4000,0,639,0
307,2024-04-17,2024,4,April,Wednesday,False,16,18,tarde,Servir,Debito,14500,0,2315,0
308,2024-04-17,2024,4,April,Wednesday,False,16,18,tarde,Llevar,Debito,2000,0,319,0
309,2024-04-17,2024,4,April,Wednesday,False,16,18,tarde,Llevar,Credito,6239,0,996,0
310,2024-04-17,2024,4,April,Wednesday,False,16,18,tarde,Llevar,Debito,2000,0,319,0
311,2024-04-17,2024,4,April,Wednesday,False,16,18,tarde,Servir,Debito,15300,0,2443,0
312,2024-04-17,2024,4,April,Wednesday,False,16,18,tarde,Llevar,Debito,3000,0,479,0
313,2024-04-17,2024,4,April,Wednesday,False,16,19,cierre,Llevar,Debito,6000,0,958,0
314,2024-04-17,2024,4,April,Wednesday,False,16,19,cierre,Llevar,Debito,5500,0,878,0
315,2024-04-17,2024,4,April,Wednesday,False,16,19,cierre,Llevar,Debito,19900,0,3177,0
316,2024-04-17,2024,4,April,Wednesday,False,16,19,cierre,Llevar,Credito,6200,0,990,0
317,2024-04-17,2024,4,April,Wednesday,False,16,19,cierre,Llevar,Debito,1000,0,160,0
318,2024-04-17,2024,4,April,Wednesday,False,16,19,cierre,Llevar,Debito,3600,0,575,0
319,2024-04-18,2024,4,April,Thursday,False,16,10,manana,Llevar,Debito,89270,0,0,0
320,2024-04-18,2024,4,April,Thursday,False,16,14,almuerzo,Servir,Debito,5700,0,910,0
321,2024-04-18,2024,4,April,Thursday,False,16,14,almuerzo,Servir,Debito,4500,0,718,0
322,2024-04-18,2024,4,April,Thursday,False,16,15,almuerzo,Servir,Debito,10600,0,0,0
323,2024-04-18,2024,4,April,Thursday,False,16,15,almuerzo,Llevar,Debito,6900,0,1102,0
324,2024-04-18,2024,4,April,Thursday,False,16,15,almuerzo,Llevar,Debito,2700,0,431,0
325,2024-04-18,2024,4,April,Thursday,False,16,15,almuerzo,Servir,Efectivo,5600,0,894,560
326,2024-04-18,2024,4,April,Thursday,False,16,16,tarde,Servir,Efectivo,2000,0,0,0
327,2024-04-18,2024,4,April,Thursday,False,16,16,tarde,Servir,Debito,8000,0,1277,0
328,2024-04-18,2024,4,April,Thursday,False,16,16,tarde,Llevar,Debito,5300,0,846,0
329,2024-04-18,2024,4,April,Thursday,False,16,16,tarde,Llevar,Debito,9900,0,1581,0
330,2024-04-18,2024,4,April,Thursday,False,16,16,tarde,Llevar,Debito,1848,0,295,0
331,2024-04-18,2024,4,April,Thursday,False,16,16,tarde,Llevar,Debito,2000,0,0,0
332,2024-04-18,2024,4,April,Thursday,False,16,16,tarde,Llevar,Credito,11100,0,1772,0
333,2024-04-18,2024,4,April,Thursday,False,16,16,tarde,Llevar,Debito,8800,0,1405,0
334,2024-04-18,2024,4,April,Thursday,False,16,16,tarde,Llevar,Debito,6700,0,1070,0
335,2024-04-18,2024,4,April,Thursday,False,16,17,tarde,Servir,Efectivo,9900,0,1581,0
336,2024-04-18,2024,4,April,Thursday,False,16,17,tarde,Llevar,Debito,7700,0,1229,0
337,2024-04-18,2024,4,April,Thursday,False,16,17,tarde,Llevar,Efectivo,1000,0,160,0
338,2024-04-18,2024,4,April,Thursday,False,16,17,tarde,Llevar,Debito,13000,0,2076,0
339,2024-04-18,2024,4,April,Thursday,False,16,17,tarde,Llevar,Efectivo,2000,0,319,0
340,2024-04-18,2024,4,April,Thursday,False,16,17,tarde,Servir,Debito,19000,0,3034,1900
341,2024-04-18,2024,4,April,Thursday,False,16,18,tarde,Llevar,Debito,6300,0,1006,0
342,2024-04-18,2024,4,April,Thursday,False,16,18,tarde,Llevar,Efectivo,10400,0,1661,0
343,2024-04-18,2024,4,April,Thursday,False,16,18,tarde,Llevar,Credito,2500,0,0,0
344,2024-04-18,2024,4,April,Thursday,False,16,18,tarde,Servir,Debito,6800,0,1086,0
345,2024-04-18,2024,4,April,Thursday,False,16,18,tarde,Servir,Debito,12200,0,1948,1220
346,2024-04-18,2024,4,April,Thursday,False,16,19,cierre,Llevar,Debito,6100,0,974,0
347,2024-04-18,2024,4,April,Thursday,False,16,19,cierre,Llevar,Debito,6200,0,990,0
348,2024-04-18,2024,4,April,Thursday,False,16,19,cierre,Servir,Debito,10900,0,1740,0
349,2024-04-18,2024,4,April,Thursday,False,16,19,cierre,Llevar,Efectivo,3100,0,495,0
350,2024-04-18,2024,4,April,Thursday,False,16,19,cierre,Servir,Debito,17100,0,2730,0
351,2024-04-18,2024,4,April,Thursday,False,16,19,cierre,Servir,Debito,13200,0,2108,0
352,2024-04-18,2024,4,April,Thursday,False,16,20,cierre,Llevar,Debito,6500,0,0,0
353,2024-04-18,2024,4,April,Thursday,False,16,20,cierre,Llevar,Debito,1500,0,0,0
354,2024-04-18,2024,4,April,Thursday,False,16,20,cierre,Servir,Debito,4200,0,671,0
355,2024-04-18,2024,4,April,Thursday,False,16,20,cierre,Llevar,Debito,1500,0,239,0
356,2024-04-18,2024,4,April,Thursday,False,16,20,cierre,Servir,Debito,10000,0,0,0
357,2024-04-19,2024,4,April,Friday,False,16,9,apertura,Servir,Debito,74580,0,0,0
358,2024-04-19,2024,4,April,Friday,False,16,13,almuerzo,Llevar,Debito,5400,0,862,0
359,2024-04-19,2024,4,April,Friday,False,16,14,almuerzo,Llevar,Debito,5000,0,798,0
360,2024-04-19,2024,4,April,Friday,False,16,15,almuerzo,Llevar,Debito,16000,0,2555,0
361,2024-04-19,2024,4,April,Friday,False,16,15,almuerzo,Llevar,Debito,6000,0,958,0
362,2024-04-19,2024,4,April,Friday,False,16,15,almuerzo,Llevar,Debito,3400,0,0,0
363,2024-04-19,2024,4,April,Friday,False,16,16,tarde,Llevar,Debito,2800,0,0,0
364,2024-04-19,2024,4,April,Friday,False,16,16,tarde,Llevar,Debito,2000,0,319,0
365,2024-04-19,2024,4,April,Friday,False,16,16,tarde,Llevar,Debito,11500,0,1836,0
366,2024-04-19,2024,4,April,Friday,False,16,16,tarde,Llevar,Credito,5434,0,868,0
367,2024-04-19,2024,4,April,Friday,False,16,16,tarde,Llevar,Debito,11000,0,1756,0
368,2024-04-19,2024,4,April,Friday,False,16,16,tarde,Llevar,Debito,3000,0,479,0
369,2024-04-19,2024,4,April,Friday,False,16,16,tarde,Llevar,Debito,12400,0,1980,0
370,2024-04-19,2024,4,April,Friday,False,16,16,tarde,Llevar,Efectivo,5300,0,846,0
371,2024-04-19,2024,4,April,Friday,False,16,16,tarde,Servir,Debito,18900,0,3018,0
372,2024-04-19,2024,4,April,Friday,False,16,16,tarde,Llevar,Debito,2900,0,463,0
373,2024-04-19,2024,4,April,Friday,False,16,17,tarde,Llevar,Debito,19600,0,3129,0
374,2024-04-19,2024,4,April,Friday,False,16,17,tarde,Llevar,Debito,12900,0,2060,0
375,2024-04-19,2024,4,April,Friday,False,16,17,tarde,Llevar,Debito,1600,0,255,0
376,2024-04-19,2024,4,April,Friday,False,16,17,tarde,Llevar,Credito,2000,0,319,0
377,2024-04-19,2024,4,April,Friday,False,16,17,tarde,Llevar,Credito,2000,0,319,0
378,2024-04-19,2024,4,April,Friday,False,16,17,tarde,Servir,Debito,13500,0,2155,0
379,2024-04-19,2024,4,April,Friday,False,16,18,tarde,Llevar,Debito,7800,0,1245,0
380,2024-04-19,2024,4,April,Friday,False,16,18,tarde,Llevar,Debito,10700,0,1708,0
381,2024-04-19,2024,4,April,Friday,False,16,18,tarde,Llevar,Efectivo,3000,0,479,0
382,2024-04-19,2024,4,April,Friday,False,16,18,tarde,Llevar,Debito,10105,0,1613,0
383,2024-04-19,2024,4,April,Friday,False,16,18,tarde,Llevar,Debito,2178,0,348,0
384,2024-04-19,2024,4,April,Friday,False,16,18,tarde,Llevar,Efectivo,2000,0,319,0
385,2024-04-19,2024,4,April,Friday,False,16,19,cierre,Llevar,Debito,10000,0,1597,0
386,2024-04-19,2024,4,April,Friday,False,16,19,cierre,Llevar,Efectivo,8400,0,1341,0
387,2024-04-19,2024,4,April,Friday,False,16,19,cierre,Servir,Debito,12500,0,1996,0
388,2024-04-19,2024,4,April,Friday,False,16,19,cierre,Llevar,Debito,4400,0,703,0
389,2024-04-19,2024,4,April,Friday,False,16,20,cierre,Llevar,Debito,1000,0,0,0
390,2024-04-20,2024,4,April,Saturday,True,16,0,apertura,Servir,Debito,4200,0,0,0
391,2024-04-20,2024,4,April,Saturday,True,16,0,apertura,Servir,Debito,39500,0,0,0
392,2024-04-20,2024,4,April,Saturday,True,16,13,almuerzo,Llevar,Debito,8000,0,1277,0
393,2024-04-20,2024,4,April,Saturday,True,16,14,almuerzo,Servir,Debito,22000,0,3513,0
394,2024-04-20,2024,4,April,Saturday,True,16,15,almuerzo,Llevar,Debito,5400,100,862,0
395,2024-04-20,2024,4,April,Saturday,True,16,15,almuerzo,Llevar,Efectivo,2700,0,431,0
396,2024-04-20,2024,4,April,Saturday,True,16,15,almuerzo,Llevar,Debito,3400,0,543,0
397,2024-04-20,2024,4,April,Saturday,True,16,15,almuerzo,Llevar,Debito,14930,0,2384,0
398,2024-04-20,2024,4,April,Saturday,True,16,15,almuerzo,Llevar,Credito,5800,0,926,0
399,2024-04-20,2024,4,April,Saturday,True,16,16,tarde,Llevar,Debito,6600,0,0,0
400,2024-04-20,2024,4,April,Saturday,True,16,16,tarde,Llevar,Efectivo,3300,0,527,0
401,2024-04-20,2024,4,April,Saturday,True,16,16,tarde,Llevar,Debito,3300,0,527,0
402,2024-04-20,2024,4,April,Saturday,True,16,16,tarde,Llevar,Debito,5500,0,878,0
403,2024-04-20,2024,4,April,Saturday,True,16,16,tarde,Servir,Debito,13300,0,2124,0
404,2024-04-20,2024,4,April,Saturday,True,16,16,tarde,Servir,Debito,15900,0,2539,0
405,2024-04-20,2024,4,April,Saturday,True,16,16,tarde,Llevar,Debito,9500,0,0,0
406,2024-04-20,2024,4,April,Saturday,True,16,17,tarde,Servir,Debito,15000,0,2395,0
407,2024-04-20,2024,4,April,Saturday,True,16,17,tarde,Servir,Debito,11800,0,1884,0
408,2024-04-20,2024,4,April,Saturday,True,16,17,tarde,Llevar,Efectivo,2700,0,431,0
409,2024-04-20,2024,4,April,Saturday,True,16,17,tarde,Llevar,Debito,9400,0,1501,0
410,2024-04-20,2024,4,April,Saturday,True,16,17,tarde,Servir,Debito,20301,0,3241,0
411,2024-04-20,2024,4,April,Saturday,True,16,17,tarde,Llevar,Debito,7000,0,1118,0
412,2024-04-20,2024,4,April,Saturday,True,16,18,tarde,Llevar,Debito,9400,0,1501,0
413,2024-04-20,2024,4,April,Saturday,True,16,18,tarde,Llevar,Debito,3000,0,479,0
414,2024-04-20,2024,4,April,Saturday,True,16,18,tarde,Llevar,Credito,5000,0,798,0
415,2024-04-20,2024,4,April,Saturday,True,16,18,tarde,Llevar,Efectivo,6000,0,958,0
416,2024-04-20,2024,4,April,Saturday,True,16,18,tarde,Servir,Debito,11000,0,1756,0
417,2024-04-20,2024,4,April,Saturday,True,16,18,tarde,Servir,Sodexo,20800,0,3321,2080
418,2024-04-20,2024,4,April,Saturday,True,16,19,cierre,Servir,Debito,1400,0,224,0
419,2024-04-20,2024,4,April,Saturday,True,16,19,cierre,Servir,Debito,13000,0,2076,0
420,2024-04-20,2024,4,April,Saturday,True,16,19,cierre,Llevar,Debito,13300,0,2124,0
421,2024-04-20,2024,4,April,Saturday,True,16,19,cierre,Llevar,Debito,5600,0,894,0
422,2024-04-20,2024,4,April,Saturday,True,16,20,cierre,Llevar,Credito,6300,0,1006,0
423,2024-04-22,2024,4,April,Monday,False,17,16,tarde,Llevar,Efectivo,1500,0,239,0
424,2024-04-22,2024,4,April,Monday,False,17,16,tarde,Llevar,Debito,9400,0,1501,0
425,2024-04-22,2024,4,April,Monday,False,17,16,tarde,Llevar,Debito,3300,0,527,0
426,2024-04-22,2024,4,April,Monday,False,17,17,tarde,Servir,Debito,13300,0,2124,0
427,2024-04-22,2024,4,April,Monday,False,17,17,tarde,Servir,Debito,14000,0,2235,0
428,2024-04-22,2024,4,April,Monday,False,17,17,tarde,Llevar,Debito,3100,0,495,0
429,2024-04-22,2024,4,April,Monday,False,17,17,tarde,Llevar,Credito,5800,0,926,0
430,2024-04-22,2024,4,April,Monday,False,17,18,tarde,Llevar,Debito,11100,0,1772,0
431,2024-04-22,2024,4,April,Monday,False,17,18,tarde,Llevar,Debito,1000,0,160,0
432,2024-04-22,2024,4,April,Monday,False,17,18,tarde,Llevar,Debito,6000,100,958,0
433,2024-04-22,2024,4,April,Monday,False,17,18,tarde,Llevar,Efectivo,10000,0,1597,0
434,2024-04-22,2024,4,April,Monday,False,17,18,tarde,Llevar,Debito,3000,0,479,0
435,2024-04-22,2024,4,April,Monday,False,17,18,tarde,Llevar,Efectivo,1500,0,239,0
436,2024-04-22,2024,4,April,Monday,False,17,19,cierre,Llevar,Debito,4000,0,639,0
437,2024-04-22,2024,4,April,Monday,False,17,19,cierre,Llevar,Efectivo,3000,0,479,0
438,2024-04-22,2024,4,April,Monday,False,17,19,cierre,Llevar,Debito,11600,0,1852,0
439,2024-04-22,2024,4,April,Monday,False,17,19,cierre,Llevar,Efectivo,2700,0,0,0
440,2024-04-22,2024,4,April,Monday,False,17,19,cierre,Llevar,Debito,2000,0,319,0
441,2024-04-22,2024,4,April,Monday,False,17,19,cierre,Llevar,Debito,1000,0,160,0
442,2024-04-22,2024,4,April,Monday,False,17,19,cierre,Llevar,Debito,6300,0,0,0
443,2024-04-22,2024,4,April,Monday,False,17,19,cierre,Llevar,Debito,5800,0,926,0
444,2024-04-22,2024,4,April,Monday,False,17,20,cierre,Llevar,Debito,4000,0,639,0
445,2024-04-22,2024,4,April,Monday,False,17,20,cierre,Llevar,Debito,3700,0,591,0
446,2024-04-22,2024,4,April,Monday,False,17,20,cierre,Llevar,Debito,4300,0,687,0
447,2024-04-23,2024,4,April,Tuesday,False,17,13,almuerzo,Llevar,Efectivo,1000,0,160,0
448,2024-04-23,2024,4,April,Tuesday,False,17,14,almuerzo,Servir,Debito,13000,0,2076,0
449,2024-04-23,2024,4,April,Tuesday,False,17,15,almuerzo,Servir,Debito,9000,0,1437,0
450,2024-04-23,2024,4,April,Tuesday,False,17,15,almuerzo,Llevar,Debito,3000,0,479,0
451,2024-04-23,2024,4,April,Tuesday,False,17,15,almuerzo,Llevar,Transferencia,81880,0,0,0
452,2024-04-23,2024,4,April,Tuesday,False,17,15,almuerzo,Servir,Debito,9000,0,1437,0
453,2024-04-23,2024,4,April,Tuesday,False,17,16,tarde,Llevar,Debito,4600,0,0,0
454,2024-04-23,2024,4,April,Tuesday,False,17,16,tarde,Llevar,Debito,5000,0,798,0
455,2024-04-23,2024,4,April,Tuesday,False,17,16,tarde,Llevar,Debito,3300,0,527,0
456,2024-04-23,2024,4,April,Tuesday,False,17,16,tarde,Llevar,Debito,13965,0,2230,0
457,2024-04-23,2024,4,April,Tuesday,False,17,16,tarde,Servir,Debito,11900,0,1900,1190
458,2024-04-23,2024,4,April,Tuesday,False,17,17,tarde,Llevar,Efectivo,3100,0,495,0
459,2024-04-23,2024,4,April,Tuesday,False,17,17,tarde,Llevar,Efectivo,2900,0,463,0
460,2024-04-23,2024,4,April,Tuesday,False,17,17,tarde,Llevar,Debito,9600,0,1533,0
461,2024-04-23,2024,4,April,Tuesday,False,17,17,tarde,Llevar,Efectivo,4800,0,766,0
462,2024-04-23,2024,4,April,Tuesday,False,17,17,tarde,Llevar,Debito,8400,0,1341,0
463,2024-04-23,2024,4,April,Tuesday,False,17,18,tarde,Servir,Efectivo,27200,0,4343,2720
464,2024-04-23,2024,4,April,Tuesday,False,17,18,tarde,Llevar,Debito,1400,0,0,0
465,2024-04-23,2024,4,April,Tuesday,False,17,18,tarde,Llevar,Debito,3000,0,479,0
466,2024-04-23,2024,4,April,Tuesday,False,17,18,tarde,Llevar,Debito,4270,0,682,0
467,2024-04-23,2024,4,April,Tuesday,False,17,18,tarde,Llevar,Credito,3600,0,0,0
468,2024-04-23,2024,4,April,Tuesday,False,17,18,tarde,Llevar,Debito,2000,0,319,0
469,2024-04-23,2024,4,April,Tuesday,False,17,18,tarde,Llevar,Debito,4100,0,655,0
470,2024-04-23,2024,4,April,Tuesday,False,17,18,tarde,Llevar,Debito,9000,0,1437,0
471,2024-04-23,2024,4,April,Tuesday,False,17,18,tarde,Llevar,Efectivo,1800,0,287,0
472,2024-04-23,2024,4,April,Tuesday,False,17,19,cierre,Llevar,Efectivo,4000,0,639,0
473,2024-04-23,2024,4,April,Tuesday,False,17,19,cierre,Llevar,Efectivo,1000,0,160,0
474,2024-04-23,2024,4,April,Tuesday,False,17,19,cierre,Llevar,Debito,2800,200,447,0
475,2024-04-23,2024,4,April,Tuesday,False,17,19,cierre,Servir,Debito,22900,0,3656,0
476,2024-04-23,2024,4,April,Tuesday,False,17,20,cierre,Llevar,Credito,2800,0,447,0
477,2024-04-24,2024,4,April,Wednesday,False,17,15,almuerzo,Llevar,Debito,6300,0,1006,0
478,2024-04-24,2024,4,April,Wednesday,False,17,15,almuerzo,Servir,Debito,26100,0,4167,2610
479,2024-04-24,2024,4,April,Wednesday,False,17,16,tarde,Llevar,Efectivo,2000,0,319,0
480,2024-04-24,2024,4,April,Wednesday,False,17,16,tarde,Llevar,Debito,5200,0,830,0
481,2024-04-24,2024,4,April,Wednesday,False,17,17,tarde,Llevar,Efectivo,1500,0,239,0
482,2024-04-24,2024,4,April,Wednesday,False,17,17,tarde,Llevar,Debito,2000,0,319,0
483,2024-04-24,2024,4,April,Wednesday,False,17,17,tarde,Llevar,Credito,1600,0,255,0
484,2024-04-24,2024,4,April,Wednesday,False,17,17,tarde,Llevar,Debito,6100,0,974,0
485,2024-04-24,2024,4,April,Wednesday,False,17,17,tarde,Servir,Debito,10500,0,1676,0
486,2024-04-24,2024,4,April,Wednesday,False,17,18,tarde,Llevar,Debito,13100,0,2092,0
487,2024-04-24,2024,4,April,Wednesday,False,17,18,tarde,Llevar,Debito,6600,0,1054,0
488,2024-04-24,2024,4,April,Wednesday,False,17,18,tarde,Servir,Efectivo,6200,0,990,0
489,2024-04-24,2024,4,April,Wednesday,False,17,18,tarde,Servir,Debito,11700,0,1868,0
490,2024-04-24,2024,4,April,Wednesday,False,17,18,tarde,Llevar,Debito,6100,0,974,0
491,2024-04-24,2024,4,April,Wednesday,False,17,18,tarde,Llevar,Debito,2800,0,447,0
492,2024-04-24,2024,4,April,Wednesday,False,17,18,tarde,Llevar,Efectivo,1400,0,224,0
493,2024-04-24,2024,4,April,Wednesday,False,17,18,tarde,Llevar,Debito,15300,0,2443,0
494,2024-04-24,2024,4,April,Wednesday,False,17,18,tarde,Llevar,Debito,2700,300,431,0
495,2024-04-24,2024,4,April,Wednesday,False,17,19,cierre,Llevar,Debito,9200,0,1469,0
496,2024-04-24,2024,4,April,Wednesday,False,17,19,cierre,Llevar,Credito,7700,0,1229,0
497,2024-04-25,2024,4,April,Thursday,False,17,15,almuerzo,Llevar,Debito,4000,0,639,0
498,2024-04-25,2024,4,April,Thursday,False,17,15,almuerzo,Llevar,Efectivo,2000,0,319,0
499,2024-04-25,2024,4,April,Thursday,False,17,15,almuerzo,Llevar,Debito,1000,0,160,0
500,2024-04-25,2024,4,April,Thursday,False,17,15,almuerzo,Llevar,Debito,2726,0,435,0
501,2024-04-25,2024,4,April,Thursday,False,17,16,tarde,Llevar,Debito,9900,0,1581,0
502,2024-04-25,2024,4,April,Thursday,False,17,17,tarde,Llevar,Efectivo,2000,0,319,0
503,2024-04-25,2024,4,April,Thursday,False,17,17,tarde,Servir,Debito,19100,0,3050,1910
504,2024-04-25,2024,4,April,Thursday,False,17,17,tarde,Llevar,Efectivo,2700,0,431,0
505,2024-04-25,2024,4,April,Thursday,False,17,17,tarde,Llevar,Debito,2000,0,319,0
506,2024-04-25,2024,4,April,Thursday,False,17,17,tarde,Servir,Credito,21400,0,3417,2140
507,2024-04-25,2024,4,April,Thursday,False,17,18,tarde,Llevar,Efectivo,1500,0,239,0
508,2024-04-25,2024,4,April,Thursday,False,17,18,tarde,Servir,Debito,6800,0,1086,680
509,2024-04-25,2024,4,April,Thursday,False,17,18,tarde,Llevar,Credito,4278,0,683,0
510,2024-04-25,2024,4,April,Thursday,False,17,18,tarde,Llevar,Debito,7021,0,1121,0
511,2024-04-25,2024,4,April,Thursday,False,17,18,tarde,Llevar,Credito,4800,0,766,0
512,2024-04-25,2024,4,April,Thursday,False,17,18,tarde,Llevar,Credito,2800,0,447,0
513,2024-04-25,2024,4,April,Thursday,False,17,18,tarde,Llevar,Efectivo,3000,0,479,0
514,2024-04-25,2024,4,April,Thursday,False,17,18,tarde,Servir,Debito,9700,0,1549,0
515,2024-04-25,2024,4,April,Thursday,False,17,19,cierre,Llevar,Debito,14000,0,2235,0
516,2024-04-25,2024,4,April,Thursday,False,17,19,cierre,Llevar,Debito,5400,0,862,0
517,2024-04-25,2024,4,April,Thursday,False,17,19,cierre,Llevar,Debito,1460,0,233,0
518,2024-04-25,2024,4,April,Thursday,False,17,19,cierre,Servir,Debito,18900,0,3018,1890
519,2024-04-25,2024,4,April,Thursday,False,17,19,cierre,Llevar,Debito,2500,0,399,0
520,2024-04-25,2024,4,April,Thursday,False,17,19,cierre,Llevar,Debito,3100,0,495,0
521,2024-04-25,2024,4,April,Thursday,False,17,19,cierre,Llevar,Efectivo,2200,0,351,0
522,2024-04-25,2024,4,April,Thursday,False,17,19,cierre,Llevar,Credito,1487,0,237,0
523,2024-04-25,2024,4,April,Thursday,False,17,19,cierre,Llevar,Debito,6200,0,990,0
524,2024-04-25,2024,4,April,Thursday,False,17,19,cierre,Llevar,Credito,2800,0,447,0
525,2024-04-25,2024,4,April,Thursday,False,17,20,cierre,Llevar,Debito,3000,0,479,0
526,2024-04-26,2024,4,April,Friday,False,17,10,manana,Delivery,Efectivo,12400,0,0,0
527,2024-04-26,2024,4,April,Friday,False,17,11,manana,Llevar,Debito,4500,0,718,0
528,2024-04-26,2024,4,April,Friday,False,17,14,almuerzo,Llevar,Debito,5500,0,878,0
529,2024-04-26,2024,4,April,Friday,False,17,14,almuerzo,Servir,Debito,12000,0,0,0
530,2024-04-26,2024,4,April,Friday,False,17,15,almuerzo,Llevar,Debito,4800,0,766,0
531,2024-04-26,2024,4,April,Friday,False,17,15,almuerzo,Llevar,Debito,4535,0,724,0
532,2024-04-26,2024,4,April,Friday,False,17,15,almuerzo,Servir,Debito,9800,0,1565,0
533,2024-04-26,2024,4,April,Friday,False,17,16,tarde,Llevar,Debito,7400,0,1182,0
534,2024-04-26,2024,4,April,Friday,False,17,16,tarde,Servir,Debito,22500,0,3592,0
535,2024-04-26,2024,4,April,Friday,False,17,16,tarde,Llevar,Debito,8000,0,1277,0
536,2024-04-26,2024,4,April,Friday,False,17,16,tarde,Llevar,Efectivo,1000,0,160,0
537,2024-04-26,2024,4,April,Friday,False,17,16,tarde,Llevar,Debito,6000,0,958,0
538,2024-04-26,2024,4,April,Friday,False,17,16,tarde,Llevar,Debito,5500,0,878,0
539,2024-04-26,2024,4,April,Friday,False,17,17,tarde,Llevar,Credito,6700,0,0,0
540,2024-04-26,2024,4,April,Friday,False,17,17,tarde,Servir,Efectivo,10300,0,1645,700
541,2024-04-26,2024,4,April,Friday,False,17,17,tarde,Llevar,Debito,8000,0,0,0
542,2024-04-26,2024,4,April,Friday,False,17,17,tarde,Llevar,Debito,2900,0,463,0
543,2024-04-26,2024,4,April,Friday,False,17,17,tarde,Llevar,Debito,10400,0,1661,0
544,2024-04-26,2024,4,April,Friday,False,17,17,tarde,Llevar,Efectivo,2000,0,319,0
545,2024-04-26,2024,4,April,Friday,False,17,17,tarde,Servir,Efectivo,9400,0,1501,0
548,2024-04-26,2024,4,April,Friday,False,17,18,tarde,Servir,Debito,34200,0,5461,0
549,2024-04-26,2024,4,April,Friday,False,17,18,tarde,Servir,Transferencia,14800,0,2363,0
550,2024-04-26,2024,4,April,Friday,False,17,18,tarde,Llevar,Debito,5800,0,926,0
551,2024-04-26,2024,4,April,Friday,False,17,18,tarde,Llevar,Debito,7000,0,0,0
552,2024-04-26,2024,4,April,Friday,False,17,18,tarde,Llevar,Debito,9400,0,1501,0
553,2024-04-26,2024,4,April,Friday,False,17,18,tarde,Llevar,Debito,4700,0,750,0
554,2024-04-26,2024,4,April,Friday,False,17,18,tarde,Llevar,Debito,4500,0,718,0
555,2024-04-26,2024,4,April,Friday,False,17,18,tarde,Llevar,Debito,11000,0,1756,0
556,2024-04-26,2024,4,April,Friday,False,17,19,cierre,Servir,Debito,38500,0,6147,0
557,2024-04-26,2024,4,April,Friday,False,17,19,cierre,Servir,Debito,7800,0,1245,0
558,2024-04-26,2024,4,April,Friday,False,17,19,cierre,Servir,Debito,12100,0,1932,0
559,2024-04-26,2024,4,April,Friday,False,17,19,cierre,Llevar,Debito,3500,0,559,0
560,2024-04-26,2024,4,April,Friday,False,17,20,cierre,Llevar,Debito,5500,0,878,0
561,2024-04-26,2024,4,April,Friday,False,17,23,cierre,Servir,Debito,7100,0,0,0
563,2024-04-27,2024,4,April,Saturday,True,17,13,almuerzo,Delivery,Transferencia,30820,0,0,0
564,2024-04-27,2024,4,April,Saturday,True,17,13,almuerzo,Delivery,Transferencia,30820,0,0,0
565,2024-04-27,2024,4,April,Saturday,True,17,13,almuerzo,Delivery,Transferencia,53400,0,0,0
566,2024-04-27,2024,4,April,Saturday,True,17,14,almuerzo,Llevar,Efectivo,12200,0,0,0
567,2024-04-27,2024,4,April,Saturday,True,17,14,almuerzo,Servir,Efectivo,9800,0,1565,0
568,2024-04-27,2024,4,April,Saturday,True,17,14,almuerzo,Llevar,Debito,5600,0,0,0
569,2024-04-27,2024,4,April,Saturday,True,17,16,tarde,Servir,Credito,11100,0,0,0
570,2024-04-27,2024,4,April,Saturday,True,17,16,tarde,Llevar,Efectivo,5400,0,862,0
571,2024-04-27,2024,4,April,Saturday,True,17,16,tarde,Llevar,Efectivo,2500,0,399,0
572,2024-04-27,2024,4,April,Saturday,True,17,17,tarde,Servir,Debito,12800,0,2044,0
573,2024-04-27,2024,4,April,Saturday,True,17,17,tarde,Llevar,Efectivo,5700,0,910,0
574,2024-04-27,2024,4,April,Saturday,True,17,17,tarde,Llevar,Debito,6400,0,1022,0
575,2024-04-27,2024,4,April,Saturday,True,17,18,tarde,Llevar,Debito,10500,0,1676,0
576,2024-04-27,2024,4,April,Saturday,True,17,18,tarde,Llevar,Debito,6039,0,964,0
577,2024-04-27,2024,4,April,Saturday,True,17,18,tarde,Servir,Debito,13500,0,2155,675
578,2024-04-27,2024,4,April,Saturday,True,17,18,tarde,Llevar,Debito,5800,0,926,0
579,2024-04-27,2024,4,April,Saturday,True,17,18,tarde,Servir,Debito,17100,0,2730,1710
580,2024-04-27,2024,4,April,Saturday,True,17,18,tarde,Llevar,Debito,15056,0,2404,0
581,2024-04-27,2024,4,April,Saturday,True,17,18,tarde,Llevar,Debito,8400,0,1341,0
582,2024-04-27,2024,4,April,Saturday,True,17,18,tarde,Llevar,Debito,9300,0,1485,0
583,2024-04-27,2024,4,April,Saturday,True,17,18,tarde,Llevar,Debito,8400,0,1341,0
584,2024-04-27,2024,4,April,Saturday,True,17,18,tarde,Servir,Efectivo,9800,0,1565,0
585,2024-04-27,2024,4,April,Saturday,True,17,18,tarde,Servir,Efectivo,6400,0,1022,0
586,2024-04-27,2024,4,April,Saturday,True,17,18,tarde,Llevar,Debito,12800,0,2044,0
587,2024-04-27,2024,4,April,Saturday,True,17,18,tarde,Servir,Efectivo,18600,0,2970,0
588,2024-04-27,2024,4,April,Saturday,True,17,19,cierre,Llevar,Credito,1500,0,239,0
589,2024-04-27,2024,4,April,Saturday,True,17,20,cierre,Llevar,Efectivo,16500,0,2634,0
590,2024-04-27,2024,4,April,Saturday,True,17,20,cierre,Llevar,Debito,4000,1000,639,0
591,2024-04-29,2024,4,April,Monday,False,18,16,tarde,Servir,Efectivo,10000,0,1597,0
592,2024-04-29,2024,4,April,Monday,False,18,16,tarde,Llevar,Debito,5600,0,894,0
593,2024-04-29,2024,4,April,Monday,False,18,16,tarde,Llevar,Debito,2000,0,319,0
594,2024-04-29,2024,4,April,Monday,False,18,16,tarde,Llevar,Debito,1300,0,0,0
595,2024-04-29,2024,4,April,Monday,False,18,16,tarde,Llevar,Debito,5300,0,846,0
596,2024-04-29,2024,4,April,Monday,False,18,17,tarde,Llevar,Debito,2800,0,447,0
597,2024-04-29,2024,4,April,Monday,False,18,18,tarde,Llevar,Debito,7200,0,1150,0
598,2024-04-29,2024,4,April,Monday,False,18,18,tarde,Llevar,Debito,4103,0,655,0
599,2024-04-29,2024,4,April,Monday,False,18,18,tarde,Llevar,Debito,6000,0,958,0
600,2024-04-29,2024,4,April,Monday,False,18,18,tarde,Llevar,Debito,4496,0,718,0
601,2024-04-29,2024,4,April,Monday,False,18,18,tarde,Servir,Debito,25100,0,4008,0
602,2024-04-29,2024,4,April,Monday,False,18,19,cierre,Llevar,Debito,5500,0,878,0
603,2024-04-29,2024,4,April,Monday,False,18,19,cierre,Llevar,Debito,8200,0,0,0
604,2024-04-29,2024,4,April,Monday,False,18,19,cierre,Servir,Debito,12200,0,1948,0
605,2024-04-29,2024,4,April,Monday,False,18,20,cierre,Llevar,Debito,4000,0,639,0
606,2024-04-29,2024,4,April,Monday,False,18,20,cierre,Servir,Credito,10600,0,1692,0
607,2024-04-29,2024,4,April,Monday,False,18,20,cierre,Llevar,Debito,1500,0,239,0
608,2024-04-29,2024,4,April,Monday,False,18,20,cierre,Servir,Debito,1500,0,239,0
609,2024-04-30,2024,4,April,Tuesday,False,18,15,almuerzo,Llevar,Credito,3000,0,479,0
610,2024-04-30,2024,4,April,Tuesday,False,18,15,almuerzo,Llevar,Debito,4300,0,687,0
611,2024-04-30,2024,4,April,Tuesday,False,18,16,tarde,Llevar,Debito,3500,0,559,0
612,2024-04-30,2024,4,April,Tuesday,False,18,16,tarde,Llevar,Debito,1500,0,239,0
613,2024-04-30,2024,4,April,Tuesday,False,18,16,tarde,Servir,Debito,6500,0,1038,0
614,2024-04-30,2024,4,April,Tuesday,False,18,17,tarde,Llevar,Efectivo,8800,0,1405,0
615,2024-04-30,2024,4,April,Tuesday,False,18,17,tarde,Llevar,Efectivo,66740,0,0,0
616,2024-04-30,2024,4,April,Tuesday,False,18,17,tarde,Servir,Debito,9200,0,1469,0
617,2024-04-30,2024,4,April,Tuesday,False,18,17,tarde,Llevar,Debito,2800,0,447,0
618,2024-04-30,2024,4,April,Tuesday,False,18,17,tarde,Llevar,Debito,9500,0,1517,0
619,2024-04-30,2024,4,April,Tuesday,False,18,17,tarde,Llevar,Debito,1000,0,160,0
620,2024-04-30,2024,4,April,Tuesday,False,18,17,tarde,Servir,Debito,13000,0,2076,0
621,2024-04-30,2024,4,April,Tuesday,False,18,18,tarde,Llevar,Efectivo,4000,0,639,0
622,2024-04-30,2024,4,April,Tuesday,False,18,18,tarde,Llevar,Debito,8200,0,1309,0
623,2024-04-30,2024,4,April,Tuesday,False,18,18,tarde,Llevar,Credito,6200,0,990,0
624,2024-04-30,2024,4,April,Tuesday,False,18,18,tarde,Servir,Debito,18000,0,2874,0
625,2024-04-30,2024,4,April,Tuesday,False,18,18,tarde,Servir,Debito,15800,0,2523,0
626,2024-04-30,2024,4,April,Tuesday,False,18,18,tarde,Llevar,Debito,7100,0,1134,0
627,2024-04-30,2024,4,April,Tuesday,False,18,18,tarde,Servir,Efectivo,8500,0,1357,0
628,2024-04-30,2024,4,April,Tuesday,False,18,18,tarde,Llevar,Credito,2500,0,399,0
629,2024-04-30,2024,4,April,Tuesday,False,18,18,tarde,Servir,Debito,10700,0,1708,0
630,2024-04-30,2024,4,April,Tuesday,False,18,19,cierre,Llevar,Efectivo,8300,0,1325,0
631,2024-04-30,2024,4,April,Tuesday,False,18,19,cierre,Servir,Credito,6000,0,958,0
632,2024-04-30,2024,4,April,Tuesday,False,18,19,cierre,Llevar,Debito,6600,0,1054,0
633,2024-04-30,2024,4,April,Tuesday,False,18,19,cierre,Llevar,Efectivo,1100,0,176,0
634,2024-04-30,2024,4,April,Tuesday,False,18,19,cierre,Llevar,Debito,1000,0,160,0
635,2024-04-30,2024,4,April,Tuesday,False,18,19,cierre,Llevar,Debito,2500,0,399,0
636,2024-04-30,2024,4,April,Tuesday,False,18,19,cierre,Servir,Efectivo,2000,0,319,0
637,2024-04-30,2024,4,April,Tuesday,False,18,19,cierre,Llevar,Debito,3900,0,623,0
638,2024-04-30,2024,4,April,Tuesday,False,18,20,cierre,Llevar,Efectivo,30820,0,0,0
639,2024-04-30,2024,4,April,Tuesday,False,18,20,cierre,Servir,Efectivo,53400,0,0,0
641,2024-05-02,2024,5,May,Thursday,False,18,15,almuerzo,Llevar,Debito,5800,0,926,0
642,2024-05-02,2024,5,May,Thursday,False,18,16,tarde,Servir,Efectivo,5300,0,846,0
643,2024-05-02,2024,5,May,Thursday,False,18,16,tarde,Llevar,Debito,3000,0,479,0
644,2024-05-02,2024,5,May,Thursday,False,18,17,tarde,Llevar,Debito,5600,0,894,0
645,2024-05-02,2024,5,May,Thursday,False,18,17,tarde,Llevar,Efectivo,1980,0,316,0
646,2024-05-02,2024,5,May,Thursday,False,18,17,tarde,Servir,Credito,15500,0,2475,0
647,2024-05-02,2024,5,May,Thursday,False,18,17,tarde,Llevar,Efectivo,380,0,61,0
648,2024-05-02,2024,5,May,Thursday,False,18,17,tarde,Llevar,Debito,2000,0,319,0
649,2024-05-02,2024,5,May,Thursday,False,18,17,tarde,Servir,Debito,20000,0,3193,2000
650,2024-05-02,2024,5,May,Thursday,False,18,17,tarde,Llevar,Debito,4000,0,639,0
651,2024-05-02,2024,5,May,Thursday,False,18,17,tarde,Servir,Debito,16200,0,2587,0
652,2024-05-02,2024,5,May,Thursday,False,18,18,tarde,Servir,Efectivo,11000,0,1756,0
653,2024-05-02,2024,5,May,Thursday,False,18,18,tarde,Llevar,Transferencia,6200,0,990,0
654,2024-05-02,2024,5,May,Thursday,False,18,18,tarde,Llevar,Efectivo,10800,0,1724,0
655,2024-05-02,2024,5,May,Thursday,False,18,18,tarde,Llevar,Debito,7500,0,1197,0
656,2024-05-02,2024,5,May,Thursday,False,18,18,tarde,Llevar,Debito,1500,0,239,0
657,2024-05-02,2024,5,May,Thursday,False,18,18,tarde,Llevar,Efectivo,5500,0,878,0
658,2024-05-02,2024,5,May,Thursday,False,18,18,tarde,Llevar,Credito,2800,0,447,0
659,2024-05-02,2024,5,May,Thursday,False,18,18,tarde,Llevar,Credito,2281,0,364,0
660,2024-05-02,2024,5,May,Thursday,False,18,18,tarde,Servir,Debito,5700,0,910,0
661,2024-05-02,2024,5,May,Thursday,False,18,18,tarde,Servir,Credito,4900,0,782,0
662,2024-05-02,2024,5,May,Thursday,False,18,18,tarde,Llevar,Efectivo,5000,0,798,0
663,2024-05-02,2024,5,May,Thursday,False,18,18,tarde,Servir,Debito,24400,0,3896,0
664,2024-05-02,2024,5,May,Thursday,False,18,18,tarde,Llevar,Credito,8900,0,1421,0
665,2024-05-02,2024,5,May,Thursday,False,18,18,tarde,Llevar,Debito,3459,0,552,0
666,2024-05-02,2024,5,May,Thursday,False,18,18,tarde,Llevar,Efectivo,3500,0,559,0
667,2024-05-02,2024,5,May,Thursday,False,18,18,tarde,Llevar,Efectivo,2000,0,319,0
668,2024-05-02,2024,5,May,Thursday,False,18,19,cierre,Llevar,Debito,1925,0,307,0
669,2024-05-02,2024,5,May,Thursday,False,18,19,cierre,Llevar,Efectivo,2000,0,319,0
670,2024-05-02,2024,5,May,Thursday,False,18,19,cierre,Llevar,Debito,6000,0,958,0
671,2024-05-02,2024,5,May,Thursday,False,18,19,cierre,Llevar,Debito,1400,0,224,0
672,2024-05-02,2024,5,May,Thursday,False,18,19,cierre,Servir,Debito,11000,0,1756,0
673,2024-05-02,2024,5,May,Thursday,False,18,19,cierre,Llevar,Debito,2000,0,319,0
674,2024-05-03,2024,5,May,Friday,False,18,10,manana,Servir,Debito,5500,0,0,0
675,2024-05-03,2024,5,May,Friday,False,18,10,manana,Servir,Credito,35100,0,0,0
676,2024-05-03,2024,5,May,Friday,False,18,10,manana,Servir,Debito,293850,150,0,0
677,2024-05-03,2024,5,May,Friday,False,18,13,almuerzo,Llevar,Debito,3300,0,527,0
678,2024-05-03,2024,5,May,Friday,False,18,14,almuerzo,Servir,Debito,12600,0,2012,0
679,2024-05-03,2024,5,May,Friday,False,18,14,almuerzo,Servir,Debito,9098,0,1453,0
680,2024-05-03,2024,5,May,Friday,False,18,15,almuerzo,Llevar,Debito,6300,0,1006,0
681,2024-05-03,2024,5,May,Friday,False,18,15,almuerzo,Llevar,Debito,2000,0,0,0
682,2024-05-03,2024,5,May,Friday,False,18,15,almuerzo,Llevar,Debito,5500,0,878,0
683,2024-05-03,2024,5,May,Friday,False,18,16,tarde,Servir,Debito,7100,0,1134,710
684,2024-05-03,2024,5,May,Friday,False,18,16,tarde,Servir,Debito,19100,0,3050,0
685,2024-05-03,2024,5,May,Friday,False,18,16,tarde,Servir,Debito,9800,0,1565,0
686,2024-05-03,2024,5,May,Friday,False,18,16,tarde,Llevar,Debito,7000,0,1118,0
687,2024-05-03,2024,5,May,Friday,False,18,16,tarde,Llevar,Debito,7200,0,1150,0
688,2024-05-03,2024,5,May,Friday,False,18,17,tarde,Llevar,Efectivo,1150,0,184,0
689,2024-05-03,2024,5,May,Friday,False,18,17,tarde,Llevar,Transferencia,3500,0,559,0
690,2024-05-03,2024,5,May,Friday,False,18,17,tarde,Servir,Efectivo,3000,0,0,0
691,2024-05-03,2024,5,May,Friday,False,18,17,tarde,Servir,Debito,14000,0,2235,0
692,2024-05-03,2024,5,May,Friday,False,18,17,tarde,Llevar,Debito,9900,0,1581,0
693,2024-05-03,2024,5,May,Friday,False,18,17,tarde,Llevar,Debito,17300,0,2762,0
694,2024-05-03,2024,5,May,Friday,False,18,17,tarde,Servir,Debito,6078,0,970,0
695,2024-05-03,2024,5,May,Friday,False,18,17,tarde,Llevar,Efectivo,8630,0,1377,0
696,2024-05-03,2024,5,May,Friday,False,18,17,tarde,Llevar,Debito,3600,0,575,0
697,2024-05-03,2024,5,May,Friday,False,18,18,tarde,Llevar,Debito,5500,0,878,0
698,2024-05-03,2024,5,May,Friday,False,18,18,tarde,Servir,Debito,4000,0,0,0
699,2024-05-03,2024,5,May,Friday,False,18,18,tarde,Llevar,Efectivo,4860,0,776,0
700,2024-05-03,2024,5,May,Friday,False,18,18,tarde,Servir,Debito,15700,0,2507,0
701,2024-05-03,2024,5,May,Friday,False,18,18,tarde,Llevar,Debito,5800,0,926,0
702,2024-05-03,2024,5,May,Friday,False,18,19,cierre,Llevar,Debito,13958,0,2229,0
703,2024-05-04,2024,5,May,Saturday,True,18,13,almuerzo,Servir,Debito,1900,0,0,0
705,2024-05-04,2024,5,May,Saturday,True,18,14,almuerzo,Servir,Debito,5300,0,846,0
706,2024-05-04,2024,5,May,Saturday,True,18,15,almuerzo,Llevar,Efectivo,4800,0,766,0
707,2024-05-04,2024,5,May,Saturday,True,18,15,almuerzo,Llevar,Debito,2000,0,319,0
708,2024-05-04,2024,5,May,Saturday,True,18,15,almuerzo,Servir,Efectivo,15300,0,2443,0
709,2024-05-04,2024,5,May,Saturday,True,18,16,tarde,Servir,Debito,19800,0,3161,0
710,2024-05-04,2024,5,May,Saturday,True,18,16,tarde,Servir,Efectivo,12200,0,1948,0
711,2024-05-04,2024,5,May,Saturday,True,18,16,tarde,Llevar,Debito,7152,0,0,0
712,2024-05-04,2024,5,May,Saturday,True,18,16,tarde,Llevar,Debito,6000,0,958,0
713,2024-05-04,2024,5,May,Saturday,True,18,16,tarde,Llevar,Debito,3500,0,559,0
714,2024-05-04,2024,5,May,Saturday,True,18,16,tarde,Llevar,Debito,1600,0,255,0
715,2024-05-04,2024,5,May,Saturday,True,18,16,tarde,Llevar,Debito,2000,0,319,0
716,2024-05-04,2024,5,May,Saturday,True,18,16,tarde,Servir,Debito,10874,0,1736,0
717,2024-05-04,2024,5,May,Saturday,True,18,17,tarde,Servir,Debito,13400,0,2139,0
718,2024-05-04,2024,5,May,Saturday,True,18,17,tarde,Llevar,Efectivo,3510,0,560,0
719,2024-05-04,2024,5,May,Saturday,True,18,17,tarde,Llevar,Debito,8300,0,1325,0
720,2024-05-04,2024,5,May,Saturday,True,18,17,tarde,Servir,Debito,16000,0,2555,0
721,2024-05-04,2024,5,May,Saturday,True,18,17,tarde,Llevar,Debito,11100,0,1772,0
722,2024-05-04,2024,5,May,Saturday,True,18,17,tarde,Servir,Efectivo,14400,0,2299,0
723,2024-05-04,2024,5,May,Saturday,True,18,17,tarde,Llevar,Debito,6900,0,1102,0
724,2024-05-04,2024,5,May,Saturday,True,18,17,tarde,Llevar,Credito,5700,0,910,0
725,2024-05-04,2024,5,May,Saturday,True,18,18,tarde,Llevar,Debito,5000,0,798,0
726,2024-05-04,2024,5,May,Saturday,True,18,18,tarde,Servir,Debito,12000,0,1916,0
727,2024-05-04,2024,5,May,Saturday,True,18,18,tarde,Llevar,Debito,10800,0,0,0
728,2024-05-04,2024,5,May,Saturday,True,18,18,tarde,Llevar,Debito,7400,0,1182,0
729,2024-05-04,2024,5,May,Saturday,True,18,18,tarde,Servir,Credito,9900,0,1581,0
730,2024-05-04,2024,5,May,Saturday,True,18,18,tarde,Llevar,Credito,5100,0,814,0
731,2024-05-04,2024,5,May,Saturday,True,18,18,tarde,Servir,Debito,14000,0,2235,0
732,2024-05-04,2024,5,May,Saturday,True,18,18,tarde,Llevar,Efectivo,11300,0,0,0
733,2024-05-04,2024,5,May,Saturday,True,18,19,cierre,Llevar,Debito,6800,0,1086,0
734,2024-05-04,2024,5,May,Saturday,True,18,19,cierre,Llevar,Debito,1600,0,255,0
735,2024-05-04,2024,5,May,Saturday,True,18,19,cierre,Servir,Credito,9200,0,1469,0
736,2024-05-04,2024,5,May,Saturday,True,18,19,cierre,Llevar,Debito,4700,0,750,0
737,2024-05-04,2024,5,May,Saturday,True,18,19,cierre,Llevar,Debito,8000,0,1277,0
738,2024-05-05,2024,5,May,Sunday,True,18,11,manana,Servir,Debito,62408,1,0,0
740,2024-05-05,2024,5,May,Sunday,True,18,12,manana,Servir,Transferencia,30820,0,0,0
741,2024-05-06,2024,5,May,Monday,False,19,16,tarde,Llevar,Credito,1400,0,224,0
742,2024-05-06,2024,5,May,Monday,False,19,16,tarde,Llevar,Efectivo,4400,0,703,0
743,2024-05-06,2024,5,May,Monday,False,19,17,tarde,Llevar,Efectivo,2800,0,447,0
744,2024-05-06,2024,5,May,Monday,False,19,17,tarde,Llevar,Debito,8000,0,1277,0
745,2024-05-06,2024,5,May,Monday,False,19,17,tarde,Llevar,Debito,3000,0,479,0
746,2024-05-06,2024,5,May,Monday,False,19,17,tarde,Llevar,Efectivo,9200,0,0,0
747,2024-05-06,2024,5,May,Monday,False,19,17,tarde,Llevar,Debito,3100,0,495,0
748,2024-05-06,2024,5,May,Monday,False,19,17,tarde,Llevar,Debito,8800,0,1405,0
749,2024-05-06,2024,5,May,Monday,False,19,17,tarde,Llevar,Debito,3100,0,495,0
750,2024-05-06,2024,5,May,Monday,False,19,17,tarde,Servir,Credito,11000,0,1756,0
751,2024-05-06,2024,5,May,Monday,False,19,18,tarde,Llevar,Debito,3100,0,495,0
752,2024-05-06,2024,5,May,Monday,False,19,18,tarde,Servir,Debito,11300,0,1804,0
753,2024-05-06,2024,5,May,Monday,False,19,18,tarde,Llevar,Debito,3000,0,479,0
754,2024-05-06,2024,5,May,Monday,False,19,18,tarde,Llevar,Debito,4000,0,639,0
755,2024-05-06,2024,5,May,Monday,False,19,18,tarde,Llevar,Efectivo,1500,0,239,0
756,2024-05-06,2024,5,May,Monday,False,19,18,tarde,Llevar,Debito,3100,0,495,0
757,2024-05-06,2024,5,May,Monday,False,19,18,tarde,Llevar,Debito,1400,0,224,0
758,2024-05-06,2024,5,May,Monday,False,19,18,tarde,Llevar,Debito,2900,0,463,0
759,2024-05-06,2024,5,May,Monday,False,19,19,cierre,Servir,Debito,1400,0,224,0
760,2024-05-06,2024,5,May,Monday,False,19,19,cierre,Llevar,Debito,2800,0,447,0
761,2024-05-07,2024,5,May,Tuesday,False,19,1,apertura,Servir,Credito,1500,0,0,0
762,2024-05-07,2024,5,May,Tuesday,False,19,1,apertura,Servir,Credito,3100,0,0,0
763,2024-05-07,2024,5,May,Tuesday,False,19,1,apertura,Servir,Debito,5300,0,0,0
764,2024-05-07,2024,5,May,Tuesday,False,19,1,apertura,Servir,Debito,7700,0,0,0
765,2024-05-07,2024,5,May,Tuesday,False,19,13,almuerzo,Llevar,Debito,6000,0,0,0
766,2024-05-07,2024,5,May,Tuesday,False,19,14,almuerzo,Llevar,Debito,3000,0,479,0
767,2024-05-07,2024,5,May,Tuesday,False,19,14,almuerzo,Llevar,Debito,3400,0,543,0
768,2024-05-07,2024,5,May,Tuesday,False,19,14,almuerzo,Llevar,Efectivo,7400,0,1182,0
769,2024-05-07,2024,5,May,Tuesday,False,19,15,almuerzo,Servir,Efectivo,1000,0,160,0
770,2024-05-07,2024,5,May,Tuesday,False,19,15,almuerzo,Llevar,Credito,2000,0,319,0
771,2024-05-07,2024,5,May,Tuesday,False,19,15,almuerzo,Llevar,Debito,2900,0,463,0
772,2024-05-07,2024,5,May,Tuesday,False,19,15,almuerzo,Llevar,Efectivo,81760,0,0,0
773,2024-05-07,2024,5,May,Tuesday,False,19,16,tarde,Llevar,Debito,3000,0,479,0
774,2024-05-07,2024,5,May,Tuesday,False,19,16,tarde,Llevar,Debito,1500,0,239,0
775,2024-05-07,2024,5,May,Tuesday,False,19,16,tarde,Llevar,Efectivo,2600,0,415,0
776,2024-05-07,2024,5,May,Tuesday,False,19,17,tarde,Llevar,Debito,5800,0,926,0
777,2024-05-07,2024,5,May,Tuesday,False,19,17,tarde,Servir,Debito,13500,0,2155,0
778,2024-05-07,2024,5,May,Tuesday,False,19,18,tarde,Llevar,Efectivo,5600,0,894,0
779,2024-05-07,2024,5,May,Tuesday,False,19,18,tarde,Servir,Debito,19300,0,3082,0
780,2024-05-07,2024,5,May,Tuesday,False,19,18,tarde,Llevar,Debito,5300,0,0,0
781,2024-05-07,2024,5,May,Tuesday,False,19,18,tarde,Llevar,Debito,1500,0,239,0
782,2024-05-07,2024,5,May,Tuesday,False,19,18,tarde,Llevar,Efectivo,2700,0,431,0
783,2024-05-07,2024,5,May,Tuesday,False,19,19,cierre,Llevar,Credito,12900,0,2060,0
784,2024-05-07,2024,5,May,Tuesday,False,19,19,cierre,Llevar,Debito,3758,0,600,0
785,2024-05-07,2024,5,May,Tuesday,False,19,19,cierre,Llevar,Debito,3800,0,607,0
786,2024-05-07,2024,5,May,Tuesday,False,19,19,cierre,Llevar,Efectivo,5000,0,798,0
787,2024-05-07,2024,5,May,Tuesday,False,19,20,cierre,Llevar,Transferencia,30820,0,0,0
788,2024-05-07,2024,5,May,Tuesday,False,19,20,cierre,Llevar,Efectivo,6200,0,0,0
789,2024-05-07,2024,5,May,Tuesday,False,19,20,cierre,Llevar,Efectivo,1500,0,239,0
790,2024-05-08,2024,5,May,Wednesday,False,19,10,manana,Llevar,Debito,7600,0,0,0
791,2024-05-08,2024,5,May,Wednesday,False,19,11,manana,Llevar,Debito,2800,0,447,0
792,2024-05-08,2024,5,May,Wednesday,False,19,13,almuerzo,Llevar,Efectivo,4000,0,639,0
793,2024-05-08,2024,5,May,Wednesday,False,19,14,almuerzo,Llevar,Debito,2900,0,463,0
794,2024-05-08,2024,5,May,Wednesday,False,19,14,almuerzo,Servir,Debito,2800,0,0,0
795,2024-05-08,2024,5,May,Wednesday,False,19,15,almuerzo,Llevar,Debito,6400,0,1022,0
796,2024-05-08,2024,5,May,Wednesday,False,19,15,almuerzo,Llevar,Debito,4000,0,639,0
797,2024-05-08,2024,5,May,Wednesday,False,19,16,tarde,Llevar,Efectivo,2000,0,319,0
798,2024-05-08,2024,5,May,Wednesday,False,19,16,tarde,Llevar,Debito,10989,0,1755,0
799,2024-05-08,2024,5,May,Wednesday,False,19,16,tarde,Llevar,Debito,2000,0,319,0
800,2024-05-08,2024,5,May,Wednesday,False,19,16,tarde,Llevar,Credito,5500,0,878,0
801,2024-05-08,2024,5,May,Wednesday,False,19,17,tarde,Servir,Debito,19900,0,3177,0
802,2024-05-08,2024,5,May,Wednesday,False,19,17,tarde,Llevar,Debito,9000,0,1437,0
803,2024-05-08,2024,5,May,Wednesday,False,19,17,tarde,Llevar,Credito,8667,0,1384,0
804,2024-05-08,2024,5,May,Wednesday,False,19,17,tarde,Llevar,Debito,5100,0,814,0
805,2024-05-08,2024,5,May,Wednesday,False,19,17,tarde,Llevar,Debito,2800,0,447,0
806,2024-05-08,2024,5,May,Wednesday,False,19,17,tarde,Llevar,Debito,8000,0,1277,0
807,2024-05-08,2024,5,May,Wednesday,False,19,17,tarde,Servir,Efectivo,19200,0,3066,0
808,2024-05-08,2024,5,May,Wednesday,False,19,18,tarde,Llevar,Debito,5500,0,878,0
809,2024-05-08,2024,5,May,Wednesday,False,19,18,tarde,Llevar,Credito,2837,0,0,0
810,2024-05-08,2024,5,May,Wednesday,False,19,18,tarde,Llevar,Efectivo,6500,0,1038,0
811,2024-05-08,2024,5,May,Wednesday,False,19,18,tarde,Llevar,Efectivo,6200,0,990,0
812,2024-05-08,2024,5,May,Wednesday,False,19,19,cierre,Servir,Debito,20000,0,3193,0
813,2024-05-08,2024,5,May,Wednesday,False,19,19,cierre,Llevar,Debito,7000,0,1118,0
814,2024-05-08,2024,5,May,Wednesday,False,19,19,cierre,Llevar,Debito,3000,0,479,0
815,2024-05-08,2024,5,May,Wednesday,False,19,19,cierre,Llevar,Efectivo,6000,0,958,0
816,2024-05-08,2024,5,May,Wednesday,False,19,19,cierre,Llevar,Efectivo,4000,0,639,0
817,2024-05-08,2024,5,May,Wednesday,False,19,19,cierre,Llevar,Debito,7500,0,1197,0
818,2024-05-08,2024,5,May,Wednesday,False,19,20,cierre,Servir,Efectivo,1500,0,0,0
819,2024-05-09,2024,5,May,Thursday,False,19,12,manana,Llevar,Debito,19400,0,3097,0
820,2024-05-09,2024,5,May,Thursday,False,19,12,manana,Servir,Debito,9200,0,1469,0
821,2024-05-09,2024,5,May,Thursday,False,19,13,almuerzo,Llevar,Debito,8900,0,1421,0
822,2024-05-09,2024,5,May,Thursday,False,19,14,almuerzo,Llevar,Debito,3500,0,0,0
823,2024-05-09,2024,5,May,Thursday,False,19,14,almuerzo,Servir,Debito,12800,0,2044,0
825,2024-05-09,2024,5,May,Thursday,False,19,15,almuerzo,Llevar,Debito,6100,0,974,0
826,2024-05-09,2024,5,May,Thursday,False,19,15,almuerzo,Llevar,Debito,3500,0,559,0
827,2024-05-09,2024,5,May,Thursday,False,19,15,almuerzo,Servir,Debito,2700,0,431,0
828,2024-05-09,2024,5,May,Thursday,False,19,16,tarde,Llevar,Debito,14600,0,2331,0
829,2024-05-09,2024,5,May,Thursday,False,19,16,tarde,Llevar,Debito,3000,0,479,0
830,2024-05-09,2024,5,May,Thursday,False,19,17,tarde,Llevar,Debito,2000,0,319,0
831,2024-05-09,2024,5,May,Thursday,False,19,17,tarde,Llevar,Debito,2900,0,463,0
832,2024-05-09,2024,5,May,Thursday,False,19,17,tarde,Llevar,Debito,9600,0,1533,0
833,2024-05-09,2024,5,May,Thursday,False,19,17,tarde,Llevar,Efectivo,4000,0,639,0
834,2024-05-09,2024,5,May,Thursday,False,19,17,tarde,Llevar,Credito,9300,0,1485,0
835,2024-05-09,2024,5,May,Thursday,False,19,17,tarde,Llevar,Debito,9300,0,1485,0
836,2024-05-09,2024,5,May,Thursday,False,19,17,tarde,Llevar,Debito,4200,0,0,0
837,2024-05-09,2024,5,May,Thursday,False,19,18,tarde,Llevar,Debito,2900,0,463,0
838,2024-05-09,2024,5,May,Thursday,False,19,18,tarde,Servir,Debito,14700,0,2347,0
839,2024-05-09,2024,5,May,Thursday,False,19,19,cierre,Servir,Debito,15500,0,2475,0
840,2024-05-09,2024,5,May,Thursday,False,19,19,cierre,Llevar,Debito,6500,0,1038,0
841,2024-05-09,2024,5,May,Thursday,False,19,19,cierre,Servir,Debito,21300,0,3401,0
842,2024-05-09,2024,5,May,Thursday,False,19,19,cierre,Llevar,Debito,6500,0,1038,0
843,2024-05-09,2024,5,May,Thursday,False,19,19,cierre,Servir,Credito,10500,0,1676,0
844,2024-05-09,2024,5,May,Thursday,False,19,23,cierre,Servir,Debito,2800,0,0,0
845,2024-05-09,2024,5,May,Thursday,False,19,23,cierre,Servir,Debito,3400,0,0,0
846,2024-05-09,2024,5,May,Thursday,False,19,23,cierre,Servir,Debito,38500,0,0,0
847,2024-05-10,2024,5,May,Friday,False,19,14,almuerzo,Llevar,Efectivo,2000,0,319,0
848,2024-05-10,2024,5,May,Friday,False,19,14,almuerzo,Llevar,Debito,9700,0,1549,0
849,2024-05-10,2024,5,May,Friday,False,19,14,almuerzo,Llevar,Efectivo,5000,0,798,0
850,2024-05-10,2024,5,May,Friday,False,19,14,almuerzo,Llevar,Efectivo,2000,0,319,0
851,2024-05-10,2024,5,May,Friday,False,19,14,almuerzo,Llevar,Credito,2000,0,319,0
852,2024-05-10,2024,5,May,Friday,False,19,15,almuerzo,Llevar,Debito,13200,0,0,0
853,2024-05-10,2024,5,May,Friday,False,19,15,almuerzo,Llevar,Credito,6800,0,1086,0
854,2024-05-10,2024,5,May,Friday,False,19,15,almuerzo,Delivery,Transferencia,36000,0,0,0
855,2024-05-10,2024,5,May,Friday,False,19,16,tarde,Llevar,Debito,5300,0,846,0
856,2024-05-10,2024,5,May,Friday,False,19,16,tarde,Llevar,Debito,2800,0,447,0
857,2024-05-10,2024,5,May,Friday,False,19,16,tarde,Llevar,Debito,10500,0,1676,0
858,2024-05-10,2024,5,May,Friday,False,19,16,tarde,Llevar,Debito,1600,0,255,0
859,2024-05-10,2024,5,May,Friday,False,19,16,tarde,Llevar,Debito,3300,0,527,0
860,2024-05-10,2024,5,May,Friday,False,19,16,tarde,Llevar,Credito,7500,0,1197,0
861,2024-05-10,2024,5,May,Friday,False,19,16,tarde,Servir,Debito,5600,1400,894,560
862,2024-05-10,2024,5,May,Friday,False,19,17,tarde,Llevar,Debito,11100,0,1772,0
863,2024-05-10,2024,5,May,Friday,False,19,17,tarde,Llevar,Debito,10070,0,1608,0
864,2024-05-10,2024,5,May,Friday,False,19,17,tarde,Servir,Debito,14000,0,2235,0
865,2024-05-10,2024,5,May,Friday,False,19,17,tarde,Servir,Efectivo,2800,0,447,0
866,2024-05-10,2024,5,May,Friday,False,19,17,tarde,Servir,Debito,2800,0,0,0
867,2024-05-10,2024,5,May,Friday,False,19,17,tarde,Servir,Debito,2000,0,0,0
868,2024-05-10,2024,5,May,Friday,False,19,18,tarde,Llevar,Efectivo,2000,0,319,0
869,2024-05-10,2024,5,May,Friday,False,19,18,tarde,Llevar,Debito,7800,0,1245,0
870,2024-05-10,2024,5,May,Friday,False,19,18,tarde,Servir,Debito,10100,0,0,0
871,2024-05-10,2024,5,May,Friday,False,19,18,tarde,Servir,Debito,12000,0,1916,0
872,2024-05-10,2024,5,May,Friday,False,19,18,tarde,Llevar,Credito,6700,0,1070,0
873,2024-05-10,2024,5,May,Friday,False,19,18,tarde,Llevar,Efectivo,6000,0,958,0
874,2024-05-10,2024,5,May,Friday,False,19,18,tarde,Llevar,Efectivo,7300,0,1166,0
875,2024-05-10,2024,5,May,Friday,False,19,18,tarde,Llevar,Debito,6500,0,1038,0
876,2024-05-10,2024,5,May,Friday,False,19,18,tarde,Llevar,Credito,6600,0,1054,0
877,2024-05-10,2024,5,May,Friday,False,19,18,tarde,Llevar,Debito,7600,0,1213,0
878,2024-05-10,2024,5,May,Friday,False,19,18,tarde,Servir,Debito,14800,0,2363,0
879,2024-05-10,2024,5,May,Friday,False,19,19,cierre,Servir,Debito,11500,0,1836,0
880,2024-05-10,2024,5,May,Friday,False,19,19,cierre,Llevar,Debito,8500,0,0,0
881,2024-05-10,2024,5,May,Friday,False,19,19,cierre,Llevar,Debito,10000,0,1597,0
882,2024-05-10,2024,5,May,Friday,False,19,19,cierre,Llevar,Debito,2900,0,463,0
883,2024-05-10,2024,5,May,Friday,False,19,19,cierre,Llevar,Efectivo,1400,0,224,0
884,2024-05-10,2024,5,May,Friday,False,19,20,cierre,Llevar,Debito,3000,0,479,0
885,2024-05-10,2024,5,May,Friday,False,19,20,cierre,Llevar,Credito,6000,0,958,0
886,2024-05-11,2024,5,May,Saturday,True,19,13,almuerzo,Servir,Efectivo,16900,0,0,0
887,2024-05-11,2024,5,May,Saturday,True,19,13,almuerzo,Llevar,Debito,11200,0,1788,0
888,2024-05-11,2024,5,May,Saturday,True,19,14,almuerzo,Llevar,Debito,2000,0,319,0
889,2024-05-11,2024,5,May,Saturday,True,19,15,almuerzo,Llevar,Efectivo,7900,0,1261,0
890,2024-05-11,2024,5,May,Saturday,True,19,15,almuerzo,Servir,Debito,9600,0,1533,0
891,2024-05-11,2024,5,May,Saturday,True,19,15,almuerzo,Llevar,Debito,2700,0,431,0
892,2024-05-11,2024,5,May,Saturday,True,19,15,almuerzo,Llevar,Debito,5400,0,862,0
893,2024-05-11,2024,5,May,Saturday,True,19,15,almuerzo,Llevar,Debito,5500,0,878,0
894,2024-05-11,2024,5,May,Saturday,True,19,16,tarde,Servir,Debito,22000,0,3513,0
895,2024-05-11,2024,5,May,Saturday,True,19,16,tarde,Servir,Debito,7200,0,1150,0
896,2024-05-11,2024,5,May,Saturday,True,19,17,tarde,Llevar,Debito,6700,0,1070,0
897,2024-05-11,2024,5,May,Saturday,True,19,17,tarde,Servir,Efectivo,7500,0,1197,0
898,2024-05-11,2024,5,May,Saturday,True,19,17,tarde,Llevar,Efectivo,2800,0,447,0
899,2024-05-11,2024,5,May,Saturday,True,19,17,tarde,Llevar,Debito,27800,0,4439,0
900,2024-05-11,2024,5,May,Saturday,True,19,17,tarde,Llevar,Debito,4000,0,0,0
901,2024-05-11,2024,5,May,Saturday,True,19,17,tarde,Llevar,Debito,6900,0,1102,0
902,2024-05-11,2024,5,May,Saturday,True,19,17,tarde,Llevar,Debito,3000,0,0,0
903,2024-05-11,2024,5,May,Saturday,True,19,18,tarde,Llevar,Debito,3500,0,559,0
904,2024-05-11,2024,5,May,Saturday,True,19,18,tarde,Servir,Debito,12300,0,0,0
905,2024-05-11,2024,5,May,Saturday,True,19,18,tarde,Servir,Debito,21900,0,3497,0
906,2024-05-11,2024,5,May,Saturday,True,19,18,tarde,Servir,Debito,7500,0,1197,0
907,2024-05-11,2024,5,May,Saturday,True,19,19,cierre,Llevar,Debito,9700,0,1549,0
908,2024-05-11,2024,5,May,Saturday,True,19,19,cierre,Llevar,Debito,2700,0,431,0
909,2024-05-11,2024,5,May,Saturday,True,19,19,cierre,Servir,Debito,22700,0,0,0
910,2024-05-11,2024,5,May,Saturday,True,19,19,cierre,Servir,Debito,5400,0,862,0
911,2024-05-11,2024,5,May,Saturday,True,19,19,cierre,Servir,Efectivo,2000,0,319,0
912,2024-05-11,2024,5,May,Saturday,True,19,19,cierre,Servir,Debito,6900,0,1102,0
913,2024-05-11,2024,5,May,Saturday,True,19,19,cierre,Llevar,Debito,3500,0,559,0
914,2024-05-11,2024,5,May,Saturday,True,19,19,cierre,Llevar,Debito,5100,0,0,0
915,2024-05-11,2024,5,May,Saturday,True,19,19,cierre,Servir,Debito,2700,0,431,0
916,2024-05-11,2024,5,May,Saturday,True,19,20,cierre,Servir,Debito,7800,0,1245,0
917,2024-05-11,2024,5,May,Saturday,True,19,20,cierre,Servir,Debito,10000,0,1597,0
918,2024-05-11,2024,5,May,Saturday,True,19,20,cierre,Servir,Debito,3500,0,559,0
919,2024-05-11,2024,5,May,Saturday,True,19,20,cierre,Servir,Credito,5600,0,894,0
920,2024-05-11,2024,5,May,Saturday,True,19,20,cierre,Llevar,Debito,21200,0,3385,0
921,2024-05-11,2024,5,May,Saturday,True,19,20,cierre,Servir,Debito,18590,1,2968,0
922,2024-05-11,2024,5,May,Saturday,True,19,20,cierre,Servir,Transferencia,36000,0,0,0
923,2024-05-11,2024,5,May,Saturday,True,19,20,cierre,Servir,Debito,8400,0,1341,0
924,2024-05-13,2024,5,May,Monday,False,20,16,tarde,Llevar,Credito,3588,0,573,0
925,2024-05-13,2024,5,May,Monday,False,20,16,tarde,Llevar,Credito,3300,0,527,0
926,2024-05-13,2024,5,May,Monday,False,20,17,tarde,Llevar,Debito,1500,0,239,0
927,2024-05-13,2024,5,May,Monday,False,20,17,tarde,Llevar,Efectivo,1000,0,160,0
928,2024-05-13,2024,5,May,Monday,False,20,17,tarde,Servir,Efectivo,12200,0,1948,0
929,2024-05-13,2024,5,May,Monday,False,20,17,tarde,Llevar,Debito,3500,0,559,0
930,2024-05-13,2024,5,May,Monday,False,20,18,tarde,Llevar,Debito,5200,0,0,0
931,2024-05-13,2024,5,May,Monday,False,20,18,tarde,Llevar,Efectivo,3200,0,511,0
932,2024-05-13,2024,5,May,Monday,False,20,18,tarde,Servir,Debito,3500,0,559,0
933,2024-05-13,2024,5,May,Monday,False,20,18,tarde,Llevar,Debito,4500,0,718,0
934,2024-05-13,2024,5,May,Monday,False,20,18,tarde,Servir,Efectivo,9700,0,1549,0
935,2024-05-13,2024,5,May,Monday,False,20,18,tarde,Llevar,Efectivo,1500,0,239,0
936,2024-05-13,2024,5,May,Monday,False,20,19,cierre,Servir,Debito,28000,0,4471,0
937,2024-05-13,2024,5,May,Monday,False,20,19,cierre,Llevar,Debito,1000,0,0,0
938,2024-05-13,2024,5,May,Monday,False,20,19,cierre,Llevar,Debito,4500,0,718,0
939,2024-05-13,2024,5,May,Monday,False,20,19,cierre,Llevar,Efectivo,5500,0,878,0
941,2024-05-14,2024,5,May,Tuesday,False,20,14,almuerzo,Llevar,Efectivo,3000,0,479,0
942,2024-05-14,2024,5,May,Tuesday,False,20,14,almuerzo,Llevar,Debito,2700,0,431,0
943,2024-05-14,2024,5,May,Tuesday,False,20,14,almuerzo,Llevar,Transferencia,36000,0,0,0
944,2024-05-14,2024,5,May,Tuesday,False,20,15,almuerzo,Llevar,Efectivo,5600,0,894,0
945,2024-05-14,2024,5,May,Tuesday,False,20,15,almuerzo,Servir,Debito,13000,0,2076,0
946,2024-05-14,2024,5,May,Tuesday,False,20,16,tarde,Servir,Transferencia,4800,0,0,0
947,2024-05-14,2024,5,May,Tuesday,False,20,16,tarde,Servir,Efectivo,19700,0,3145,0
948,2024-05-14,2024,5,May,Tuesday,False,20,16,tarde,Llevar,Efectivo,67600,0,0,0
949,2024-05-14,2024,5,May,Tuesday,False,20,16,tarde,Servir,Debito,3100,0,495,0
950,2024-05-14,2024,5,May,Tuesday,False,20,17,tarde,Llevar,Efectivo,8000,0,0,0
951,2024-05-14,2024,5,May,Tuesday,False,20,17,tarde,Llevar,Debito,5400,0,862,0
952,2024-05-14,2024,5,May,Tuesday,False,20,17,tarde,Llevar,Debito,3500,0,559,0
953,2024-05-14,2024,5,May,Tuesday,False,20,17,tarde,Llevar,Debito,2000,0,319,0
954,2024-05-14,2024,5,May,Tuesday,False,20,17,tarde,Llevar,Efectivo,6000,0,958,0
955,2024-05-14,2024,5,May,Tuesday,False,20,17,tarde,Servir,Debito,9000,0,1437,0
956,2024-05-14,2024,5,May,Tuesday,False,20,17,tarde,Llevar,Debito,3140,0,501,0
957,2024-05-14,2024,5,May,Tuesday,False,20,17,tarde,Llevar,Efectivo,2000,0,319,0
958,2024-05-14,2024,5,May,Tuesday,False,20,17,tarde,Llevar,Credito,2248,0,359,0
959,2024-05-14,2024,5,May,Tuesday,False,20,18,tarde,Servir,Efectivo,15600,0,2491,0
960,2024-05-14,2024,5,May,Tuesday,False,20,18,tarde,Servir,Efectivo,2000,0,319,0
961,2024-05-14,2024,5,May,Tuesday,False,20,18,tarde,Llevar,Transferencia,100800,0,0,0
962,2024-05-14,2024,5,May,Tuesday,False,20,18,tarde,Llevar,Debito,4782,0,764,0
963,2024-05-14,2024,5,May,Tuesday,False,20,18,tarde,Llevar,Debito,2000,0,319,0
964,2024-05-14,2024,5,May,Tuesday,False,20,18,tarde,Llevar,Debito,3300,0,527,0
965,2024-05-14,2024,5,May,Tuesday,False,20,19,cierre,Servir,Debito,8300,0,1325,0
966,2024-05-14,2024,5,May,Tuesday,False,20,19,cierre,Llevar,Debito,5500,0,878,0
967,2024-05-14,2024,5,May,Tuesday,False,20,19,cierre,Servir,Debito,13100,0,2092,0
968,2024-05-14,2024,5,May,Tuesday,False,20,19,cierre,Servir,Debito,6600,0,1054,0
969,2024-05-14,2024,5,May,Tuesday,False,20,19,cierre,Servir,Debito,13300,0,2124,0
970,2024-05-14,2024,5,May,Tuesday,False,20,19,cierre,Llevar,Debito,2000,0,319,0
971,2024-05-14,2024,5,May,Tuesday,False,20,19,cierre,Llevar,Efectivo,1600,0,255,0
972,2024-05-14,2024,5,May,Tuesday,False,20,20,cierre,Llevar,Debito,4400,0,703,0
973,2024-05-14,2024,5,May,Tuesday,False,20,20,cierre,Llevar,Efectivo,5300,0,846,0
974,2024-05-15,2024,5,May,Wednesday,False,20,14,almuerzo,Llevar,Efectivo,2700,0,0,0
975,2024-05-15,2024,5,May,Wednesday,False,20,14,almuerzo,Llevar,Efectivo,2700,0,431,0
976,2024-05-15,2024,5,May,Wednesday,False,20,15,almuerzo,Llevar,Debito,4000,0,639,0
977,2024-05-15,2024,5,May,Wednesday,False,20,15,almuerzo,Llevar,Debito,3800,0,607,0
978,2024-05-15,2024,5,May,Wednesday,False,20,15,almuerzo,Llevar,Debito,5800,0,926,0
979,2024-05-15,2024,5,May,Wednesday,False,20,15,almuerzo,Llevar,Debito,2000,0,319,0
980,2024-05-15,2024,5,May,Wednesday,False,20,15,almuerzo,Llevar,Efectivo,2900,0,463,0
981,2024-05-15,2024,5,May,Wednesday,False,20,15,almuerzo,Llevar,Efectivo,7600,0,1213,0
982,2024-05-15,2024,5,May,Wednesday,False,20,16,tarde,Servir,Efectivo,42800,0,6834,0
983,2024-05-15,2024,5,May,Wednesday,False,20,17,tarde,Llevar,Debito,7100,0,1134,0
984,2024-05-15,2024,5,May,Wednesday,False,20,18,tarde,Llevar,Efectivo,2000,0,319,0
985,2024-05-15,2024,5,May,Wednesday,False,20,18,tarde,Llevar,Debito,6500,0,1038,0
986,2024-05-15,2024,5,May,Wednesday,False,20,18,tarde,Llevar,Efectivo,4200,0,671,0
987,2024-05-15,2024,5,May,Wednesday,False,20,18,tarde,Llevar,Debito,3000,0,479,0
989,2024-05-15,2024,5,May,Wednesday,False,20,18,tarde,Servir,Efectivo,11700,0,0,0
990,2024-05-15,2024,5,May,Wednesday,False,20,18,tarde,Servir,Debito,4900,0,782,0
991,2024-05-15,2024,5,May,Wednesday,False,20,18,tarde,Llevar,Debito,11800,0,1884,0
992,2024-05-15,2024,5,May,Wednesday,False,20,18,tarde,Llevar,Debito,12000,0,1916,0
993,2024-05-15,2024,5,May,Wednesday,False,20,19,cierre,Llevar,Credito,4809,0,768,0
994,2024-05-15,2024,5,May,Wednesday,False,20,19,cierre,Llevar,Debito,6000,0,0,0
995,2024-05-15,2024,5,May,Wednesday,False,20,19,cierre,Servir,Debito,8000,0,1277,0
996,2024-05-15,2024,5,May,Wednesday,False,20,19,cierre,Servir,Efectivo,4000,0,639,0
997,2024-05-15,2024,5,May,Wednesday,False,20,19,cierre,Servir,Debito,10600,0,1692,0
998,2024-05-15,2024,5,May,Wednesday,False,20,20,cierre,Llevar,Debito,6900,0,1102,0
999,2024-05-15,2024,5,May,Wednesday,False,20,20,cierre,Llevar,Debito,4400,0,703,0
1000,2024-05-16,2024,5,May,Thursday,False,20,12,manana,Servir,Debito,6200,0,990,0
1001,2024-05-16,2024,5,May,Thursday,False,20,12,manana,Llevar,Efectivo,1300,0,208,0
1002,2024-05-16,2024,5,May,Thursday,False,20,14,almuerzo,Llevar,Debito,8400,0,1341,0
1003,2024-05-16,2024,5,May,Thursday,False,20,14,almuerzo,Llevar,Debito,5500,0,878,0
1004,2024-05-16,2024,5,May,Thursday,False,20,14,almuerzo,Llevar,Debito,2000,0,319,0
1005,2024-05-16,2024,5,May,Thursday,False,20,15,almuerzo,Llevar,Debito,7000,0,1118,0
1006,2024-05-16,2024,5,May,Thursday,False,20,16,tarde,Llevar,Efectivo,1600,0,255,0
1007,2024-05-16,2024,5,May,Thursday,False,20,16,tarde,Llevar,Debito,6200,0,990,0
1008,2024-05-16,2024,5,May,Thursday,False,20,16,tarde,Servir,Efectivo,17300,0,2762,1730
1009,2024-05-16,2024,5,May,Thursday,False,20,17,tarde,Servir,Debito,7100,0,1134,710
1010,2024-05-16,2024,5,May,Thursday,False,20,17,tarde,Servir,Debito,15400,0,0,0
1011,2024-05-16,2024,5,May,Thursday,False,20,17,tarde,Servir,Debito,15200,0,2427,0
1012,2024-05-16,2024,5,May,Thursday,False,20,17,tarde,Llevar,Efectivo,5700,0,910,0
1013,2024-05-16,2024,5,May,Thursday,False,20,17,tarde,Llevar,Efectivo,3500,0,559,0
1014,2024-05-16,2024,5,May,Thursday,False,20,17,tarde,Llevar,Efectivo,3800,0,607,0
1015,2024-05-16,2024,5,May,Thursday,False,20,17,tarde,Llevar,Debito,2000,0,319,0
1016,2024-05-16,2024,5,May,Thursday,False,20,17,tarde,Llevar,Efectivo,4400,0,703,0
1017,2024-05-16,2024,5,May,Thursday,False,20,17,tarde,Llevar,Debito,4700,0,750,0
1018,2024-05-16,2024,5,May,Thursday,False,20,17,tarde,Llevar,Credito,6000,0,958,0
1019,2024-05-16,2024,5,May,Thursday,False,20,18,tarde,Llevar,Debito,5600,0,894,0
1020,2024-05-16,2024,5,May,Thursday,False,20,18,tarde,Llevar,Debito,10000,0,1597,0
1021,2024-05-16,2024,5,May,Thursday,False,20,18,tarde,Servir,Debito,15200,0,2427,1520
1022,2024-05-16,2024,5,May,Thursday,False,20,18,tarde,Llevar,Efectivo,3500,0,559,0
1023,2024-05-16,2024,5,May,Thursday,False,20,18,tarde,Servir,Debito,6800,0,1086,0
1024,2024-05-16,2024,5,May,Thursday,False,20,18,tarde,Servir,Debito,1500,0,239,0
1025,2024-05-16,2024,5,May,Thursday,False,20,18,tarde,Servir,Debito,4000,0,639,0
1026,2024-05-16,2024,5,May,Thursday,False,20,18,tarde,Llevar,Debito,6800,0,1086,0
1027,2024-05-16,2024,5,May,Thursday,False,20,19,cierre,Llevar,Debito,3000,0,479,0
1028,2024-05-16,2024,5,May,Thursday,False,20,19,cierre,Llevar,Debito,10000,0,1597,0
1029,2024-05-16,2024,5,May,Thursday,False,20,19,cierre,Llevar,Efectivo,11300,0,1804,0
1030,2024-05-16,2024,5,May,Thursday,False,20,19,cierre,Llevar,Efectivo,2000,0,319,0
1031,2024-05-16,2024,5,May,Thursday,False,20,19,cierre,Servir,Debito,4800,0,766,0
1032,2024-05-16,2024,5,May,Thursday,False,20,20,cierre,Servir,Debito,13300,0,2124,0
1033,2024-05-16,2024,5,May,Thursday,False,20,20,cierre,Servir,Debito,2690,0,430,0
1034,2024-05-17,2024,5,May,Friday,False,20,15,almuerzo,Llevar,Debito,1500,0,239,0
1035,2024-05-17,2024,5,May,Friday,False,20,15,almuerzo,Llevar,Debito,3600,0,575,0
1036,2024-05-17,2024,5,May,Friday,False,20,15,almuerzo,Llevar,Debito,8700,0,1389,0
1037,2024-05-17,2024,5,May,Friday,False,20,16,tarde,Llevar,Debito,2000,0,319,0
1038,2024-05-17,2024,5,May,Friday,False,20,16,tarde,Llevar,Debito,2800,0,0,0
1039,2024-05-17,2024,5,May,Friday,False,20,16,tarde,Servir,Credito,14200,0,2267,0
1040,2024-05-17,2024,5,May,Friday,False,20,16,tarde,Servir,Debito,23300,0,3720,0
1041,2024-05-17,2024,5,May,Friday,False,20,17,tarde,Llevar,Debito,3500,0,559,0
1042,2024-05-17,2024,5,May,Friday,False,20,17,tarde,Llevar,Debito,9800,0,1565,0
1043,2024-05-17,2024,5,May,Friday,False,20,17,tarde,Servir,Efectivo,7700,0,1229,0
1044,2024-05-17,2024,5,May,Friday,False,20,17,tarde,Servir,Debito,22135,0,3534,0
1045,2024-05-17,2024,5,May,Friday,False,20,17,tarde,Llevar,Debito,4169,0,666,0
1046,2024-05-17,2024,5,May,Friday,False,20,18,tarde,Llevar,Debito,1400,0,224,0
1047,2024-05-17,2024,5,May,Friday,False,20,18,tarde,Llevar,Debito,2000,0,319,0
1048,2024-05-17,2024,5,May,Friday,False,20,18,tarde,Servir,Efectivo,7700,0,1229,0
1049,2024-05-17,2024,5,May,Friday,False,20,18,tarde,Llevar,Debito,3700,0,591,0
1050,2024-05-17,2024,5,May,Friday,False,20,18,tarde,Llevar,Efectivo,4200,0,671,0
1051,2024-05-17,2024,5,May,Friday,False,20,18,tarde,Llevar,Debito,3100,0,495,0
1052,2024-05-17,2024,5,May,Friday,False,20,18,tarde,Servir,Efectivo,5800,0,926,580
1053,2024-05-17,2024,5,May,Friday,False,20,18,tarde,Llevar,Debito,6200,0,990,0
1054,2024-05-17,2024,5,May,Friday,False,20,19,cierre,Servir,Efectivo,17000,0,2714,0
1055,2024-05-17,2024,5,May,Friday,False,20,19,cierre,Llevar,Debito,2100,0,335,0
1056,2024-05-17,2024,5,May,Friday,False,20,19,cierre,Llevar,Debito,7300,0,1166,0
1057,2024-05-17,2024,5,May,Friday,False,20,19,cierre,Llevar,Debito,6150,0,982,0
1058,2024-05-17,2024,5,May,Friday,False,20,19,cierre,Llevar,Debito,7700,0,1229,0
1059,2024-05-17,2024,5,May,Friday,False,20,19,cierre,Llevar,Debito,3600,0,575,0
1060,2024-05-17,2024,5,May,Friday,False,20,19,cierre,Llevar,Debito,4000,0,639,0
1061,2024-05-17,2024,5,May,Friday,False,20,19,cierre,Llevar,Efectivo,8000,0,1277,0
1062,2024-05-17,2024,5,May,Friday,False,20,20,cierre,Llevar,Debito,6600,0,1054,0
1063,2024-05-18,2024,5,May,Saturday,True,20,14,almuerzo,Llevar,Debito,1500,0,239,0
1064,2024-05-18,2024,5,May,Saturday,True,20,14,almuerzo,Servir,Transferencia,42000,0,0,0
1065,2024-05-18,2024,5,May,Saturday,True,20,14,almuerzo,Llevar,Debito,1000,0,160,0
1066,2024-05-18,2024,5,May,Saturday,True,20,15,almuerzo,Servir,Efectivo,2700,0,431,0
1067,2024-05-18,2024,5,May,Saturday,True,20,15,almuerzo,Servir,Credito,8400,0,1341,0
1068,2024-05-18,2024,5,May,Saturday,True,20,15,almuerzo,Servir,Debito,5000,0,798,0
1069,2024-05-18,2024,5,May,Saturday,True,20,15,almuerzo,Servir,Debito,4800,0,766,0
1070,2024-05-18,2024,5,May,Saturday,True,20,15,almuerzo,Servir,Debito,12500,0,1996,0
1071,2024-05-18,2024,5,May,Saturday,True,20,15,almuerzo,Servir,Debito,1100,0,176,0
1072,2024-05-18,2024,5,May,Saturday,True,20,16,tarde,Servir,Debito,6500,0,1038,0
1073,2024-05-18,2024,5,May,Saturday,True,20,16,tarde,Servir,Debito,5000,0,798,0
1074,2024-05-18,2024,5,May,Saturday,True,20,16,tarde,Servir,Debito,15600,0,2491,0
1075,2024-05-18,2024,5,May,Saturday,True,20,16,tarde,Servir,Efectivo,14200,0,0,0
1076,2024-05-18,2024,5,May,Saturday,True,20,17,tarde,Llevar,Debito,2500,0,399,0
1077,2024-05-18,2024,5,May,Saturday,True,20,17,tarde,Servir,Debito,8400,0,0,0
1078,2024-05-18,2024,5,May,Saturday,True,20,17,tarde,Llevar,Efectivo,2000,0,319,0
1079,2024-05-18,2024,5,May,Saturday,True,20,17,tarde,Llevar,Debito,2700,0,431,0
1080,2024-05-18,2024,5,May,Saturday,True,20,18,tarde,Llevar,Debito,6700,0,1070,0
1081,2024-05-18,2024,5,May,Saturday,True,20,18,tarde,Servir,Debito,15400,0,0,0
1082,2024-05-18,2024,5,May,Saturday,True,20,18,tarde,Llevar,Debito,4200,0,0,0
1083,2024-05-18,2024,5,May,Saturday,True,20,18,tarde,Llevar,Debito,12125,0,1936,0
1084,2024-05-18,2024,5,May,Saturday,True,20,18,tarde,Llevar,Efectivo,9000,0,1437,0
1085,2024-05-18,2024,5,May,Saturday,True,20,18,tarde,Servir,Debito,13400,0,2139,0
1086,2024-05-18,2024,5,May,Saturday,True,20,19,cierre,Llevar,Credito,4700,0,750,0
1087,2024-05-18,2024,5,May,Saturday,True,20,19,cierre,Llevar,Efectivo,2700,0,431,0
1088,2024-05-18,2024,5,May,Saturday,True,20,19,cierre,Servir,Debito,17851,0,0,0
1089,2024-05-18,2024,5,May,Saturday,True,20,19,cierre,Llevar,Debito,8500,0,1357,0
1090,2024-05-18,2024,5,May,Saturday,True,20,20,cierre,Llevar,Efectivo,1000,0,160,0
1091,2024-05-18,2024,5,May,Saturday,True,20,20,cierre,Llevar,Debito,6600,0,1054,0
1092,2024-05-18,2024,5,May,Saturday,True,20,23,cierre,Servir,Debito,15790,10,2521,0
1093,2024-05-18,2024,5,May,Saturday,True,20,23,cierre,Servir,Debito,5700,0,910,0
1094,2024-05-18,2024,5,May,Saturday,True,20,23,cierre,Servir,Debito,5000,0,798,0
1095,2024-05-18,2024,5,May,Saturday,True,20,23,cierre,Llevar,Debito,1590,0,254,0
1096,2024-05-18,2024,5,May,Saturday,True,20,23,cierre,Llevar,Debito,4000,0,639,0
1097,2024-05-18,2024,5,May,Saturday,True,20,23,cierre,Servir,Debito,4100,22,655,0
1098,2024-05-20,2024,5,May,Monday,False,21,16,tarde,Llevar,Transferencia,3000,0,479,0
1099,2024-05-20,2024,5,May,Monday,False,21,16,tarde,Llevar,Debito,4000,0,639,0
1100,2024-05-20,2024,5,May,Monday,False,21,17,tarde,Servir,Debito,14500,0,2315,0
1101,2024-05-20,2024,5,May,Monday,False,21,17,tarde,Llevar,Debito,8400,0,1341,0
1102,2024-05-20,2024,5,May,Monday,False,21,17,tarde,Llevar,Debito,3000,0,479,0
1103,2024-05-20,2024,5,May,Monday,False,21,17,tarde,Llevar,Debito,10400,0,1661,0
1104,2024-05-20,2024,5,May,Monday,False,21,18,tarde,Llevar,Efectivo,3100,0,495,0
1105,2024-05-20,2024,5,May,Monday,False,21,18,tarde,Llevar,Efectivo,9700,0,1549,0
1106,2024-05-20,2024,5,May,Monday,False,21,18,tarde,Llevar,Debito,14100,0,2251,0
1107,2024-05-20,2024,5,May,Monday,False,21,18,tarde,Llevar,Credito,3000,0,0,0
1108,2024-05-20,2024,5,May,Monday,False,21,18,tarde,Llevar,Debito,7100,0,1134,0
1109,2024-05-20,2024,5,May,Monday,False,21,18,tarde,Servir,Debito,19400,0,3097,0
1110,2024-05-20,2024,5,May,Monday,False,21,18,tarde,Servir,Debito,16100,0,2571,0
1111,2024-05-20,2024,5,May,Monday,False,21,19,cierre,Llevar,Debito,3300,0,0,0
1112,2024-05-20,2024,5,May,Monday,False,21,19,cierre,Llevar,Debito,8600,0,1373,0
1113,2024-05-20,2024,5,May,Monday,False,21,19,cierre,Servir,Efectivo,1400,0,224,0
1114,2024-05-20,2024,5,May,Monday,False,21,19,cierre,Servir,Credito,2000,0,0,0
1115,2024-05-20,2024,5,May,Monday,False,21,19,cierre,Servir,Efectivo,5900,0,0,0
1116,2024-05-20,2024,5,May,Monday,False,21,19,cierre,Llevar,Debito,6600,0,1054,0
1117,2024-05-21,2024,5,May,Tuesday,False,21,1,apertura,Servir,Debito,3590,0,573,0
1118,2024-05-21,2024,5,May,Tuesday,False,21,1,apertura,Servir,Debito,3000,0,479,0
1119,2024-05-21,2024,5,May,Tuesday,False,21,15,almuerzo,Servir,Debito,9150,9150,1461,0
1120,2024-05-21,2024,5,May,Tuesday,False,21,15,almuerzo,Llevar,Debito,8200,8200,1309,0
1121,2024-05-21,2024,5,May,Tuesday,False,21,15,almuerzo,Servir,Debito,11200,11200,1788,0
1122,2024-05-21,2024,5,May,Tuesday,False,21,15,almuerzo,Llevar,Debito,3000,3000,479,0
1123,2024-05-21,2024,5,May,Tuesday,False,21,15,almuerzo,Servir,Efectivo,11000,11000,1756,0
1124,2024-05-21,2024,5,May,Tuesday,False,21,15,almuerzo,Llevar,Debito,4000,0,639,0
1125,2024-05-21,2024,5,May,Tuesday,False,21,15,almuerzo,Llevar,Debito,2000,0,319,0
1126,2024-05-21,2024,5,May,Tuesday,False,21,15,almuerzo,Servir,Efectivo,5600,0,0,0
1127,2024-05-21,2024,5,May,Tuesday,False,21,15,almuerzo,Llevar,Debito,7100,0,0,0
1128,2024-05-21,2024,5,May,Tuesday,False,21,15,almuerzo,Servir,Debito,7500,0,1197,0
1129,2024-05-21,2024,5,May,Tuesday,False,21,15,almuerzo,Llevar,Debito,5400,0,862,0
1130,2024-05-21,2024,5,May,Tuesday,False,21,15,almuerzo,Llevar,Efectivo,4000,0,639,0
1131,2024-05-21,2024,5,May,Tuesday,False,21,16,tarde,Llevar,Debito,7400,0,1182,0
1132,2024-05-21,2024,5,May,Tuesday,False,21,16,tarde,Servir,Debito,6000,0,958,0
1133,2024-05-21,2024,5,May,Tuesday,False,21,16,tarde,Llevar,Debito,19300,0,3082,0
1134,2024-05-21,2024,5,May,Tuesday,False,21,16,tarde,Llevar,Efectivo,6200,0,990,0
1135,2024-05-21,2024,5,May,Tuesday,False,21,16,tarde,Servir,Debito,12500,0,1996,0
1136,2024-05-21,2024,5,May,Tuesday,False,21,16,tarde,Servir,Debito,8500,0,1357,0
1137,2024-05-21,2024,5,May,Tuesday,False,21,16,tarde,Llevar,Debito,14500,0,2315,0
1138,2024-05-21,2024,5,May,Tuesday,False,21,16,tarde,Servir,Debito,22600,0,3608,0
1139,2024-05-21,2024,5,May,Tuesday,False,21,16,tarde,Llevar,Debito,6900,0,1102,0
1140,2024-05-21,2024,5,May,Tuesday,False,21,16,tarde,Llevar,Debito,21600,0,3449,0
1141,2024-05-21,2024,5,May,Tuesday,False,21,16,tarde,Llevar,Debito,7600,0,1213,0
1142,2024-05-21,2024,5,May,Tuesday,False,21,16,tarde,Llevar,Debito,8000,0,1277,0
1143,2024-05-21,2024,5,May,Tuesday,False,21,16,tarde,Llevar,Debito,14400,0,2299,0
1144,2024-05-21,2024,5,May,Tuesday,False,21,17,tarde,Servir,Debito,6300,0,1006,0
1145,2024-05-21,2024,5,May,Tuesday,False,21,17,tarde,Llevar,Debito,6500,0,1038,0
1146,2024-05-21,2024,5,May,Tuesday,False,21,17,tarde,Servir,Debito,13400,0,2139,0
1147,2024-05-21,2024,5,May,Tuesday,False,21,17,tarde,Llevar,Debito,14500,0,2315,0
1148,2024-05-21,2024,5,May,Tuesday,False,21,17,tarde,Llevar,Efectivo,1600,0,255,0
1149,2024-05-21,2024,5,May,Tuesday,False,21,17,tarde,Servir,Debito,11000,0,1756,0
1150,2024-05-21,2024,5,May,Tuesday,False,21,17,tarde,Llevar,Debito,4600,0,734,0
1151,2024-05-21,2024,5,May,Tuesday,False,21,17,tarde,Llevar,Debito,12800,0,2044,0
1152,2024-05-21,2024,5,May,Tuesday,False,21,17,tarde,Llevar,Efectivo,8000,0,1277,0
1153,2024-05-21,2024,5,May,Tuesday,False,21,17,tarde,Servir,Credito,3100,0,495,0
1154,2024-05-21,2024,5,May,Tuesday,False,21,17,tarde,Servir,Debito,7500,0,1197,0
1155,2024-05-21,2024,5,May,Tuesday,False,21,17,tarde,Servir,Credito,13800,0,2203,0
1156,2024-05-21,2024,5,May,Tuesday,False,21,17,tarde,Servir,Efectivo,12000,0,1916,0
1157,2024-05-21,2024,5,May,Tuesday,False,21,17,tarde,Llevar,Debito,14600,0,2331,0
1158,2024-05-21,2024,5,May,Tuesday,False,21,17,tarde,Llevar,Credito,4700,0,750,0
1159,2024-05-21,2024,5,May,Tuesday,False,21,17,tarde,Llevar,Debito,3300,0,527,0
1160,2024-05-21,2024,5,May,Tuesday,False,21,17,tarde,Llevar,Debito,2000,0,319,0
1161,2024-05-21,2024,5,May,Tuesday,False,21,17,tarde,Servir,Debito,5000,0,798,0
1162,2024-05-21,2024,5,May,Tuesday,False,21,17,tarde,Servir,Credito,7500,0,1197,0
1163,2024-05-21,2024,5,May,Tuesday,False,21,18,tarde,Servir,Debito,9000,0,1437,0
1164,2024-05-21,2024,5,May,Tuesday,False,21,18,tarde,Llevar,Debito,4500,0,718,0
1165,2024-05-21,2024,5,May,Tuesday,False,21,18,tarde,Llevar,Efectivo,1900,0,303,0
1166,2024-05-21,2024,5,May,Tuesday,False,21,18,tarde,Servir,Debito,2000,0,319,0
1167,2024-05-21,2024,5,May,Tuesday,False,21,18,tarde,Servir,Debito,8400,0,1341,0
1168,2024-05-21,2024,5,May,Tuesday,False,21,18,tarde,Llevar,Debito,15000,0,2395,0
1169,2024-05-21,2024,5,May,Tuesday,False,21,18,tarde,Servir,Credito,12000,0,1916,0
1170,2024-05-21,2024,5,May,Tuesday,False,21,18,tarde,Llevar,Debito,17800,0,2842,0
1171,2024-05-21,2024,5,May,Tuesday,False,21,18,tarde,Llevar,Efectivo,3000,0,479,0
1172,2024-05-21,2024,5,May,Tuesday,False,21,18,tarde,Servir,Debito,2800,0,447,0
1173,2024-05-21,2024,5,May,Tuesday,False,21,18,tarde,Servir,Credito,10500,0,1676,0
1174,2024-05-21,2024,5,May,Tuesday,False,21,18,tarde,Servir,Debito,3000,0,479,0
1175,2024-05-21,2024,5,May,Tuesday,False,21,18,tarde,Servir,Debito,13200,0,2108,0
1176,2024-05-21,2024,5,May,Tuesday,False,21,18,tarde,Servir,Efectivo,7500,0,1197,0
1177,2024-05-21,2024,5,May,Tuesday,False,21,18,tarde,Llevar,Efectivo,2000,0,319,0
1178,2024-05-21,2024,5,May,Tuesday,False,21,18,tarde,Servir,Debito,4800,0,766,0
1179,2024-05-21,2024,5,May,Tuesday,False,21,19,cierre,Servir,Debito,14600,0,2331,0
1180,2024-05-21,2024,5,May,Tuesday,False,21,19,cierre,Llevar,Credito,1500,0,0,0
1181,2024-05-21,2024,5,May,Tuesday,False,21,19,cierre,Servir,Credito,2500,0,399,0
1182,2024-05-21,2024,5,May,Tuesday,False,21,19,cierre,Servir,Debito,8300,0,1325,0
1183,2024-05-21,2024,5,May,Tuesday,False,21,19,cierre,Servir,Credito,8400,0,1341,0
1184,2024-05-21,2024,5,May,Tuesday,False,21,19,cierre,Servir,Debito,1400,0,224,0
1185,2024-05-21,2024,5,May,Tuesday,False,21,19,cierre,Servir,Debito,3401,0,543,0
1186,2024-05-21,2024,5,May,Tuesday,False,21,19,cierre,Servir,Debito,2700,0,431,0
1188,2024-05-21,2024,5,May,Tuesday,False,21,19,cierre,Servir,Debito,4000,0,0,0
1189,2024-05-21,2024,5,May,Tuesday,False,21,19,cierre,Llevar,Debito,2000,0,319,0
1190,2024-05-21,2024,5,May,Tuesday,False,21,19,cierre,Servir,Debito,6279,0,1003,0
1191,2024-05-21,2024,5,May,Tuesday,False,21,19,cierre,Servir,Debito,6300,0,1006,0
1192,2024-05-21,2024,5,May,Tuesday,False,21,20,cierre,Servir,Debito,6800,0,1086,0
1193,2024-05-21,2024,5,May,Tuesday,False,21,20,cierre,Servir,Debito,2700,0,431,0
1194,2024-05-22,2024,5,May,Wednesday,False,21,16,tarde,Llevar,Efectivo,4000,0,639,0
1195,2024-05-22,2024,5,May,Wednesday,False,21,16,tarde,Servir,Efectivo,66000,0,0,0
1196,2024-05-22,2024,5,May,Wednesday,False,21,16,tarde,Servir,Efectivo,9600,0,0,0
1197,2024-05-22,2024,5,May,Wednesday,False,21,16,tarde,Llevar,Credito,3500,0,559,0
1198,2024-05-22,2024,5,May,Wednesday,False,21,16,tarde,Llevar,Efectivo,1800,0,287,0
1199,2024-05-22,2024,5,May,Wednesday,False,21,16,tarde,Servir,Debito,9800,0,1565,0
1200,2024-05-22,2024,5,May,Wednesday,False,21,16,tarde,Servir,Debito,7900,0,1261,0
1201,2024-05-22,2024,5,May,Wednesday,False,21,16,tarde,Servir,Debito,4000,0,0,0
1202,2024-05-22,2024,5,May,Wednesday,False,21,16,tarde,Llevar,Credito,8300,0,1325,0
1203,2024-05-22,2024,5,May,Wednesday,False,21,16,tarde,Llevar,Debito,3100,0,495,0
1204,2024-05-22,2024,5,May,Wednesday,False,21,16,tarde,Llevar,Debito,6600,0,1054,0
1205,2024-05-22,2024,5,May,Wednesday,False,21,16,tarde,Llevar,Debito,1600,0,255,0
1206,2024-05-22,2024,5,May,Wednesday,False,21,17,tarde,Servir,Debito,7400,0,0,0
1207,2024-05-22,2024,5,May,Wednesday,False,21,17,tarde,Servir,Debito,6200,0,990,0
1208,2024-05-22,2024,5,May,Wednesday,False,21,17,tarde,Llevar,Debito,3500,0,559,0
1209,2024-05-22,2024,5,May,Wednesday,False,21,17,tarde,Llevar,Efectivo,2000,0,319,0
1210,2024-05-22,2024,5,May,Wednesday,False,21,17,tarde,Servir,Debito,6600,0,1054,0
1211,2024-05-22,2024,5,May,Wednesday,False,21,17,tarde,Servir,Debito,19300,0,3082,0
1212,2024-05-22,2024,5,May,Wednesday,False,21,17,tarde,Llevar,Debito,2700,0,431,0
1213,2024-05-22,2024,5,May,Wednesday,False,21,17,tarde,Llevar,Credito,7900,0,1261,0
1214,2024-05-22,2024,5,May,Wednesday,False,21,17,tarde,Servir,Debito,10000,0,1597,0
1215,2024-05-22,2024,5,May,Wednesday,False,21,17,tarde,Llevar,Debito,2000,0,319,0
1216,2024-05-22,2024,5,May,Wednesday,False,21,17,tarde,Servir,Efectivo,6240,0,997,0
1217,2024-05-22,2024,5,May,Wednesday,False,21,17,tarde,Llevar,Debito,3500,0,559,0
1218,2024-05-22,2024,5,May,Wednesday,False,21,17,tarde,Servir,Efectivo,92920,0,0,0
1219,2024-05-22,2024,5,May,Wednesday,False,21,17,tarde,Servir,Debito,16200,0,2587,0
1220,2024-05-22,2024,5,May,Wednesday,False,21,17,tarde,Llevar,Debito,2000,0,319,0
1221,2024-05-22,2024,5,May,Wednesday,False,21,18,tarde,Servir,Efectivo,10300,0,1645,0
1222,2024-05-22,2024,5,May,Wednesday,False,21,18,tarde,Llevar,Efectivo,9300,0,1485,0
1223,2024-05-22,2024,5,May,Wednesday,False,21,18,tarde,Servir,Debito,9600,0,1533,0
1224,2024-05-22,2024,5,May,Wednesday,False,21,18,tarde,Servir,Debito,5800,0,926,0
1225,2024-05-22,2024,5,May,Wednesday,False,21,18,tarde,Llevar,Debito,2000,0,0,0
1226,2024-05-22,2024,5,May,Wednesday,False,21,18,tarde,Servir,Debito,11800,0,1884,0
1227,2024-05-22,2024,5,May,Wednesday,False,21,18,tarde,Llevar,Debito,3700,0,591,0
1228,2024-05-22,2024,5,May,Wednesday,False,21,18,tarde,Llevar,Debito,2800,0,447,0
1229,2024-05-22,2024,5,May,Wednesday,False,21,18,tarde,Servir,Debito,18900,0,3018,0
1230,2024-05-22,2024,5,May,Wednesday,False,21,18,tarde,Llevar,Efectivo,3000,0,479,0
1231,2024-05-22,2024,5,May,Wednesday,False,21,18,tarde,Llevar,Debito,6700,0,1070,0
1232,2024-05-22,2024,5,May,Wednesday,False,21,18,tarde,Llevar,Debito,9800,0,1565,0
1233,2024-05-22,2024,5,May,Wednesday,False,21,18,tarde,Llevar,Efectivo,9500,0,1517,0
1234,2024-05-22,2024,5,May,Wednesday,False,21,18,tarde,Llevar,Debito,5600,0,894,0
1235,2024-05-22,2024,5,May,Wednesday,False,21,18,tarde,Llevar,Efectivo,2000,0,319,0
1236,2024-05-22,2024,5,May,Wednesday,False,21,18,tarde,Llevar,Debito,4800,0,766,0
1237,2024-05-22,2024,5,May,Wednesday,False,21,18,tarde,Servir,Debito,13300,0,2124,0
1238,2024-05-22,2024,5,May,Wednesday,False,21,18,tarde,Llevar,Debito,3500,0,559,0
1239,2024-05-22,2024,5,May,Wednesday,False,21,19,cierre,Servir,Efectivo,8000,0,1277,0
1240,2024-05-22,2024,5,May,Wednesday,False,21,19,cierre,Servir,Efectivo,15000,0,2395,0
1241,2024-05-22,2024,5,May,Wednesday,False,21,19,cierre,Llevar,Efectivo,6200,0,0,0
1242,2024-05-22,2024,5,May,Wednesday,False,21,19,cierre,Llevar,Debito,9300,0,1485,0
1243,2024-05-22,2024,5,May,Wednesday,False,21,19,cierre,Llevar,Debito,15000,0,0,0
1244,2024-05-22,2024,5,May,Wednesday,False,21,19,cierre,Llevar,Debito,4500,0,718,0
1245,2024-05-22,2024,5,May,Wednesday,False,21,20,cierre,Servir,Debito,7731,0,1235,0
1246,2024-05-22,2024,5,May,Wednesday,False,21,20,cierre,Servir,Credito,6300,0,1006,0
1247,2024-05-22,2024,5,May,Wednesday,False,21,20,cierre,Servir,Debito,13600,0,2171,0
1248,2024-05-22,2024,5,May,Wednesday,False,21,20,cierre,Servir,Debito,3000,0,479,0
1249,2024-05-22,2024,5,May,Wednesday,False,21,20,cierre,Servir,Debito,7100,0,1134,0
1250,2024-05-22,2024,5,May,Wednesday,False,21,20,cierre,Servir,Debito,4500,0,718,0
1251,2024-05-22,2024,5,May,Wednesday,False,21,20,cierre,Servir,Credito,2800,0,447,0
1252,2024-05-22,2024,5,May,Wednesday,False,21,20,cierre,Servir,Debito,20800,0,3321,0
1253,2024-05-23,2024,5,May,Thursday,False,21,13,almuerzo,Llevar,Debito,5000,0,798,0
1254,2024-05-23,2024,5,May,Thursday,False,21,13,almuerzo,Llevar,Debito,5100,0,814,0
1255,2024-05-23,2024,5,May,Thursday,False,21,13,almuerzo,Llevar,Debito,6700,0,1070,0
1256,2024-05-23,2024,5,May,Thursday,False,21,14,almuerzo,Llevar,Debito,5600,0,894,0
1257,2024-05-23,2024,5,May,Thursday,False,21,15,almuerzo,Llevar,Credito,8800,0,1405,0
1258,2024-05-23,2024,5,May,Thursday,False,21,15,almuerzo,Llevar,Efectivo,3500,0,559,0
1259,2024-05-23,2024,5,May,Thursday,False,21,15,almuerzo,Llevar,Efectivo,2000,0,319,0
1260,2024-05-23,2024,5,May,Thursday,False,21,15,almuerzo,Llevar,Debito,3400,0,543,0
1261,2024-05-23,2024,5,May,Thursday,False,21,15,almuerzo,Llevar,Debito,3500,0,559,0
1262,2024-05-23,2024,5,May,Thursday,False,21,16,tarde,Llevar,Debito,2000,0,319,0
1263,2024-05-23,2024,5,May,Thursday,False,21,16,tarde,Servir,Debito,3200,0,511,0
1264,2024-05-23,2024,5,May,Thursday,False,21,16,tarde,Servir,Debito,5500,0,878,0
1265,2024-05-23,2024,5,May,Thursday,False,21,16,tarde,Servir,Debito,5000,0,0,0
1266,2024-05-23,2024,5,May,Thursday,False,21,16,tarde,Servir,Debito,2800,0,447,0
1267,2024-05-23,2024,5,May,Thursday,False,21,16,tarde,Servir,Debito,2800,0,447,0
1268,2024-05-23,2024,5,May,Thursday,False,21,16,tarde,Servir,Credito,12300,0,0,0
1269,2024-05-23,2024,5,May,Thursday,False,21,16,tarde,Servir,Debito,8900,0,1421,0
1270,2024-05-23,2024,5,May,Thursday,False,21,16,tarde,Llevar,Debito,4000,0,639,0
1271,2024-05-23,2024,5,May,Thursday,False,21,16,tarde,Llevar,Debito,6800,0,1086,0
1272,2024-05-23,2024,5,May,Thursday,False,21,16,tarde,Servir,Debito,17400,0,0,0
1273,2024-05-23,2024,5,May,Thursday,False,21,16,tarde,Llevar,Efectivo,7700,0,1229,0
1274,2024-05-23,2024,5,May,Thursday,False,21,17,tarde,Llevar,Debito,4000,0,639,0
1275,2024-05-23,2024,5,May,Thursday,False,21,17,tarde,Llevar,Debito,4700,0,750,0
1276,2024-05-23,2024,5,May,Thursday,False,21,17,tarde,Llevar,Debito,6700,0,1070,0
1277,2024-05-23,2024,5,May,Thursday,False,21,17,tarde,Llevar,Debito,3100,0,495,0
1278,2024-05-23,2024,5,May,Thursday,False,21,17,tarde,Llevar,Debito,1400,0,224,0
1279,2024-05-23,2024,5,May,Thursday,False,21,17,tarde,Llevar,Debito,3200,0,511,0
1280,2024-05-23,2024,5,May,Thursday,False,21,17,tarde,Llevar,Transferencia,4200,0,671,0
1281,2024-05-23,2024,5,May,Thursday,False,21,17,tarde,Servir,Debito,5100,0,814,0
1282,2024-05-23,2024,5,May,Thursday,False,21,17,tarde,Llevar,Debito,19000,0,3034,0
1283,2024-05-23,2024,5,May,Thursday,False,21,17,tarde,Llevar,Debito,6300,0,1006,0
1284,2024-05-23,2024,5,May,Thursday,False,21,17,tarde,Llevar,Debito,9000,0,1437,0
1285,2024-05-23,2024,5,May,Thursday,False,21,17,tarde,Llevar,Credito,8100,0,1293,0
1286,2024-05-23,2024,5,May,Thursday,False,21,17,tarde,Servir,Credito,15900,0,0,0
1287,2024-05-23,2024,5,May,Thursday,False,21,17,tarde,Llevar,Debito,3100,0,495,0
1288,2024-05-23,2024,5,May,Thursday,False,21,17,tarde,Servir,Debito,4000,0,639,0
1289,2024-05-23,2024,5,May,Thursday,False,21,17,tarde,Llevar,Debito,7800,0,1245,0
1290,2024-05-23,2024,5,May,Thursday,False,21,17,tarde,Llevar,Efectivo,2500,0,399,0
1291,2024-05-23,2024,5,May,Thursday,False,21,17,tarde,Llevar,Debito,4000,0,639,0
1292,2024-05-23,2024,5,May,Thursday,False,21,17,tarde,Llevar,Debito,1500,0,239,0
1293,2024-05-23,2024,5,May,Thursday,False,21,17,tarde,Servir,Debito,5000,0,798,0
1294,2024-05-23,2024,5,May,Thursday,False,21,17,tarde,Servir,Debito,10200,0,0,0
1295,2024-05-23,2024,5,May,Thursday,False,21,17,tarde,Llevar,Debito,8500,0,1357,0
1296,2024-05-23,2024,5,May,Thursday,False,21,17,tarde,Servir,Efectivo,4000,0,639,0
1297,2024-05-23,2024,5,May,Thursday,False,21,17,tarde,Llevar,Debito,4000,0,639,0
1298,2024-05-23,2024,5,May,Thursday,False,21,17,tarde,Llevar,Debito,1400,0,224,0
1299,2024-05-23,2024,5,May,Thursday,False,21,17,tarde,Llevar,Debito,7800,0,1245,0
1300,2024-05-23,2024,5,May,Thursday,False,21,17,tarde,Llevar,Debito,5400,0,862,0
1301,2024-05-23,2024,5,May,Thursday,False,21,17,tarde,Llevar,Debito,14500,0,2315,0
1302,2024-05-23,2024,5,May,Thursday,False,21,17,tarde,Llevar,Efectivo,6000,0,958,0
1303,2024-05-23,2024,5,May,Thursday,False,21,18,tarde,Servir,Debito,5100,0,814,0
1304,2024-05-23,2024,5,May,Thursday,False,21,18,tarde,Servir,Credito,5500,0,878,0
1305,2024-05-23,2024,5,May,Thursday,False,21,18,tarde,Servir,Debito,5000,0,798,0
1306,2024-05-23,2024,5,May,Thursday,False,21,18,tarde,Servir,Debito,5300,0,846,0
1307,2024-05-23,2024,5,May,Thursday,False,21,18,tarde,Llevar,Debito,8800,0,1405,0
1308,2024-05-23,2024,5,May,Thursday,False,21,18,tarde,Servir,Credito,2000,0,319,0
1309,2024-05-23,2024,5,May,Thursday,False,21,18,tarde,Servir,Debito,4000,0,639,0
1310,2024-05-23,2024,5,May,Thursday,False,21,18,tarde,Llevar,Transferencia,2200,0,351,0
1311,2024-05-23,2024,5,May,Thursday,False,21,18,tarde,Llevar,Debito,4000,0,639,0
1312,2024-05-23,2024,5,May,Thursday,False,21,18,tarde,Llevar,Debito,4200,0,671,0
1313,2024-05-23,2024,5,May,Thursday,False,21,18,tarde,Servir,Efectivo,5000,0,798,0
1314,2024-05-23,2024,5,May,Thursday,False,21,18,tarde,Servir,Debito,17800,0,2842,0
1315,2024-05-23,2024,5,May,Thursday,False,21,18,tarde,Servir,Debito,5300,0,846,0
1316,2024-05-23,2024,5,May,Thursday,False,21,18,tarde,Servir,Debito,9800,0,0,0
1317,2024-05-23,2024,5,May,Thursday,False,21,18,tarde,Servir,Debito,9700,0,1549,0
1318,2024-05-23,2024,5,May,Thursday,False,21,18,tarde,Servir,Debito,10200,0,1629,0
1319,2024-05-23,2024,5,May,Thursday,False,21,18,tarde,Servir,Efectivo,9200,0,1469,0
1320,2024-05-23,2024,5,May,Thursday,False,21,19,cierre,Servir,Debito,2000,0,319,0
1321,2024-05-23,2024,5,May,Thursday,False,21,19,cierre,Llevar,Debito,3400,0,543,0
1322,2024-05-23,2024,5,May,Thursday,False,21,19,cierre,Servir,Debito,9000,0,1437,0
1323,2024-05-23,2024,5,May,Thursday,False,21,19,cierre,Servir,Efectivo,6500,0,0,0
1324,2024-05-23,2024,5,May,Thursday,False,21,19,cierre,Llevar,Debito,7100,0,1134,0
1325,2024-05-23,2024,5,May,Thursday,False,21,19,cierre,Servir,Debito,2200,0,351,0
1326,2024-05-23,2024,5,May,Thursday,False,21,19,cierre,Servir,Debito,6000,0,0,0
1327,2024-05-23,2024,5,May,Thursday,False,21,19,cierre,Llevar,Efectivo,5300,0,846,0
1328,2024-05-23,2024,5,May,Thursday,False,21,19,cierre,Llevar,Debito,5800,0,926,0
1329,2024-05-23,2024,5,May,Thursday,False,21,19,cierre,Llevar,Debito,1000,0,0,0
1330,2024-05-23,2024,5,May,Thursday,False,21,19,cierre,Llevar,Debito,8191,0,1308,0
1331,2024-05-23,2024,5,May,Thursday,False,21,19,cierre,Llevar,Debito,3100,0,495,0
1332,2024-05-23,2024,5,May,Thursday,False,21,20,cierre,Servir,Credito,5230,0,835,0
1333,2024-05-23,2024,5,May,Thursday,False,21,20,cierre,Servir,Credito,3000,0,0,0
1334,2024-05-24,2024,5,May,Friday,False,21,9,apertura,Servir,Transferencia,36000,6000,0,0
1335,2024-05-24,2024,5,May,Friday,False,21,14,almuerzo,Servir,Debito,4400,0,703,0
1336,2024-05-24,2024,5,May,Friday,False,21,16,tarde,Servir,Debito,10800,0,1724,0
1337,2024-05-24,2024,5,May,Friday,False,21,16,tarde,Servir,Debito,5100,0,814,0
1338,2024-05-24,2024,5,May,Friday,False,21,16,tarde,Servir,Credito,18100,0,2890,0
1339,2024-05-24,2024,5,May,Friday,False,21,16,tarde,Servir,Debito,7500,0,1197,0
1340,2024-05-24,2024,5,May,Friday,False,21,16,tarde,Servir,Debito,5600,0,894,0
1341,2024-05-24,2024,5,May,Friday,False,21,16,tarde,Llevar,Efectivo,4000,0,639,0
1342,2024-05-24,2024,5,May,Friday,False,21,16,tarde,Servir,Efectivo,11500,0,1836,0
1343,2024-05-24,2024,5,May,Friday,False,21,16,tarde,Servir,Credito,13600,0,2171,0
1344,2024-05-24,2024,5,May,Friday,False,21,16,tarde,Llevar,Efectivo,6500,0,1038,0
1345,2024-05-24,2024,5,May,Friday,False,21,16,tarde,Llevar,Debito,1400,0,224,0
1346,2024-05-24,2024,5,May,Friday,False,21,16,tarde,Llevar,Debito,2000,0,319,0
1347,2024-05-24,2024,5,May,Friday,False,21,16,tarde,Llevar,Debito,2000,0,319,0
1348,2024-05-24,2024,5,May,Friday,False,21,16,tarde,Llevar,Debito,4800,0,766,0
1349,2024-05-24,2024,5,May,Friday,False,21,16,tarde,Llevar,Debito,4800,0,766,0
1350,2024-05-24,2024,5,May,Friday,False,21,16,tarde,Servir,Debito,3600,0,575,0
1351,2024-05-24,2024,5,May,Friday,False,21,16,tarde,Servir,Efectivo,4800,0,766,0
1352,2024-05-24,2024,5,May,Friday,False,21,17,tarde,Servir,Efectivo,15000,0,2395,0
1353,2024-05-24,2024,5,May,Friday,False,21,17,tarde,Llevar,Debito,4800,0,766,0
1354,2024-05-24,2024,5,May,Friday,False,21,17,tarde,Servir,Credito,5800,0,926,0
1355,2024-05-24,2024,5,May,Friday,False,21,17,tarde,Servir,Efectivo,3100,0,495,0
1356,2024-05-24,2024,5,May,Friday,False,21,17,tarde,Llevar,Debito,5900,0,942,0
1357,2024-05-24,2024,5,May,Friday,False,21,17,tarde,Servir,Debito,12800,0,2044,0
1358,2024-05-24,2024,5,May,Friday,False,21,17,tarde,Llevar,Debito,5800,0,926,0
1359,2024-05-24,2024,5,May,Friday,False,21,17,tarde,Llevar,Efectivo,2000,0,319,0
1360,2024-05-24,2024,5,May,Friday,False,21,17,tarde,Servir,Credito,7000,0,1118,0
1361,2024-05-24,2024,5,May,Friday,False,21,17,tarde,Servir,Debito,2700,0,431,0
1362,2024-05-24,2024,5,May,Friday,False,21,17,tarde,Llevar,Debito,2000,0,319,0
1363,2024-05-24,2024,5,May,Friday,False,21,17,tarde,Servir,Debito,21000,0,3353,0
1364,2024-05-24,2024,5,May,Friday,False,21,17,tarde,Llevar,Debito,2700,0,431,0
1365,2024-05-24,2024,5,May,Friday,False,21,17,tarde,Servir,Efectivo,5000,0,798,0
1366,2024-05-24,2024,5,May,Friday,False,21,17,tarde,Servir,Debito,10000,0,1597,0
1367,2024-05-24,2024,5,May,Friday,False,21,17,tarde,Servir,Efectivo,3100,0,495,0
1368,2024-05-24,2024,5,May,Friday,False,21,17,tarde,Llevar,Efectivo,4000,0,0,0
1369,2024-05-24,2024,5,May,Friday,False,21,18,tarde,Llevar,Debito,8000,0,0,0
1370,2024-05-24,2024,5,May,Friday,False,21,18,tarde,Llevar,Efectivo,2000,0,319,0
1371,2024-05-24,2024,5,May,Friday,False,21,18,tarde,Llevar,Debito,2000,0,319,0
1372,2024-05-24,2024,5,May,Friday,False,21,18,tarde,Llevar,Efectivo,9000,0,1437,0
1373,2024-05-24,2024,5,May,Friday,False,21,18,tarde,Llevar,Debito,9600,0,1533,0
1374,2024-05-24,2024,5,May,Friday,False,21,18,tarde,Llevar,Efectivo,3200,0,511,0
1375,2024-05-24,2024,5,May,Friday,False,21,19,cierre,Llevar,Debito,7500,0,1197,0
1376,2024-05-24,2024,5,May,Friday,False,21,19,cierre,Llevar,Debito,5000,0,798,0
1377,2024-05-24,2024,5,May,Friday,False,21,19,cierre,Servir,Debito,8500,0,1357,0
1378,2024-05-24,2024,5,May,Friday,False,21,19,cierre,Servir,Debito,17000,0,2714,0
1379,2024-05-24,2024,5,May,Friday,False,21,19,cierre,Llevar,Debito,3000,0,479,0
1380,2024-05-24,2024,5,May,Friday,False,21,19,cierre,Servir,Efectivo,14600,0,2331,0
1381,2024-05-24,2024,5,May,Friday,False,21,19,cierre,Servir,Debito,5000,0,798,0
1382,2024-05-24,2024,5,May,Friday,False,21,19,cierre,Servir,Debito,12700,0,2028,0
1383,2024-05-24,2024,5,May,Friday,False,21,19,cierre,Servir,Efectivo,13400,0,2139,0
1384,2024-05-24,2024,5,May,Friday,False,21,20,cierre,Servir,Credito,13800,0,2203,0
1385,2024-05-24,2024,5,May,Friday,False,21,20,cierre,Llevar,Debito,10800,0,1724,0
1386,2024-05-24,2024,5,May,Friday,False,21,20,cierre,Llevar,Efectivo,4000,0,639,0
1387,2024-05-25,2024,5,May,Saturday,True,21,11,manana,Llevar,Debito,15000,0,2395,0
1388,2024-05-25,2024,5,May,Saturday,True,21,11,manana,Llevar,Debito,8700,0,1389,0
1389,2024-05-25,2024,5,May,Saturday,True,21,12,manana,Llevar,Debito,3500,0,559,0
1390,2024-05-25,2024,5,May,Saturday,True,21,12,manana,Llevar,Debito,3500,0,559,0
1391,2024-05-25,2024,5,May,Saturday,True,21,12,manana,Llevar,Efectivo,1300,0,208,0
1392,2024-05-25,2024,5,May,Saturday,True,21,12,manana,Llevar,Efectivo,2000,0,319,0
1393,2024-05-25,2024,5,May,Saturday,True,21,13,almuerzo,Servir,Debito,8000,0,1277,0
1394,2024-05-25,2024,5,May,Saturday,True,21,13,almuerzo,Llevar,Efectivo,5700,0,0,0
1395,2024-05-25,2024,5,May,Saturday,True,21,13,almuerzo,Servir,Efectivo,4000,0,0,0
1397,2024-05-25,2024,5,May,Saturday,True,21,14,almuerzo,Llevar,Debito,6000,0,958,0
1398,2024-05-25,2024,5,May,Saturday,True,21,14,almuerzo,Llevar,Debito,6000,0,0,0
1399,2024-05-25,2024,5,May,Saturday,True,21,14,almuerzo,Servir,Efectivo,12800,0,0,0
1400,2024-05-25,2024,5,May,Saturday,True,21,14,almuerzo,Servir,Efectivo,5500,0,878,0
1401,2024-05-25,2024,5,May,Saturday,True,21,15,almuerzo,Servir,Debito,10000,0,1597,0
1402,2024-05-25,2024,5,May,Saturday,True,21,15,almuerzo,Servir,Debito,6800,0,1086,0
1403,2024-05-25,2024,5,May,Saturday,True,21,15,almuerzo,Servir,Efectivo,20000,0,3193,0
1404,2024-05-25,2024,5,May,Saturday,True,21,15,almuerzo,Servir,Efectivo,7000,0,0,0
1405,2024-05-25,2024,5,May,Saturday,True,21,15,almuerzo,Llevar,Debito,3400,0,543,0
1406,2024-05-25,2024,5,May,Saturday,True,21,15,almuerzo,Llevar,Debito,1400,0,224,0
1407,2024-05-25,2024,5,May,Saturday,True,21,15,almuerzo,Llevar,Debito,5800,0,926,0
1408,2024-05-25,2024,5,May,Saturday,True,21,15,almuerzo,Servir,Debito,14000,0,2235,0
1409,2024-05-25,2024,5,May,Saturday,True,21,15,almuerzo,Servir,Debito,4600,0,734,0
1410,2024-05-25,2024,5,May,Saturday,True,21,15,almuerzo,Servir,Debito,24300,0,3880,0
1411,2024-05-25,2024,5,May,Saturday,True,21,15,almuerzo,Llevar,Debito,3500,0,0,0
1412,2024-05-25,2024,5,May,Saturday,True,21,15,almuerzo,Servir,Debito,5700,0,910,0
1413,2024-05-25,2024,5,May,Saturday,True,21,15,almuerzo,Llevar,Debito,3400,0,543,0
1414,2024-05-25,2024,5,May,Saturday,True,21,15,almuerzo,Llevar,Credito,5600,0,894,0
1415,2024-05-25,2024,5,May,Saturday,True,21,15,almuerzo,Llevar,Debito,3400,0,543,0
1416,2024-05-25,2024,5,May,Saturday,True,21,15,almuerzo,Servir,Debito,10700,0,0,0
1417,2024-05-25,2024,5,May,Saturday,True,21,15,almuerzo,Llevar,Debito,8000,0,1277,0
1418,2024-05-25,2024,5,May,Saturday,True,21,15,almuerzo,Llevar,Debito,7500,0,1197,0
1419,2024-05-25,2024,5,May,Saturday,True,21,16,tarde,Llevar,Credito,4000,0,639,0
1420,2024-05-25,2024,5,May,Saturday,True,21,16,tarde,Servir,Efectivo,3600,0,575,0
1421,2024-05-25,2024,5,May,Saturday,True,21,16,tarde,Servir,Debito,4900,0,782,0
1422,2024-05-25,2024,5,May,Saturday,True,21,16,tarde,Llevar,Credito,8800,0,1405,0
1423,2024-05-25,2024,5,May,Saturday,True,21,16,tarde,Servir,Debito,17200,0,2746,0
1424,2024-05-25,2024,5,May,Saturday,True,21,16,tarde,Llevar,Debito,3400,0,543,0
1425,2024-05-25,2024,5,May,Saturday,True,21,16,tarde,Llevar,Debito,1400,0,224,0
1426,2024-05-25,2024,5,May,Saturday,True,21,16,tarde,Llevar,Efectivo,5200,0,830,0
1427,2024-05-25,2024,5,May,Saturday,True,21,16,tarde,Llevar,Credito,6800,0,1086,0
1428,2024-05-25,2024,5,May,Saturday,True,21,16,tarde,Servir,Debito,3500,0,559,0
1429,2024-05-25,2024,5,May,Saturday,True,21,16,tarde,Servir,Debito,31800,0,5077,0
1430,2024-05-25,2024,5,May,Saturday,True,21,16,tarde,Llevar,Efectivo,12800,0,2044,0
1432,2024-05-25,2024,5,May,Saturday,True,21,16,tarde,Servir,Debito,4900,0,782,0
1433,2024-05-25,2024,5,May,Saturday,True,21,16,tarde,Servir,Efectivo,3000,0,0,0
1434,2024-05-25,2024,5,May,Saturday,True,21,16,tarde,Servir,Debito,4000,0,0,0
1435,2024-05-25,2024,5,May,Saturday,True,21,16,tarde,Servir,Efectivo,2200,0,0,0
1436,2024-05-25,2024,5,May,Saturday,True,21,16,tarde,Llevar,Efectivo,4000,0,639,0
1437,2024-05-25,2024,5,May,Saturday,True,21,17,tarde,Servir,Efectivo,6000,0,958,0
1438,2024-05-25,2024,5,May,Saturday,True,21,17,tarde,Servir,Debito,11500,0,1836,0
1439,2024-05-25,2024,5,May,Saturday,True,21,17,tarde,Llevar,Efectivo,8600,0,1373,0
1440,2024-05-25,2024,5,May,Saturday,True,21,17,tarde,Servir,Debito,16400,0,0,0
1441,2024-05-25,2024,5,May,Saturday,True,21,17,tarde,Llevar,Credito,2000,0,319,0
1442,2024-05-25,2024,5,May,Saturday,True,21,17,tarde,Llevar,Efectivo,12590,810,2010,0
1443,2024-05-25,2024,5,May,Saturday,True,21,17,tarde,Llevar,Debito,6000,0,958,0
1444,2024-05-25,2024,5,May,Saturday,True,21,17,tarde,Servir,Debito,11200,0,1788,0
1445,2024-05-25,2024,5,May,Saturday,True,21,17,tarde,Llevar,Debito,10400,0,0,0
1446,2024-05-25,2024,5,May,Saturday,True,21,17,tarde,Servir,Debito,24000,0,3832,0
1448,2024-05-25,2024,5,May,Saturday,True,21,17,tarde,Servir,Efectivo,16000,0,2555,0
1449,2024-05-25,2024,5,May,Saturday,True,21,18,tarde,Llevar,Efectivo,2000,0,319,0
1450,2024-05-25,2024,5,May,Saturday,True,21,18,tarde,Llevar,Efectivo,2900,0,463,0
1451,2024-05-25,2024,5,May,Saturday,True,21,18,tarde,Servir,Debito,7800,0,1245,0
1452,2024-05-25,2024,5,May,Saturday,True,21,18,tarde,Servir,Efectivo,1400,0,0,0
1453,2024-05-25,2024,5,May,Saturday,True,21,18,tarde,Servir,Efectivo,25600,0,4087,0
1454,2024-05-25,2024,5,May,Saturday,True,21,18,tarde,Servir,Debito,11500,0,1836,0
1455,2024-05-25,2024,5,May,Saturday,True,21,18,tarde,Llevar,Efectivo,3000,0,479,0
1456,2024-05-25,2024,5,May,Saturday,True,21,18,tarde,Servir,Efectivo,5900,0,0,0
1457,2024-05-25,2024,5,May,Saturday,True,21,18,tarde,Llevar,Debito,9600,0,1533,0
1458,2024-05-25,2024,5,May,Saturday,True,21,18,tarde,Llevar,Efectivo,15000,0,2395,0
1459,2024-05-25,2024,5,May,Saturday,True,21,18,tarde,Servir,Credito,5800,0,0,0
1460,2024-05-25,2024,5,May,Saturday,True,21,18,tarde,Servir,Debito,17100,0,2730,0
1461,2024-05-25,2024,5,May,Saturday,True,21,18,tarde,Llevar,Efectivo,4000,0,639,0
1462,2024-05-25,2024,5,May,Saturday,True,21,18,tarde,Llevar,Debito,3300,0,527,0
1463,2024-05-25,2024,5,May,Saturday,True,21,18,tarde,Servir,Debito,15800,0,2523,0
1464,2024-05-25,2024,5,May,Saturday,True,21,18,tarde,Servir,Debito,3500,0,559,0
1465,2024-05-25,2024,5,May,Saturday,True,21,19,cierre,Llevar,Debito,11500,0,1836,0
1466,2024-05-25,2024,5,May,Saturday,True,21,19,cierre,Servir,Debito,2700,0,431,0
1467,2024-05-25,2024,5,May,Saturday,True,21,19,cierre,Servir,Debito,3500,0,559,0
1468,2024-05-25,2024,5,May,Saturday,True,21,19,cierre,Servir,Efectivo,4000,0,639,0
1469,2024-05-25,2024,5,May,Saturday,True,21,19,cierre,Llevar,Debito,3500,0,559,0
1470,2024-05-25,2024,5,May,Saturday,True,21,19,cierre,Llevar,Debito,9000,0,1437,0
1471,2024-05-25,2024,5,May,Saturday,True,21,19,cierre,Llevar,Debito,2700,0,431,0
1472,2024-05-25,2024,5,May,Saturday,True,21,19,cierre,Llevar,Debito,4430,0,0,0
1473,2024-05-25,2024,5,May,Saturday,True,21,20,cierre,Llevar,Debito,1482,0,0,0
1474,2024-05-25,2024,5,May,Saturday,True,21,20,cierre,Servir,Debito,4790,0,765,0
1475,2024-05-25,2024,5,May,Saturday,True,21,21,cierre,Servir,Transferencia,36000,6000,0,0
1476,2024-05-27,2024,5,May,Monday,False,22,1,apertura,Llevar,Debito,7000,0,1118,0
1477,2024-05-27,2024,5,May,Monday,False,22,1,apertura,Servir,Debito,10000,0,1597,0
1478,2024-05-27,2024,5,May,Monday,False,22,1,apertura,Servir,Debito,2000,0,319,0
1479,2024-05-27,2024,5,May,Monday,False,22,1,apertura,Servir,Debito,3900,0,623,0
1480,2024-05-27,2024,5,May,Monday,False,22,1,apertura,Servir,Debito,9300,0,1485,0
1481,2024-05-27,2024,5,May,Monday,False,22,1,apertura,Servir,Debito,16900,0,2698,0
1482,2024-05-27,2024,5,May,Monday,False,22,1,apertura,Servir,Debito,16800,0,2682,0
1483,2024-05-27,2024,5,May,Monday,False,22,1,apertura,Servir,Debito,9300,0,1485,0
1484,2024-05-27,2024,5,May,Monday,False,22,1,apertura,Servir,Debito,7600,0,1213,0
1485,2024-05-27,2024,5,May,Monday,False,22,1,apertura,Servir,Debito,12200,0,1948,0
1486,2024-05-27,2024,5,May,Monday,False,22,1,apertura,Servir,Debito,12600,0,2012,0
1487,2024-05-27,2024,5,May,Monday,False,22,1,apertura,Servir,Debito,7000,0,1118,0
1488,2024-05-27,2024,5,May,Monday,False,22,1,apertura,Servir,Debito,13800,0,2204,0
1489,2024-05-27,2024,5,May,Monday,False,22,1,apertura,Servir,Debito,16000,0,2555,0
1490,2024-05-27,2024,5,May,Monday,False,22,1,apertura,Servir,Debito,12980,120,2072,0
1491,2024-05-27,2024,5,May,Monday,False,22,1,apertura,Servir,Credito,11400,0,1820,0
1492,2024-05-27,2024,5,May,Monday,False,22,1,apertura,Servir,Debito,2200,0,351,0
1493,2024-05-27,2024,5,May,Monday,False,22,1,apertura,Servir,Debito,16380,20,2615,0
1494,2024-05-27,2024,5,May,Monday,False,22,1,apertura,Servir,Credito,3500,0,0,0
1495,2024-05-27,2024,5,May,Monday,False,22,1,apertura,Servir,Debito,29900,0,0,0
1496,2024-05-27,2024,5,May,Monday,False,22,13,almuerzo,Servir,Debito,19400,0,3097,0
1497,2024-05-27,2024,5,May,Monday,False,22,15,almuerzo,Llevar,Debito,5600,0,894,0
1498,2024-05-27,2024,5,May,Monday,False,22,15,almuerzo,Servir,Debito,7000,0,0,0
1499,2024-05-27,2024,5,May,Monday,False,22,15,almuerzo,Servir,Debito,5000,0,0,0
1500,2024-05-27,2024,5,May,Monday,False,22,15,almuerzo,Llevar,Debito,1500,0,0,0
1501,2024-05-27,2024,5,May,Monday,False,22,16,tarde,Llevar,Debito,11038,0,1762,0
1502,2024-05-27,2024,5,May,Monday,False,22,16,tarde,Llevar,Debito,2000,0,319,0
1503,2024-05-27,2024,5,May,Monday,False,22,16,tarde,Servir,Debito,4500,0,718,0
1504,2024-05-27,2024,5,May,Monday,False,22,16,tarde,Llevar,Debito,2000,0,319,0
1505,2024-05-27,2024,5,May,Monday,False,22,16,tarde,Servir,Efectivo,740,0,118,0
1506,2024-05-27,2024,5,May,Monday,False,22,16,tarde,Servir,Debito,3500,0,559,0
1507,2024-05-27,2024,5,May,Monday,False,22,16,tarde,Servir,Debito,1500,0,239,0
1508,2024-05-27,2024,5,May,Monday,False,22,16,tarde,Llevar,Debito,2000,0,319,0
1509,2024-05-27,2024,5,May,Monday,False,22,16,tarde,Servir,Debito,14900,0,2379,0
1510,2024-05-27,2024,5,May,Monday,False,22,16,tarde,Llevar,Debito,10600,0,1692,0
1511,2024-05-27,2024,5,May,Monday,False,22,17,tarde,Llevar,Debito,5500,0,878,0
1512,2024-05-27,2024,5,May,Monday,False,22,17,tarde,Servir,Debito,4000,0,639,0
1513,2024-05-27,2024,5,May,Monday,False,22,17,tarde,Llevar,Efectivo,2500,0,399,0
1514,2024-05-27,2024,5,May,Monday,False,22,17,tarde,Llevar,Debito,8000,0,1277,0
1515,2024-05-27,2024,5,May,Monday,False,22,17,tarde,Llevar,Debito,7000,0,1118,0
1516,2024-05-27,2024,5,May,Monday,False,22,17,tarde,Llevar,Debito,2000,0,319,0
1517,2024-05-27,2024,5,May,Monday,False,22,17,tarde,Llevar,Credito,10500,0,1676,0
1518,2024-05-27,2024,5,May,Monday,False,22,17,tarde,Llevar,Debito,6500,0,1038,0
1519,2024-05-27,2024,5,May,Monday,False,22,17,tarde,Llevar,Debito,6200,0,990,0
1520,2024-05-27,2024,5,May,Monday,False,22,17,tarde,Servir,Debito,6130,0,979,0
1521,2024-05-27,2024,5,May,Monday,False,22,17,tarde,Llevar,Debito,6300,0,1006,0
1522,2024-05-27,2024,5,May,Monday,False,22,18,tarde,Llevar,Debito,3500,0,559,0
1523,2024-05-27,2024,5,May,Monday,False,22,18,tarde,Llevar,Efectivo,3900,0,623,0
1524,2024-05-27,2024,5,May,Monday,False,22,18,tarde,Servir,Debito,4500,0,718,0
1525,2024-05-27,2024,5,May,Monday,False,22,18,tarde,Servir,Efectivo,8700,0,1389,0
1526,2024-05-27,2024,5,May,Monday,False,22,18,tarde,Llevar,Credito,2700,0,431,0
1527,2024-05-27,2024,5,May,Monday,False,22,18,tarde,Llevar,Debito,3500,0,559,0
1528,2024-05-27,2024,5,May,Monday,False,22,18,tarde,Llevar,Efectivo,2000,0,319,0
1529,2024-05-27,2024,5,May,Monday,False,22,18,tarde,Servir,Debito,16800,0,2682,0
1530,2024-05-27,2024,5,May,Monday,False,22,18,tarde,Llevar,Debito,1400,0,224,0
1531,2024-05-27,2024,5,May,Monday,False,22,18,tarde,Llevar,Debito,2800,0,447,0
1532,2024-05-27,2024,5,May,Monday,False,22,18,tarde,Servir,Debito,4400,0,703,0
1533,2024-05-27,2024,5,May,Monday,False,22,18,tarde,Llevar,Debito,10000,0,1597,0
1534,2024-05-27,2024,5,May,Monday,False,22,18,tarde,Servir,Debito,10400,0,1661,0
1535,2024-05-27,2024,5,May,Monday,False,22,18,tarde,Llevar,Debito,3800,0,607,0
1536,2024-05-27,2024,5,May,Monday,False,22,18,tarde,Servir,Debito,9800,0,1565,0
1537,2024-05-27,2024,5,May,Monday,False,22,18,tarde,Llevar,Debito,6500,0,1038,0
1538,2024-05-27,2024,5,May,Monday,False,22,19,cierre,Llevar,Debito,6979,0,1114,0
1539,2024-05-27,2024,5,May,Monday,False,22,19,cierre,Llevar,Debito,2400,0,383,0
1540,2024-05-27,2024,5,May,Monday,False,22,19,cierre,Llevar,Debito,2000,0,319,0
1541,2024-05-27,2024,5,May,Monday,False,22,19,cierre,Llevar,Debito,3500,0,559,0
1542,2024-05-27,2024,5,May,Monday,False,22,19,cierre,Llevar,Debito,9000,0,1437,0
1543,2024-05-27,2024,5,May,Monday,False,22,19,cierre,Servir,Debito,10900,0,1740,0
1544,2024-05-27,2024,5,May,Monday,False,22,19,cierre,Servir,Debito,5980,10,955,0
1545,2024-05-27,2024,5,May,Monday,False,22,19,cierre,Llevar,Efectivo,3500,0,559,0
1546,2024-05-27,2024,5,May,Monday,False,22,19,cierre,Llevar,Efectivo,11400,0,1820,0
1547,2024-05-27,2024,5,May,Monday,False,22,20,cierre,Llevar,Debito,16500,0,0,0
1548,2024-05-27,2024,5,May,Monday,False,22,20,cierre,Servir,Debito,4400,0,0,0
1549,2024-05-27,2024,5,May,Monday,False,22,20,cierre,Servir,Debito,14600,0,2331,0
1550,2024-05-28,2024,5,May,Tuesday,False,22,12,manana,Llevar,Debito,4200,0,671,0
1551,2024-05-28,2024,5,May,Tuesday,False,22,12,manana,Llevar,Efectivo,2000,0,319,0
1552,2024-05-28,2024,5,May,Tuesday,False,22,12,manana,Llevar,Debito,3500,0,559,0
1553,2024-05-28,2024,5,May,Tuesday,False,22,13,almuerzo,Llevar,Efectivo,2000,0,319,0
1554,2024-05-28,2024,5,May,Tuesday,False,22,13,almuerzo,Servir,Debito,5090,0,813,0
1555,2024-05-28,2024,5,May,Tuesday,False,22,13,almuerzo,Llevar,Debito,3400,0,543,0
1556,2024-05-28,2024,5,May,Tuesday,False,22,13,almuerzo,Llevar,Debito,5500,0,878,0
1557,2024-05-28,2024,5,May,Tuesday,False,22,13,almuerzo,Llevar,Transferencia,18700,0,0,0
1558,2024-05-28,2024,5,May,Tuesday,False,22,13,almuerzo,Llevar,Efectivo,7800,0,0,0
1559,2024-05-28,2024,5,May,Tuesday,False,22,13,almuerzo,Llevar,Debito,4000,0,639,0
1560,2024-05-28,2024,5,May,Tuesday,False,22,13,almuerzo,Llevar,Transferencia,2800,0,447,0
1561,2024-05-28,2024,5,May,Tuesday,False,22,13,almuerzo,Llevar,Debito,6500,0,1038,0
1562,2024-05-28,2024,5,May,Tuesday,False,22,13,almuerzo,Llevar,Efectivo,2000,0,319,0
1563,2024-05-28,2024,5,May,Tuesday,False,22,14,almuerzo,Servir,Debito,2800,0,447,0
1564,2024-05-28,2024,5,May,Tuesday,False,22,15,almuerzo,Llevar,Debito,3000,0,479,0
1565,2024-05-28,2024,5,May,Tuesday,False,22,15,almuerzo,Servir,Efectivo,2800,0,447,0
1566,2024-05-28,2024,5,May,Tuesday,False,22,15,almuerzo,Llevar,Debito,4000,0,639,0
1567,2024-05-28,2024,5,May,Tuesday,False,22,15,almuerzo,Llevar,Debito,6400,0,1022,0
1568,2024-05-28,2024,5,May,Tuesday,False,22,15,almuerzo,Llevar,Debito,6300,0,1006,0
1569,2024-05-28,2024,5,May,Tuesday,False,22,15,almuerzo,Servir,Efectivo,3200,0,511,0
1570,2024-05-28,2024,5,May,Tuesday,False,22,15,almuerzo,Llevar,Debito,2800,0,447,0
1571,2024-05-28,2024,5,May,Tuesday,False,22,15,almuerzo,Llevar,Debito,2000,0,319,0
1572,2024-05-28,2024,5,May,Tuesday,False,22,15,almuerzo,Llevar,Debito,1000,0,0,0
1573,2024-05-28,2024,5,May,Tuesday,False,22,15,almuerzo,Servir,Credito,12100,0,1932,0
1574,2024-05-28,2024,5,May,Tuesday,False,22,15,almuerzo,Llevar,Debito,2000,0,319,0
1575,2024-05-28,2024,5,May,Tuesday,False,22,16,tarde,Llevar,Efectivo,9600,0,1533,0
1576,2024-05-28,2024,5,May,Tuesday,False,22,16,tarde,Llevar,Efectivo,6900,0,1102,0
1577,2024-05-28,2024,5,May,Tuesday,False,22,16,tarde,Llevar,Efectivo,2000,0,0,0
1578,2024-05-28,2024,5,May,Tuesday,False,22,16,tarde,Llevar,Debito,1600,0,0,0
1579,2024-05-28,2024,5,May,Tuesday,False,22,16,tarde,Llevar,Debito,1000,0,0,0
1580,2024-05-28,2024,5,May,Tuesday,False,22,16,tarde,Llevar,Debito,2800,0,0,0
1581,2024-05-28,2024,5,May,Tuesday,False,22,16,tarde,Llevar,Debito,3400,0,543,0
1582,2024-05-28,2024,5,May,Tuesday,False,22,17,tarde,Llevar,Debito,4900,0,782,0
1583,2024-05-28,2024,5,May,Tuesday,False,22,17,tarde,Llevar,Efectivo,3300,0,0,0
1584,2024-05-28,2024,5,May,Tuesday,False,22,17,tarde,Llevar,Efectivo,15600,0,2491,0
1585,2024-05-28,2024,5,May,Tuesday,False,22,17,tarde,Llevar,Efectivo,3800,0,607,0
1586,2024-05-28,2024,5,May,Tuesday,False,22,17,tarde,Servir,Credito,11400,0,0,0
1587,2024-05-28,2024,5,May,Tuesday,False,22,17,tarde,Llevar,Credito,4500,0,0,0
1588,2024-05-28,2024,5,May,Tuesday,False,22,17,tarde,Llevar,Credito,3100,0,495,0
1589,2024-05-28,2024,5,May,Tuesday,False,22,17,tarde,Llevar,Debito,1500,0,0,0
1590,2024-05-28,2024,5,May,Tuesday,False,22,17,tarde,Llevar,Debito,5300,0,0,0
1591,2024-05-28,2024,5,May,Tuesday,False,22,17,tarde,Llevar,Efectivo,5200,0,0,0
1592,2024-05-28,2024,5,May,Tuesday,False,22,17,tarde,Llevar,Debito,3300,0,527,0
1593,2024-05-28,2024,5,May,Tuesday,False,22,18,tarde,Servir,Debito,18000,0,2874,0
1594,2024-05-28,2024,5,May,Tuesday,False,22,18,tarde,Llevar,Debito,4000,0,639,0
1595,2024-05-28,2024,5,May,Tuesday,False,22,18,tarde,Llevar,Efectivo,4000,0,0,0
1596,2024-05-28,2024,5,May,Tuesday,False,22,18,tarde,Llevar,Debito,6000,0,958,0
1597,2024-05-28,2024,5,May,Tuesday,False,22,18,tarde,Llevar,Debito,8000,0,1277,0
1598,2024-05-28,2024,5,May,Tuesday,False,22,18,tarde,Llevar,Debito,5200,0,830,0
1599,2024-05-28,2024,5,May,Tuesday,False,22,18,tarde,Llevar,Efectivo,1300,0,208,0
1600,2024-05-28,2024,5,May,Tuesday,False,22,18,tarde,Llevar,Debito,9900,0,1581,0
1601,2024-05-28,2024,5,May,Tuesday,False,22,18,tarde,Servir,Debito,18900,0,3018,0
1602,2024-05-28,2024,5,May,Tuesday,False,22,18,tarde,Llevar,Debito,6500,0,1038,0
1603,2024-05-28,2024,5,May,Tuesday,False,22,18,tarde,Llevar,Debito,3300,0,527,0
1604,2024-05-28,2024,5,May,Tuesday,False,22,18,tarde,Llevar,Debito,2000,0,319,0
1605,2024-05-28,2024,5,May,Tuesday,False,22,19,cierre,Llevar,Debito,7400,0,1182,0
1606,2024-05-28,2024,5,May,Tuesday,False,22,19,cierre,Llevar,Debito,5300,0,846,0
1607,2024-05-28,2024,5,May,Tuesday,False,22,19,cierre,Llevar,Sodexo,9600,0,0,0
1608,2024-05-28,2024,5,May,Tuesday,False,22,19,cierre,Llevar,Efectivo,3800,0,607,0
1609,2024-05-28,2024,5,May,Tuesday,False,22,19,cierre,Llevar,Debito,3000,0,479,0
1610,2024-05-28,2024,5,May,Tuesday,False,22,19,cierre,Llevar,Debito,4400,0,703,0
1611,2024-05-28,2024,5,May,Tuesday,False,22,19,cierre,Llevar,Debito,5700,0,910,0
1612,2024-05-28,2024,5,May,Tuesday,False,22,19,cierre,Llevar,Efectivo,5600,0,894,0
1613,2024-05-28,2024,5,May,Tuesday,False,22,19,cierre,Llevar,Efectivo,5600,0,894,0
1614,2024-05-28,2024,5,May,Tuesday,False,22,19,cierre,Llevar,Debito,3500,0,559,0
1615,2024-05-28,2024,5,May,Tuesday,False,22,20,cierre,Llevar,Efectivo,1500,0,239,0
1616,2024-05-28,2024,5,May,Tuesday,False,22,20,cierre,Llevar,Debito,2959,0,473,0
1617,2024-05-29,2024,5,May,Wednesday,False,22,11,manana,Llevar,Debito,2000,0,319,0
1618,2024-05-29,2024,5,May,Wednesday,False,22,12,manana,Llevar,Debito,2200,0,351,0
1619,2024-05-29,2024,5,May,Wednesday,False,22,13,almuerzo,Llevar,Debito,3500,0,559,0
1620,2024-05-29,2024,5,May,Wednesday,False,22,13,almuerzo,Llevar,Debito,2400,0,383,0
1621,2024-05-29,2024,5,May,Wednesday,False,22,13,almuerzo,Llevar,Debito,3500,0,559,0
1622,2024-05-29,2024,5,May,Wednesday,False,22,13,almuerzo,Llevar,Debito,1400,0,224,0
1623,2024-05-29,2024,5,May,Wednesday,False,22,13,almuerzo,Llevar,Debito,2800,0,447,0
1624,2024-05-29,2024,5,May,Wednesday,False,22,13,almuerzo,Llevar,Debito,1500,0,239,0
1625,2024-05-29,2024,5,May,Wednesday,False,22,13,almuerzo,Llevar,Debito,1500,0,239,0
1626,2024-05-29,2024,5,May,Wednesday,False,22,13,almuerzo,Llevar,Credito,1500,0,239,0
1627,2024-05-29,2024,5,May,Wednesday,False,22,14,almuerzo,Llevar,Debito,2800,0,447,0
1628,2024-05-29,2024,5,May,Wednesday,False,22,14,almuerzo,Llevar,Debito,5100,0,814,0
1629,2024-05-29,2024,5,May,Wednesday,False,22,15,almuerzo,Llevar,Debito,5700,0,910,0
1630,2024-05-29,2024,5,May,Wednesday,False,22,15,almuerzo,Llevar,Debito,6400,0,1022,0
1631,2024-05-29,2024,5,May,Wednesday,False,22,15,almuerzo,Llevar,Debito,6600,0,1054,0
1632,2024-05-29,2024,5,May,Wednesday,False,22,15,almuerzo,Llevar,Efectivo,10100,0,1613,0
1633,2024-05-29,2024,5,May,Wednesday,False,22,15,almuerzo,Llevar,Debito,2800,0,447,0
1634,2024-05-29,2024,5,May,Wednesday,False,22,15,almuerzo,Llevar,Credito,3400,0,543,0
1635,2024-05-29,2024,5,May,Wednesday,False,22,15,almuerzo,Servir,Debito,9600,0,1533,0
1636,2024-05-29,2024,5,May,Wednesday,False,22,15,almuerzo,Llevar,Debito,4100,0,655,0
1637,2024-05-29,2024,5,May,Wednesday,False,22,15,almuerzo,Servir,Efectivo,750,0,0,0
1638,2024-05-29,2024,5,May,Wednesday,False,22,16,tarde,Llevar,Debito,6800,0,1086,0
1639,2024-05-29,2024,5,May,Wednesday,False,22,16,tarde,Llevar,Efectivo,7200,0,1150,0
1640,2024-05-29,2024,5,May,Wednesday,False,22,16,tarde,Servir,Debito,1100,0,176,0
1641,2024-05-29,2024,5,May,Wednesday,False,22,16,tarde,Servir,Debito,16500,0,2634,0
1642,2024-05-29,2024,5,May,Wednesday,False,22,16,tarde,Servir,Debito,4000,0,639,0
1643,2024-05-29,2024,5,May,Wednesday,False,22,16,tarde,Servir,Debito,3800,0,607,0
1644,2024-05-29,2024,5,May,Wednesday,False,22,16,tarde,Llevar,Debito,13100,0,2092,0
1645,2024-05-29,2024,5,May,Wednesday,False,22,16,tarde,Llevar,Credito,12700,0,2028,0
1646,2024-05-29,2024,5,May,Wednesday,False,22,16,tarde,Llevar,Debito,2000,0,319,0
1647,2024-05-29,2024,5,May,Wednesday,False,22,17,tarde,Llevar,Debito,1500,0,239,0
1648,2024-05-29,2024,5,May,Wednesday,False,22,17,tarde,Llevar,Credito,1821,0,291,0
1649,2024-05-29,2024,5,May,Wednesday,False,22,17,tarde,Llevar,Efectivo,1600,0,255,0
1650,2024-05-29,2024,5,May,Wednesday,False,22,17,tarde,Servir,Efectivo,6800,0,1086,0
1651,2024-05-29,2024,5,May,Wednesday,False,22,17,tarde,Servir,Debito,11700,0,1868,0
1652,2024-05-29,2024,5,May,Wednesday,False,22,17,tarde,Llevar,Efectivo,4700,0,750,0
1653,2024-05-29,2024,5,May,Wednesday,False,22,18,tarde,Servir,Debito,10000,0,1597,0
1654,2024-05-29,2024,5,May,Wednesday,False,22,18,tarde,Servir,Debito,10600,0,1692,0
1655,2024-05-29,2024,5,May,Wednesday,False,22,18,tarde,Servir,Debito,13800,0,2203,0
1656,2024-05-29,2024,5,May,Wednesday,False,22,18,tarde,Llevar,Debito,2000,0,319,0
1657,2024-05-29,2024,5,May,Wednesday,False,22,18,tarde,Servir,Transferencia,36000,6000,0,0
1658,2024-05-29,2024,5,May,Wednesday,False,22,18,tarde,Llevar,Debito,4800,0,766,0
1659,2024-05-29,2024,5,May,Wednesday,False,22,18,tarde,Servir,Debito,1600,0,255,0
1660,2024-05-29,2024,5,May,Wednesday,False,22,18,tarde,Llevar,Credito,4500,0,718,0
1661,2024-05-29,2024,5,May,Wednesday,False,22,18,tarde,Llevar,Efectivo,1500,0,239,0
1662,2024-05-29,2024,5,May,Wednesday,False,22,18,tarde,Servir,Efectivo,2500,0,399,0
1663,2024-05-29,2024,5,May,Wednesday,False,22,18,tarde,Llevar,Debito,26800,0,4279,0
1664,2024-05-29,2024,5,May,Wednesday,False,22,18,tarde,Servir,Debito,16900,0,2698,0
1665,2024-05-29,2024,5,May,Wednesday,False,22,18,tarde,Llevar,Credito,7900,0,1261,0
1666,2024-05-29,2024,5,May,Wednesday,False,22,18,tarde,Llevar,Debito,3100,0,495,0
1667,2024-05-29,2024,5,May,Wednesday,False,22,18,tarde,Llevar,Debito,3100,0,495,0
1668,2024-05-29,2024,5,May,Wednesday,False,22,18,tarde,Llevar,Debito,1500,0,239,0
1669,2024-05-29,2024,5,May,Wednesday,False,22,18,tarde,Servir,Debito,9500,0,1517,0
1670,2024-05-29,2024,5,May,Wednesday,False,22,18,tarde,Llevar,Debito,6400,0,1022,0
1671,2024-05-29,2024,5,May,Wednesday,False,22,18,tarde,Llevar,Credito,17300,0,2762,0
1672,2024-05-29,2024,5,May,Wednesday,False,22,19,cierre,Llevar,Debito,8200,0,1309,0
1673,2024-05-29,2024,5,May,Wednesday,False,22,19,cierre,Servir,Credito,13800,0,2203,0
1674,2024-05-29,2024,5,May,Wednesday,False,22,19,cierre,Servir,Debito,8500,0,1357,0
1675,2024-05-29,2024,5,May,Wednesday,False,22,19,cierre,Llevar,Debito,11600,0,1852,0
1676,2024-05-29,2024,5,May,Wednesday,False,22,19,cierre,Llevar,Debito,3000,0,479,0
1677,2024-05-29,2024,5,May,Wednesday,False,22,19,cierre,Servir,Debito,7400,0,1182,0
1678,2024-05-29,2024,5,May,Wednesday,False,22,19,cierre,Llevar,Efectivo,1600,0,255,0
1679,2024-05-29,2024,5,May,Wednesday,False,22,19,cierre,Llevar,Debito,4000,0,639,0
1680,2024-05-29,2024,5,May,Wednesday,False,22,19,cierre,Llevar,Credito,9900,0,1581,0
1681,2024-05-29,2024,5,May,Wednesday,False,22,20,cierre,Llevar,Debito,2000,0,319,0
1682,2024-05-30,2024,5,May,Thursday,False,22,12,manana,Llevar,Debito,4900,0,782,0
1683,2024-05-30,2024,5,May,Thursday,False,22,13,almuerzo,Servir,Debito,2000,0,319,0
1684,2024-05-30,2024,5,May,Thursday,False,22,13,almuerzo,Llevar,Credito,11600,0,1852,0
1685,2024-05-30,2024,5,May,Thursday,False,22,13,almuerzo,Llevar,Debito,3000,0,479,0
1686,2024-05-30,2024,5,May,Thursday,False,22,13,almuerzo,Llevar,Debito,2000,0,319,0
1687,2024-05-30,2024,5,May,Thursday,False,22,13,almuerzo,Llevar,Debito,1400,0,224,0
1688,2024-05-30,2024,5,May,Thursday,False,22,13,almuerzo,Servir,Debito,4000,0,639,0
1689,2024-05-30,2024,5,May,Thursday,False,22,13,almuerzo,Llevar,Credito,4500,0,718,0
1690,2024-05-30,2024,5,May,Thursday,False,22,14,almuerzo,Servir,Debito,14500,0,2315,0
1691,2024-05-30,2024,5,May,Thursday,False,22,14,almuerzo,Llevar,Debito,1300,0,208,0
1692,2024-05-30,2024,5,May,Thursday,False,22,14,almuerzo,Servir,Debito,6000,0,958,0
1693,2024-05-30,2024,5,May,Thursday,False,22,14,almuerzo,Llevar,Debito,2000,0,319,0
1694,2024-05-30,2024,5,May,Thursday,False,22,15,almuerzo,Llevar,Credito,2800,0,447,0
1695,2024-05-30,2024,5,May,Thursday,False,22,15,almuerzo,Llevar,Debito,8000,0,1277,0
1696,2024-05-30,2024,5,May,Thursday,False,22,15,almuerzo,Llevar,Debito,2800,0,447,0
1697,2024-05-30,2024,5,May,Thursday,False,22,15,almuerzo,Llevar,Debito,2800,0,447,0
1698,2024-05-30,2024,5,May,Thursday,False,22,15,almuerzo,Llevar,Debito,1500,0,239,0
1699,2024-05-30,2024,5,May,Thursday,False,22,15,almuerzo,Llevar,Debito,7500,0,1197,0
1700,2024-05-30,2024,5,May,Thursday,False,22,15,almuerzo,Llevar,Debito,7100,0,1134,0
1701,2024-05-30,2024,5,May,Thursday,False,22,15,almuerzo,Llevar,Debito,5500,0,878,0
1702,2024-05-30,2024,5,May,Thursday,False,22,15,almuerzo,Servir,Debito,4700,0,750,0
1703,2024-05-30,2024,5,May,Thursday,False,22,16,tarde,Llevar,Efectivo,2000,0,319,0
1704,2024-05-30,2024,5,May,Thursday,False,22,16,tarde,Servir,Debito,3500,0,559,0
1705,2024-05-30,2024,5,May,Thursday,False,22,16,tarde,Llevar,Credito,2200,0,351,0
1706,2024-05-30,2024,5,May,Thursday,False,22,16,tarde,Llevar,Debito,1500,0,239,0
1707,2024-05-30,2024,5,May,Thursday,False,22,16,tarde,Llevar,Debito,4000,0,639,0
1708,2024-05-30,2024,5,May,Thursday,False,22,16,tarde,Llevar,Efectivo,3100,0,495,0
1709,2024-05-30,2024,5,May,Thursday,False,22,17,tarde,Servir,Efectivo,5500,0,878,0
1710,2024-05-30,2024,5,May,Thursday,False,22,17,tarde,Llevar,Efectivo,1000,0,160,0
1711,2024-05-30,2024,5,May,Thursday,False,22,17,tarde,Llevar,Debito,5000,0,798,0
1712,2024-05-30,2024,5,May,Thursday,False,22,17,tarde,Llevar,Debito,4000,0,639,0
1713,2024-05-30,2024,5,May,Thursday,False,22,17,tarde,Llevar,Debito,2000,0,319,0
1714,2024-05-30,2024,5,May,Thursday,False,22,17,tarde,Llevar,Efectivo,2000,0,319,0
1715,2024-05-30,2024,5,May,Thursday,False,22,17,tarde,Llevar,Debito,2000,0,319,0
1716,2024-05-30,2024,5,May,Thursday,False,22,17,tarde,Llevar,Debito,2000,0,319,0
1717,2024-05-30,2024,5,May,Thursday,False,22,17,tarde,Llevar,Debito,3600,0,575,0
1718,2024-05-30,2024,5,May,Thursday,False,22,17,tarde,Llevar,Credito,1600,0,255,0
1719,2024-05-30,2024,5,May,Thursday,False,22,17,tarde,Llevar,Debito,3000,0,479,0
1720,2024-05-30,2024,5,May,Thursday,False,22,17,tarde,Llevar,Efectivo,4300,0,687,0
1721,2024-05-30,2024,5,May,Thursday,False,22,17,tarde,Llevar,Debito,17858,0,2851,0
1722,2024-05-30,2024,5,May,Thursday,False,22,18,tarde,Servir,Debito,7800,0,1245,0
1723,2024-05-30,2024,5,May,Thursday,False,22,18,tarde,Servir,Efectivo,6400,0,1022,0
1724,2024-05-30,2024,5,May,Thursday,False,22,18,tarde,Llevar,Efectivo,3000,0,479,0
1725,2024-05-30,2024,5,May,Thursday,False,22,18,tarde,Servir,Credito,5800,0,926,0
1726,2024-05-30,2024,5,May,Thursday,False,22,18,tarde,Llevar,Debito,7400,0,1182,0
1727,2024-05-30,2024,5,May,Thursday,False,22,18,tarde,Llevar,Debito,3100,0,495,0
1728,2024-05-30,2024,5,May,Thursday,False,22,18,tarde,Servir,Transferencia,5800,0,926,0
1729,2024-05-30,2024,5,May,Thursday,False,22,18,tarde,Servir,Debito,2000,0,319,0
1730,2024-05-30,2024,5,May,Thursday,False,22,18,tarde,Servir,Debito,2000,0,319,0
1731,2024-05-30,2024,5,May,Thursday,False,22,18,tarde,Servir,Debito,10600,0,1692,0
1732,2024-05-30,2024,5,May,Thursday,False,22,18,tarde,Servir,Debito,6800,0,1086,0
1733,2024-05-30,2024,5,May,Thursday,False,22,18,tarde,Llevar,Efectivo,3000,0,479,0
1734,2024-05-30,2024,5,May,Thursday,False,22,18,tarde,Servir,Debito,6000,0,958,0
1735,2024-05-30,2024,5,May,Thursday,False,22,18,tarde,Servir,Debito,5200,0,830,0
1736,2024-05-30,2024,5,May,Thursday,False,22,18,tarde,Servir,Debito,1000,0,160,0
1737,2024-05-30,2024,5,May,Thursday,False,22,18,tarde,Servir,Debito,3900,0,623,0
1738,2024-05-30,2024,5,May,Thursday,False,22,18,tarde,Servir,Debito,5100,0,814,0
1739,2024-05-30,2024,5,May,Thursday,False,22,18,tarde,Llevar,Debito,4000,0,639,0
1740,2024-05-30,2024,5,May,Thursday,False,22,18,tarde,Servir,Debito,10700,0,1708,0
1741,2024-05-30,2024,5,May,Thursday,False,22,18,tarde,Servir,Debito,9800,0,1565,0
1742,2024-05-30,2024,5,May,Thursday,False,22,18,tarde,Servir,Debito,3300,0,527,0
1743,2024-05-30,2024,5,May,Thursday,False,22,18,tarde,Servir,Credito,1900,0,304,0
1744,2024-05-30,2024,5,May,Thursday,False,22,18,tarde,Servir,Debito,4800,0,766,0
1745,2024-05-30,2024,5,May,Thursday,False,22,18,tarde,Llevar,Debito,3000,0,479,0
1746,2024-05-30,2024,5,May,Thursday,False,22,18,tarde,Llevar,Debito,3000,0,479,0
1747,2024-05-30,2024,5,May,Thursday,False,22,18,tarde,Llevar,Debito,3400,0,543,0
1748,2024-05-30,2024,5,May,Thursday,False,22,18,tarde,Llevar,Debito,3100,0,495,0
1749,2024-05-30,2024,5,May,Thursday,False,22,18,tarde,Llevar,Debito,5000,0,798,0
1750,2024-05-30,2024,5,May,Thursday,False,22,18,tarde,Llevar,Efectivo,9700,0,1549,0
1751,2024-05-30,2024,5,May,Thursday,False,22,19,cierre,Llevar,Debito,3600,0,575,0
1752,2024-05-30,2024,5,May,Thursday,False,22,19,cierre,Servir,Debito,2500,0,399,0
1753,2024-05-30,2024,5,May,Thursday,False,22,19,cierre,Servir,Debito,2000,0,319,0
1754,2024-05-30,2024,5,May,Thursday,False,22,19,cierre,Llevar,Debito,1500,0,239,0
1755,2024-05-30,2024,5,May,Thursday,False,22,19,cierre,Servir,Credito,1000,0,160,0
1756,2024-05-30,2024,5,May,Thursday,False,22,19,cierre,Servir,Debito,4700,0,750,0
1757,2024-05-30,2024,5,May,Thursday,False,22,19,cierre,Servir,Debito,6700,0,1070,0
1758,2024-05-30,2024,5,May,Thursday,False,22,19,cierre,Servir,Efectivo,9000,0,1437,0
1759,2024-05-30,2024,5,May,Thursday,False,22,19,cierre,Servir,Debito,3500,0,559,0
1760,2024-05-30,2024,5,May,Thursday,False,22,19,cierre,Servir,Debito,2800,0,447,0
1761,2024-05-31,2024,5,May,Friday,False,22,12,manana,Llevar,Debito,2000,0,319,0
1762,2024-05-31,2024,5,May,Friday,False,22,12,manana,Servir,Debito,3000,0,479,0
1763,2024-05-31,2024,5,May,Friday,False,22,12,manana,Servir,Debito,4000,0,639,0
1764,2024-05-31,2024,5,May,Friday,False,22,12,manana,Llevar,Debito,3200,0,0,0
1765,2024-05-31,2024,5,May,Friday,False,22,12,manana,Servir,Debito,7000,0,1118,0
1766,2024-05-31,2024,5,May,Friday,False,22,12,manana,Llevar,Debito,5800,0,926,0
1767,2024-05-31,2024,5,May,Friday,False,22,12,manana,Llevar,Efectivo,4000,0,639,0
1768,2024-05-31,2024,5,May,Friday,False,22,12,manana,Servir,Efectivo,5700,0,910,0
1769,2024-05-31,2024,5,May,Friday,False,22,13,almuerzo,Servir,Debito,18700,0,2986,0
1770,2024-05-31,2024,5,May,Friday,False,22,14,almuerzo,Servir,Debito,2200,0,351,0
1771,2024-05-31,2024,5,May,Friday,False,22,15,almuerzo,Servir,Credito,10000,0,1597,0
1772,2024-05-31,2024,5,May,Friday,False,22,15,almuerzo,Servir,Debito,4900,0,782,0
1773,2024-05-31,2024,5,May,Friday,False,22,15,almuerzo,Servir,Efectivo,2000,0,319,0
1774,2024-05-31,2024,5,May,Friday,False,22,15,almuerzo,Llevar,Debito,2000,0,319,0
1775,2024-05-31,2024,5,May,Friday,False,22,15,almuerzo,Llevar,Debito,2200,0,351,0
1776,2024-05-31,2024,5,May,Friday,False,22,15,almuerzo,Llevar,Debito,4400,0,703,0
1777,2024-05-31,2024,5,May,Friday,False,22,16,tarde,Llevar,Debito,3200,0,511,0
1778,2024-05-31,2024,5,May,Friday,False,22,16,tarde,Servir,Debito,13500,0,2155,0
1779,2024-05-31,2024,5,May,Friday,False,22,16,tarde,Llevar,Debito,6260,5,999,0
1780,2024-05-31,2024,5,May,Friday,False,22,16,tarde,Servir,Debito,4500,0,718,0
1781,2024-05-31,2024,5,May,Friday,False,22,16,tarde,Llevar,Debito,2000,0,319,0
1782,2024-05-31,2024,5,May,Friday,False,22,16,tarde,Servir,Efectivo,9300,0,1485,0
1783,2024-05-31,2024,5,May,Friday,False,22,16,tarde,Servir,Debito,5800,0,926,0
1784,2024-05-31,2024,5,May,Friday,False,22,16,tarde,Llevar,Efectivo,2000,0,319,0
1785,2024-05-31,2024,5,May,Friday,False,22,16,tarde,Llevar,Sodexo,6000,0,958,0
1786,2024-05-31,2024,5,May,Friday,False,22,16,tarde,Llevar,Debito,2000,0,319,0
1787,2024-05-31,2024,5,May,Friday,False,22,16,tarde,Llevar,Debito,10000,0,1597,0
1788,2024-05-31,2024,5,May,Friday,False,22,16,tarde,Llevar,Debito,11000,0,1756,0
1789,2024-05-31,2024,5,May,Friday,False,22,16,tarde,Llevar,Debito,3700,0,591,0
1790,2024-05-31,2024,5,May,Friday,False,22,17,tarde,Servir,Debito,7200,0,1150,0
1791,2024-05-31,2024,5,May,Friday,False,22,17,tarde,Servir,Credito,5700,0,910,0
1792,2024-05-31,2024,5,May,Friday,False,22,17,tarde,Llevar,Debito,5000,0,798,0
1793,2024-05-31,2024,5,May,Friday,False,22,17,tarde,Llevar,Efectivo,2900,0,463,0
1794,2024-05-31,2024,5,May,Friday,False,22,17,tarde,Llevar,Debito,10200,0,1629,0
1795,2024-05-31,2024,5,May,Friday,False,22,17,tarde,Llevar,Debito,2200,0,351,0
1796,2024-05-31,2024,5,May,Friday,False,22,17,tarde,Llevar,Credito,2200,0,351,0
1797,2024-05-31,2024,5,May,Friday,False,22,17,tarde,Llevar,Debito,6000,0,958,0
1798,2024-05-31,2024,5,May,Friday,False,22,17,tarde,Servir,Efectivo,1500,0,239,0
1799,2024-05-31,2024,5,May,Friday,False,22,17,tarde,Servir,Debito,13140,1460,2098,0
1800,2024-05-31,2024,5,May,Friday,False,22,17,tarde,Llevar,Debito,10300,0,1645,0
1801,2024-05-31,2024,5,May,Friday,False,22,17,tarde,Servir,Debito,3100,0,495,0
1802,2024-05-31,2024,5,May,Friday,False,22,17,tarde,Llevar,Debito,5800,0,926,0
1803,2024-05-31,2024,5,May,Friday,False,22,17,tarde,Servir,Debito,5500,0,878,0
1804,2024-05-31,2024,5,May,Friday,False,22,17,tarde,Llevar,Debito,2900,0,0,0
1805,2024-05-31,2024,5,May,Friday,False,22,18,tarde,Servir,Debito,13300,0,2124,0
1806,2024-05-31,2024,5,May,Friday,False,22,18,tarde,Servir,Efectivo,2000,0,319,0
1807,2024-05-31,2024,5,May,Friday,False,22,18,tarde,Llevar,Debito,5500,0,878,0
1808,2024-05-31,2024,5,May,Friday,False,22,18,tarde,Llevar,Debito,7300,0,1166,0
1809,2024-05-31,2024,5,May,Friday,False,22,18,tarde,Servir,Debito,11900,0,1900,0
1810,2024-05-31,2024,5,May,Friday,False,22,18,tarde,Llevar,Credito,2000,0,319,0
1811,2024-05-31,2024,5,May,Friday,False,22,18,tarde,Llevar,Debito,7500,0,1197,0
1812,2024-05-31,2024,5,May,Friday,False,22,18,tarde,Llevar,Debito,2000,0,319,0
1813,2024-05-31,2024,5,May,Friday,False,22,18,tarde,Servir,Debito,23000,0,3672,0
1814,2024-05-31,2024,5,May,Friday,False,22,18,tarde,Llevar,Debito,9000,0,1437,0
1815,2024-05-31,2024,5,May,Friday,False,22,18,tarde,Llevar,Debito,4000,0,639,0
1816,2024-05-31,2024,5,May,Friday,False,22,18,tarde,Servir,Efectivo,7800,0,1245,0
1817,2024-05-31,2024,5,May,Friday,False,22,18,tarde,Llevar,Debito,4400,0,703,0
1818,2024-05-31,2024,5,May,Friday,False,22,19,cierre,Servir,Efectivo,8900,0,1421,0
1819,2024-05-31,2024,5,May,Friday,False,22,19,cierre,Servir,Debito,43200,0,6897,0
1820,2024-05-31,2024,5,May,Friday,False,22,19,cierre,Servir,Debito,13100,0,2092,0
1821,2024-05-31,2024,5,May,Friday,False,22,19,cierre,Servir,Debito,2500,0,399,0
1822,2024-05-31,2024,5,May,Friday,False,22,19,cierre,Servir,Efectivo,3900,0,623,0
1823,2024-05-31,2024,5,May,Friday,False,22,19,cierre,Servir,Debito,5100,0,814,0
1824,2024-05-31,2024,5,May,Friday,False,22,19,cierre,Servir,Debito,9500,0,1517,0
1825,2024-05-31,2024,5,May,Friday,False,22,19,cierre,Llevar,Debito,8900,0,1421,0
1826,2024-05-31,2024,5,May,Friday,False,22,19,cierre,Servir,Debito,14200,0,2267,0
1827,2024-05-31,2024,5,May,Friday,False,22,19,cierre,Llevar,Debito,6100,0,974,0
1828,2024-05-31,2024,5,May,Friday,False,22,19,cierre,Servir,Debito,3000,0,479,0
1829,2024-05-31,2024,5,May,Friday,False,22,19,cierre,Llevar,Debito,4000,0,639,0
1830,2024-05-31,2024,5,May,Friday,False,22,20,cierre,Llevar,Efectivo,2000,0,319,0
1831,2024-06-01,2024,6,June,Saturday,True,22,12,manana,Llevar,Debito,8000,0,1277,0
1832,2024-06-01,2024,6,June,Saturday,True,22,12,manana,Llevar,Efectivo,2200,0,351,0
1833,2024-06-01,2024,6,June,Saturday,True,22,12,manana,Servir,Debito,6500,0,1038,0
1834,2024-06-01,2024,6,June,Saturday,True,22,13,almuerzo,Llevar,Debito,6400,0,1022,0
1835,2024-06-01,2024,6,June,Saturday,True,22,13,almuerzo,Llevar,Debito,3500,0,559,0
1836,2024-06-01,2024,6,June,Saturday,True,22,13,almuerzo,Servir,Credito,20700,0,3305,0
1837,2024-06-01,2024,6,June,Saturday,True,22,13,almuerzo,Llevar,Debito,4400,0,703,0
1838,2024-06-01,2024,6,June,Saturday,True,22,13,almuerzo,Llevar,Debito,13000,0,2076,0
1839,2024-06-01,2024,6,June,Saturday,True,22,15,almuerzo,Llevar,Debito,3000,0,479,0
1840,2024-06-01,2024,6,June,Saturday,True,22,15,almuerzo,Servir,Debito,11200,0,1788,0
1841,2024-06-01,2024,6,June,Saturday,True,22,15,almuerzo,Servir,Debito,11700,0,1868,0
1842,2024-06-01,2024,6,June,Saturday,True,22,15,almuerzo,Servir,Debito,2800,0,447,0
1843,2024-06-01,2024,6,June,Saturday,True,22,15,almuerzo,Llevar,Debito,2900,0,463,0
1844,2024-06-01,2024,6,June,Saturday,True,22,15,almuerzo,Llevar,Debito,17100,0,2730,0
1845,2024-06-01,2024,6,June,Saturday,True,22,15,almuerzo,Llevar,Efectivo,2000,0,0,0
1846,2024-06-01,2024,6,June,Saturday,True,22,15,almuerzo,Llevar,Efectivo,5700,0,910,0
1847,2024-06-01,2024,6,June,Saturday,True,22,15,almuerzo,Llevar,Debito,1500,0,239,0
1848,2024-06-01,2024,6,June,Saturday,True,22,15,almuerzo,Servir,Debito,4800,0,766,0
1849,2024-06-01,2024,6,June,Saturday,True,22,15,almuerzo,Llevar,Debito,3500,0,559,0
1850,2024-06-01,2024,6,June,Saturday,True,22,15,almuerzo,Llevar,Debito,11000,0,1756,0
1851,2024-06-01,2024,6,June,Saturday,True,22,15,almuerzo,Servir,Debito,8900,0,1421,0
1852,2024-06-01,2024,6,June,Saturday,True,22,15,almuerzo,Servir,Debito,2900,0,463,0
1853,2024-06-01,2024,6,June,Saturday,True,22,15,almuerzo,Llevar,Debito,2900,0,463,0
1854,2024-06-01,2024,6,June,Saturday,True,22,15,almuerzo,Llevar,Debito,3500,0,559,0
1855,2024-06-01,2024,6,June,Saturday,True,22,16,tarde,Llevar,Debito,2200,0,351,0
1856,2024-06-01,2024,6,June,Saturday,True,22,16,tarde,Llevar,Debito,4900,0,782,0
1857,2024-06-01,2024,6,June,Saturday,True,22,16,tarde,Llevar,Credito,3500,0,559,0
1858,2024-06-01,2024,6,June,Saturday,True,22,16,tarde,Servir,Debito,10700,0,1708,0
1859,2024-06-01,2024,6,June,Saturday,True,22,16,tarde,Servir,Debito,18200,0,2906,0
1860,2024-06-01,2024,6,June,Saturday,True,22,16,tarde,Llevar,Debito,4700,0,0,0
1861,2024-06-01,2024,6,June,Saturday,True,22,16,tarde,Llevar,Debito,4700,0,750,0
1862,2024-06-01,2024,6,June,Saturday,True,22,16,tarde,Llevar,Debito,8900,0,1421,0
1863,2024-06-01,2024,6,June,Saturday,True,22,16,tarde,Llevar,Debito,2000,0,319,0
1864,2024-06-01,2024,6,June,Saturday,True,22,16,tarde,Llevar,Debito,8300,0,1325,0
1865,2024-06-01,2024,6,June,Saturday,True,22,16,tarde,Llevar,Debito,4200,0,671,0
1866,2024-06-01,2024,6,June,Saturday,True,22,16,tarde,Llevar,Debito,7900,0,1261,0
1867,2024-06-01,2024,6,June,Saturday,True,22,16,tarde,Llevar,Debito,4000,0,639,0
1868,2024-06-01,2024,6,June,Saturday,True,22,16,tarde,Servir,Debito,13200,0,2108,0
1869,2024-06-01,2024,6,June,Saturday,True,22,16,tarde,Servir,Debito,37300,0,5955,0
1870,2024-06-01,2024,6,June,Saturday,True,22,16,tarde,Llevar,Debito,2000,0,319,0
1871,2024-06-01,2024,6,June,Saturday,True,22,16,tarde,Llevar,Debito,2000,0,319,0
1872,2024-06-01,2024,6,June,Saturday,True,22,16,tarde,Llevar,Debito,2000,0,319,0
1873,2024-06-01,2024,6,June,Saturday,True,22,16,tarde,Servir,Credito,13900,0,2219,0
1874,2024-06-01,2024,6,June,Saturday,True,22,16,tarde,Servir,Credito,6000,0,958,0
1875,2024-06-01,2024,6,June,Saturday,True,22,16,tarde,Llevar,Debito,6800,0,0,0
1876,2024-06-01,2024,6,June,Saturday,True,22,16,tarde,Servir,Debito,11000,0,1756,0
1877,2024-06-01,2024,6,June,Saturday,True,22,17,tarde,Llevar,Debito,9700,0,1549,0
1878,2024-06-01,2024,6,June,Saturday,True,22,17,tarde,Servir,Debito,3500,0,559,0
1879,2024-06-01,2024,6,June,Saturday,True,22,17,tarde,Llevar,Efectivo,4000,0,639,0
1880,2024-06-01,2024,6,June,Saturday,True,22,17,tarde,Servir,Debito,4000,0,639,0
1881,2024-06-01,2024,6,June,Saturday,True,22,17,tarde,Llevar,Debito,4000,0,0,0
1882,2024-06-01,2024,6,June,Saturday,True,22,17,tarde,Llevar,Debito,3200,0,511,0
1883,2024-06-01,2024,6,June,Saturday,True,22,17,tarde,Servir,Debito,8400,0,1341,0
1884,2024-06-01,2024,6,June,Saturday,True,22,17,tarde,Llevar,Debito,7000,0,1118,0
1885,2024-06-01,2024,6,June,Saturday,True,22,17,tarde,Llevar,Efectivo,2000,0,0,0
1886,2024-06-01,2024,6,June,Saturday,True,22,17,tarde,Llevar,Debito,11600,0,1852,0
1887,2024-06-01,2024,6,June,Saturday,True,22,17,tarde,Llevar,Debito,8000,0,1277,0
1888,2024-06-01,2024,6,June,Saturday,True,22,17,tarde,Servir,Debito,10000,0,1597,0
1889,2024-06-01,2024,6,June,Saturday,True,22,17,tarde,Llevar,Debito,3500,0,559,0
1890,2024-06-01,2024,6,June,Saturday,True,22,17,tarde,Llevar,Debito,5000,0,0,0
1891,2024-06-01,2024,6,June,Saturday,True,22,17,tarde,Servir,Debito,15100,0,2411,0
1892,2024-06-01,2024,6,June,Saturday,True,22,17,tarde,Llevar,Debito,4000,0,639,0
1893,2024-06-01,2024,6,June,Saturday,True,22,18,tarde,Llevar,Debito,5000,0,798,0
1894,2024-06-01,2024,6,June,Saturday,True,22,18,tarde,Servir,Credito,4300,0,0,0
1895,2024-06-01,2024,6,June,Saturday,True,22,18,tarde,Llevar,Credito,2500,0,0,0
1896,2024-06-01,2024,6,June,Saturday,True,22,18,tarde,Llevar,Debito,6600,0,0,0
1897,2024-06-01,2024,6,June,Saturday,True,22,18,tarde,Servir,Debito,16700,0,2666,0
1898,2024-06-01,2024,6,June,Saturday,True,22,18,tarde,Llevar,Debito,2800,0,0,0
1899,2024-06-01,2024,6,June,Saturday,True,22,18,tarde,Servir,Credito,5500,0,878,0
1900,2024-06-01,2024,6,June,Saturday,True,22,18,tarde,Servir,Debito,6000,0,958,0
1901,2024-06-01,2024,6,June,Saturday,True,22,18,tarde,Servir,Debito,6000,0,958,0
1902,2024-06-01,2024,6,June,Saturday,True,22,18,tarde,Llevar,Debito,3500,0,559,0
1903,2024-06-01,2024,6,June,Saturday,True,22,18,tarde,Servir,Debito,21800,0,3481,0
1904,2024-06-01,2024,6,June,Saturday,True,22,18,tarde,Servir,Transferencia,36000,6000,0,0
1905,2024-06-01,2024,6,June,Saturday,True,22,18,tarde,Llevar,Debito,6000,0,958,0
1906,2024-06-01,2024,6,June,Saturday,True,22,18,tarde,Llevar,Debito,3000,0,479,0
1907,2024-06-01,2024,6,June,Saturday,True,22,19,cierre,Llevar,Debito,2800,0,447,0
1908,2024-06-03,2024,6,June,Monday,False,23,14,almuerzo,Llevar,Debito,1400,0,224,0
1909,2024-06-03,2024,6,June,Monday,False,23,15,almuerzo,Servir,Debito,6000,0,958,0
1910,2024-06-03,2024,6,June,Monday,False,23,15,almuerzo,Llevar,Debito,4300,0,687,0
1911,2024-06-03,2024,6,June,Monday,False,23,15,almuerzo,Llevar,Debito,2800,0,447,0
1912,2024-06-03,2024,6,June,Monday,False,23,15,almuerzo,Servir,Efectivo,11100,0,1772,0
1913,2024-06-03,2024,6,June,Monday,False,23,15,almuerzo,Llevar,Credito,8700,0,1389,0
1914,2024-06-03,2024,6,June,Monday,False,23,16,tarde,Llevar,Debito,4300,0,687,0
1915,2024-06-03,2024,6,June,Monday,False,23,16,tarde,Llevar,Debito,4900,0,782,0
1916,2024-06-03,2024,6,June,Monday,False,23,16,tarde,Llevar,Debito,5800,0,926,0
1917,2024-06-03,2024,6,June,Monday,False,23,17,tarde,Servir,Debito,12700,0,2028,0
1918,2024-06-03,2024,6,June,Monday,False,23,17,tarde,Llevar,Debito,8000,0,1277,0
1919,2024-06-03,2024,6,June,Monday,False,23,17,tarde,Servir,Debito,6900,0,1102,0
1920,2024-06-03,2024,6,June,Monday,False,23,17,tarde,Llevar,Debito,8500,0,1357,0
1921,2024-06-03,2024,6,June,Monday,False,23,17,tarde,Llevar,Debito,1400,0,224,0
1922,2024-06-03,2024,6,June,Monday,False,23,17,tarde,Llevar,Debito,10800,0,1724,0
1923,2024-06-03,2024,6,June,Monday,False,23,17,tarde,Llevar,Debito,2000,0,319,0
1924,2024-06-03,2024,6,June,Monday,False,23,17,tarde,Llevar,Debito,6200,0,990,0
1925,2024-06-03,2024,6,June,Monday,False,23,17,tarde,Llevar,Debito,5700,0,910,0
1926,2024-06-03,2024,6,June,Monday,False,23,17,tarde,Llevar,Debito,2000,0,319,0
1927,2024-06-03,2024,6,June,Monday,False,23,17,tarde,Llevar,Debito,6400,0,1022,0
1928,2024-06-03,2024,6,June,Monday,False,23,18,tarde,Llevar,Debito,6000,0,958,0
1929,2024-06-03,2024,6,June,Monday,False,23,18,tarde,Llevar,Efectivo,8200,0,1309,0
1930,2024-06-03,2024,6,June,Monday,False,23,18,tarde,Llevar,Debito,5700,0,910,0
1931,2024-06-03,2024,6,June,Monday,False,23,18,tarde,Llevar,Debito,3000,0,479,0
1932,2024-06-03,2024,6,June,Monday,False,23,18,tarde,Servir,Credito,9900,0,1581,0
1933,2024-06-03,2024,6,June,Monday,False,23,18,tarde,Servir,Debito,9500,0,1517,0
1934,2024-06-03,2024,6,June,Monday,False,23,18,tarde,Llevar,Debito,7900,0,1261,0
1935,2024-06-03,2024,6,June,Monday,False,23,19,cierre,Llevar,Credito,3300,0,527,0
1936,2024-06-03,2024,6,June,Monday,False,23,19,cierre,Llevar,Debito,1500,0,239,0
1937,2024-06-03,2024,6,June,Monday,False,23,19,cierre,Llevar,Debito,5500,0,878,0
1938,2024-06-03,2024,6,June,Monday,False,23,19,cierre,Llevar,Debito,3300,0,527,0
1939,2024-06-03,2024,6,June,Monday,False,23,19,cierre,Llevar,Debito,5600,0,894,0
1940,2024-06-03,2024,6,June,Monday,False,23,19,cierre,Llevar,Debito,5400,0,862,0
1941,2024-06-03,2024,6,June,Monday,False,23,19,cierre,Llevar,Debito,9000,0,1437,0
1942,2024-06-03,2024,6,June,Monday,False,23,20,cierre,Llevar,Debito,4000,0,639,0
1943,2024-06-04,2024,6,June,Tuesday,False,23,14,almuerzo,Llevar,Efectivo,3000,0,479,0
1944,2024-06-04,2024,6,June,Tuesday,False,23,15,almuerzo,Servir,Debito,6400,0,1022,0
1945,2024-06-04,2024,6,June,Tuesday,False,23,15,almuerzo,Llevar,Credito,6400,0,1022,0
1946,2024-06-04,2024,6,June,Tuesday,False,23,15,almuerzo,Llevar,Debito,3300,0,527,0
1947,2024-06-04,2024,6,June,Tuesday,False,23,15,almuerzo,Llevar,Credito,2000,0,319,0
1948,2024-06-04,2024,6,June,Tuesday,False,23,15,almuerzo,Servir,Efectivo,5500,0,878,0
1949,2024-06-04,2024,6,June,Tuesday,False,23,15,almuerzo,Servir,Debito,5500,0,0,0
1950,2024-06-04,2024,6,June,Tuesday,False,23,15,almuerzo,Llevar,Debito,1600,0,255,0
1951,2024-06-04,2024,6,June,Tuesday,False,23,15,almuerzo,Llevar,Debito,5400,0,0,0
1952,2024-06-04,2024,6,June,Tuesday,False,23,15,almuerzo,Llevar,Debito,4800,0,766,0
1953,2024-06-04,2024,6,June,Tuesday,False,23,15,almuerzo,Servir,Debito,5500,0,878,0
1955,2024-06-04,2024,6,June,Tuesday,False,23,15,almuerzo,Llevar,Debito,6000,0,958,0
1956,2024-06-04,2024,6,June,Tuesday,False,23,15,almuerzo,Llevar,Debito,2000,0,319,0
1957,2024-06-04,2024,6,June,Tuesday,False,23,15,almuerzo,Llevar,Credito,3800,0,607,0
1958,2024-06-04,2024,6,June,Tuesday,False,23,15,almuerzo,Llevar,Debito,4500,0,718,0
1959,2024-06-04,2024,6,June,Tuesday,False,23,15,almuerzo,Servir,Efectivo,78780,0,0,0
1960,2024-06-04,2024,6,June,Tuesday,False,23,16,tarde,Llevar,Debito,3100,0,0,0
1961,2024-06-04,2024,6,June,Tuesday,False,23,16,tarde,Llevar,Debito,3100,0,495,0
1962,2024-06-04,2024,6,June,Tuesday,False,23,16,tarde,Llevar,Efectivo,5600,0,894,0
1963,2024-06-04,2024,6,June,Tuesday,False,23,16,tarde,Llevar,Debito,7900,0,1261,0
1964,2024-06-04,2024,6,June,Tuesday,False,23,16,tarde,Llevar,Debito,8000,0,1277,0
1965,2024-06-04,2024,6,June,Tuesday,False,23,16,tarde,Servir,Debito,4700,0,750,0
1966,2024-06-04,2024,6,June,Tuesday,False,23,16,tarde,Servir,Debito,2000,0,319,0
1967,2024-06-04,2024,6,June,Tuesday,False,23,16,tarde,Servir,Debito,2900,0,463,0
1968,2024-06-04,2024,6,June,Tuesday,False,23,16,tarde,Llevar,Debito,4000,0,639,0
1969,2024-06-04,2024,6,June,Tuesday,False,23,16,tarde,Servir,Debito,21900,0,3497,0
1970,2024-06-04,2024,6,June,Tuesday,False,23,16,tarde,Servir,Debito,6200,0,990,0
1971,2024-06-04,2024,6,June,Tuesday,False,23,17,tarde,Servir,Debito,11300,0,1804,0
1972,2024-06-04,2024,6,June,Tuesday,False,23,17,tarde,Servir,Efectivo,9000,0,1437,0
1973,2024-06-04,2024,6,June,Tuesday,False,23,17,tarde,Llevar,Efectivo,4100,0,655,0
1974,2024-06-04,2024,6,June,Tuesday,False,23,17,tarde,Servir,Debito,10900,0,1740,0
1975,2024-06-04,2024,6,June,Tuesday,False,23,17,tarde,Servir,Efectivo,2000,0,319,0
1976,2024-06-04,2024,6,June,Tuesday,False,23,17,tarde,Llevar,Debito,12400,0,1980,0
1977,2024-06-04,2024,6,June,Tuesday,False,23,17,tarde,Llevar,Efectivo,5600,0,894,0
1978,2024-06-04,2024,6,June,Tuesday,False,23,17,tarde,Llevar,Debito,3100,0,495,0
1979,2024-06-04,2024,6,June,Tuesday,False,23,17,tarde,Llevar,Debito,9700,0,0,0
1980,2024-06-04,2024,6,June,Tuesday,False,23,17,tarde,Llevar,Efectivo,2000,0,319,0
1981,2024-06-04,2024,6,June,Tuesday,False,23,17,tarde,Llevar,Debito,2900,0,463,0
1982,2024-06-04,2024,6,June,Tuesday,False,23,17,tarde,Llevar,Credito,4800,0,766,0
1983,2024-06-04,2024,6,June,Tuesday,False,23,17,tarde,Llevar,Debito,7700,0,1229,0
1984,2024-06-04,2024,6,June,Tuesday,False,23,17,tarde,Llevar,Debito,10400,0,1661,0
1985,2024-06-04,2024,6,June,Tuesday,False,23,17,tarde,Llevar,Efectivo,3100,0,495,0
1986,2024-06-04,2024,6,June,Tuesday,False,23,17,tarde,Llevar,Debito,5400,0,0,0
1987,2024-06-04,2024,6,June,Tuesday,False,23,17,tarde,Llevar,Efectivo,3600,0,575,0
1988,2024-06-04,2024,6,June,Tuesday,False,23,17,tarde,Llevar,Debito,3200,0,511,0
1989,2024-06-04,2024,6,June,Tuesday,False,23,18,tarde,Llevar,Debito,1443,0,230,0
1990,2024-06-04,2024,6,June,Tuesday,False,23,18,tarde,Servir,Debito,11800,0,1884,0
1991,2024-06-04,2024,6,June,Tuesday,False,23,18,tarde,Llevar,Debito,4200,0,671,0
1992,2024-06-04,2024,6,June,Tuesday,False,23,18,tarde,Llevar,Debito,5660,0,904,0
1993,2024-06-04,2024,6,June,Tuesday,False,23,18,tarde,Llevar,Debito,3100,0,495,0
1994,2024-06-04,2024,6,June,Tuesday,False,23,18,tarde,Llevar,Debito,4000,0,639,0
1995,2024-06-04,2024,6,June,Tuesday,False,23,18,tarde,Llevar,Efectivo,6000,0,958,0
1996,2024-06-04,2024,6,June,Tuesday,False,23,18,tarde,Llevar,Debito,6000,0,958,0
1997,2024-06-04,2024,6,June,Tuesday,False,23,18,tarde,Llevar,Debito,5800,0,926,0
1998,2024-06-04,2024,6,June,Tuesday,False,23,18,tarde,Llevar,Debito,7200,0,1150,0
1999,2024-06-04,2024,6,June,Tuesday,False,23,18,tarde,Llevar,Debito,14000,0,0,0
2000,2024-06-04,2024,6,June,Tuesday,False,23,18,tarde,Llevar,Debito,10500,0,1676,0
2001,2024-06-04,2024,6,June,Tuesday,False,23,18,tarde,Llevar,Debito,4000,0,639,0
2002,2024-06-04,2024,6,June,Tuesday,False,23,18,tarde,Llevar,Debito,2200,0,351,0
2003,2024-06-04,2024,6,June,Tuesday,False,23,18,tarde,Servir,Debito,3100,0,495,0
2004,2024-06-04,2024,6,June,Tuesday,False,23,18,tarde,Llevar,Debito,4900,0,782,0
2005,2024-06-04,2024,6,June,Tuesday,False,23,18,tarde,Llevar,Debito,8200,0,1309,0
2006,2024-06-04,2024,6,June,Tuesday,False,23,19,cierre,Llevar,Debito,7600,0,1213,0
2007,2024-06-04,2024,6,June,Tuesday,False,23,19,cierre,Llevar,Debito,2160,0,345,0
2008,2024-06-04,2024,6,June,Tuesday,False,23,19,cierre,Llevar,Debito,2900,0,463,0
2009,2024-06-04,2024,6,June,Tuesday,False,23,19,cierre,Llevar,Debito,2000,0,319,0
2010,2024-06-04,2024,6,June,Tuesday,False,23,19,cierre,Llevar,Credito,4200,0,671,0
2011,2024-06-04,2024,6,June,Tuesday,False,23,19,cierre,Servir,Credito,2000,0,319,0
2012,2024-06-04,2024,6,June,Tuesday,False,23,19,cierre,Llevar,Debito,4000,0,639,0
2013,2024-06-04,2024,6,June,Tuesday,False,23,19,cierre,Llevar,Efectivo,2170,930,346,0
2014,2024-06-04,2024,6,June,Tuesday,False,23,19,cierre,Llevar,Debito,7900,0,1261,0
2015,2024-06-04,2024,6,June,Tuesday,False,23,20,cierre,Servir,Debito,1400,0,224,0
2016,2024-06-05,2024,6,June,Wednesday,False,23,9,apertura,Llevar,Efectivo,12400,0,0,0
2017,2024-06-05,2024,6,June,Wednesday,False,23,12,manana,Llevar,Debito,2000,0,319,0
2018,2024-06-05,2024,6,June,Wednesday,False,23,13,almuerzo,Llevar,Debito,2000,0,319,0
2019,2024-06-05,2024,6,June,Wednesday,False,23,13,almuerzo,Llevar,Debito,7300,0,1166,0
2020,2024-06-05,2024,6,June,Wednesday,False,23,13,almuerzo,Servir,Transferencia,42000,6000,0,0
2021,2024-06-05,2024,6,June,Wednesday,False,23,14,almuerzo,Llevar,Debito,1400,0,224,0
2022,2024-06-05,2024,6,June,Wednesday,False,23,14,almuerzo,Llevar,Debito,6000,0,958,0
2023,2024-06-05,2024,6,June,Wednesday,False,23,14,almuerzo,Llevar,Debito,2000,0,319,0
2024,2024-06-05,2024,6,June,Wednesday,False,23,14,almuerzo,Servir,Debito,8000,0,1277,0
2025,2024-06-05,2024,6,June,Wednesday,False,23,15,almuerzo,Servir,Efectivo,2800,0,447,0
2026,2024-06-05,2024,6,June,Wednesday,False,23,15,almuerzo,Servir,Debito,4500,0,718,0
2027,2024-06-05,2024,6,June,Wednesday,False,23,15,almuerzo,Servir,Debito,6200,0,990,0
2028,2024-06-05,2024,6,June,Wednesday,False,23,15,almuerzo,Servir,Debito,1170,0,187,0
2029,2024-06-05,2024,6,June,Wednesday,False,23,15,almuerzo,Servir,Efectivo,4900,0,782,0
2030,2024-06-05,2024,6,June,Wednesday,False,23,15,almuerzo,Servir,Credito,3500,0,559,0
2031,2024-06-05,2024,6,June,Wednesday,False,23,16,tarde,Servir,Debito,4100,0,655,0
2032,2024-06-05,2024,6,June,Wednesday,False,23,16,tarde,Servir,Debito,2740,3,438,0
2033,2024-06-05,2024,6,June,Wednesday,False,23,16,tarde,Servir,Debito,2000,0,319,0
2034,2024-06-05,2024,6,June,Wednesday,False,23,16,tarde,Llevar,Efectivo,2000,0,319,0
2035,2024-06-05,2024,6,June,Wednesday,False,23,16,tarde,Llevar,Efectivo,1000,0,160,0
2036,2024-06-05,2024,6,June,Wednesday,False,23,17,tarde,Servir,Debito,6000,0,958,0
2037,2024-06-05,2024,6,June,Wednesday,False,23,17,tarde,Llevar,Debito,6200,0,990,0
2038,2024-06-05,2024,6,June,Wednesday,False,23,17,tarde,Servir,Debito,15500,0,2475,0
2039,2024-06-05,2024,6,June,Wednesday,False,23,17,tarde,Llevar,Debito,2900,0,463,0
2040,2024-06-05,2024,6,June,Wednesday,False,23,17,tarde,Llevar,Debito,2170,930,346,0
2041,2024-06-05,2024,6,June,Wednesday,False,23,17,tarde,Llevar,Debito,1450,2,232,0
2042,2024-06-05,2024,6,June,Wednesday,False,23,17,tarde,Llevar,Debito,2000,0,319,0
2043,2024-06-05,2024,6,June,Wednesday,False,23,17,tarde,Llevar,Efectivo,3500,0,559,0
2044,2024-06-05,2024,6,June,Wednesday,False,23,18,tarde,Servir,Debito,14500,0,2315,0
2045,2024-06-05,2024,6,June,Wednesday,False,23,18,tarde,Llevar,Debito,3500,0,559,0
2046,2024-06-05,2024,6,June,Wednesday,False,23,18,tarde,Servir,Debito,4900,0,782,0
2047,2024-06-05,2024,6,June,Wednesday,False,23,18,tarde,Llevar,Credito,1880,3,300,0
2048,2024-06-05,2024,6,June,Wednesday,False,23,18,tarde,Llevar,Debito,3100,0,495,0
2049,2024-06-05,2024,6,June,Wednesday,False,23,18,tarde,Servir,Debito,12900,0,2060,0
2050,2024-06-05,2024,6,June,Wednesday,False,23,18,tarde,Llevar,Debito,5600,0,0,0
2051,2024-06-05,2024,6,June,Wednesday,False,23,18,tarde,Llevar,Debito,3500,0,559,0
2052,2024-06-05,2024,6,June,Wednesday,False,23,19,cierre,Llevar,Debito,4600,0,734,0
2053,2024-06-05,2024,6,June,Wednesday,False,23,19,cierre,Llevar,Debito,5000,0,798,0
2054,2024-06-05,2024,6,June,Wednesday,False,23,19,cierre,Servir,Credito,12700,0,2028,0
2055,2024-06-05,2024,6,June,Wednesday,False,23,19,cierre,Llevar,Credito,9100,0,1453,0
2056,2024-06-05,2024,6,June,Wednesday,False,23,19,cierre,Llevar,Credito,2900,0,463,0
2057,2024-06-05,2024,6,June,Wednesday,False,23,19,cierre,Llevar,Debito,3500,0,559,0
2058,2024-06-05,2024,6,June,Wednesday,False,23,19,cierre,Llevar,Debito,3500,0,559,0
2059,2024-06-05,2024,6,June,Wednesday,False,23,19,cierre,Llevar,Debito,3500,0,559,0
2060,2024-06-05,2024,6,June,Wednesday,False,23,19,cierre,Llevar,Debito,2000,0,319,0
2061,2024-06-06,2024,6,June,Thursday,False,23,11,manana,Llevar,Efectivo,3500,0,559,0
2062,2024-06-06,2024,6,June,Thursday,False,23,12,manana,Llevar,Debito,2500,0,0,0
2063,2024-06-06,2024,6,June,Thursday,False,23,12,manana,Llevar,Credito,8400,0,1341,0
2064,2024-06-06,2024,6,June,Thursday,False,23,12,manana,Servir,Debito,6300,0,1006,0
2065,2024-06-06,2024,6,June,Thursday,False,23,12,manana,Servir,Debito,2000,0,0,0
2066,2024-06-06,2024,6,June,Thursday,False,23,12,manana,Servir,Debito,5200,0,0,0
2067,2024-06-06,2024,6,June,Thursday,False,23,12,manana,Servir,Efectivo,5500,0,0,0
2068,2024-06-06,2024,6,June,Thursday,False,23,13,almuerzo,Servir,Efectivo,6900,0,0,0
2069,2024-06-06,2024,6,June,Thursday,False,23,13,almuerzo,Llevar,Debito,4500,0,0,0
2070,2024-06-06,2024,6,June,Thursday,False,23,13,almuerzo,Servir,Debito,6700,0,1070,0
2071,2024-06-06,2024,6,June,Thursday,False,23,13,almuerzo,Servir,Efectivo,6000,0,958,0
2072,2024-06-06,2024,6,June,Thursday,False,23,13,almuerzo,Servir,Debito,6300,0,1006,0
2073,2024-06-06,2024,6,June,Thursday,False,23,13,almuerzo,Servir,Debito,2000,0,319,0
2074,2024-06-06,2024,6,June,Thursday,False,23,13,almuerzo,Llevar,Credito,6800,0,1086,0
2075,2024-06-06,2024,6,June,Thursday,False,23,13,almuerzo,Llevar,Debito,2500,0,399,0
2076,2024-06-06,2024,6,June,Thursday,False,23,13,almuerzo,Llevar,Debito,6100,0,974,0
2077,2024-06-06,2024,6,June,Thursday,False,23,13,almuerzo,Servir,Debito,2000,0,319,0
2078,2024-06-06,2024,6,June,Thursday,False,23,14,almuerzo,Llevar,Debito,1500,0,239,0
2079,2024-06-06,2024,6,June,Thursday,False,23,14,almuerzo,Llevar,Efectivo,4000,0,639,0
2080,2024-06-06,2024,6,June,Thursday,False,23,14,almuerzo,Llevar,Debito,2900,0,463,0
2081,2024-06-06,2024,6,June,Thursday,False,23,14,almuerzo,Llevar,Debito,2000,0,319,0
2082,2024-06-06,2024,6,June,Thursday,False,23,14,almuerzo,Llevar,Debito,2900,0,463,0
2083,2024-06-06,2024,6,June,Thursday,False,23,15,almuerzo,Llevar,Debito,7100,0,1134,0
2084,2024-06-06,2024,6,June,Thursday,False,23,15,almuerzo,Servir,Credito,3500,0,559,0
2085,2024-06-06,2024,6,June,Thursday,False,23,15,almuerzo,Llevar,Debito,6000,0,958,0
2086,2024-06-06,2024,6,June,Thursday,False,23,15,almuerzo,Llevar,Debito,5500,0,878,0
2087,2024-06-06,2024,6,June,Thursday,False,23,15,almuerzo,Llevar,Efectivo,1000,0,160,0
2088,2024-06-06,2024,6,June,Thursday,False,23,15,almuerzo,Servir,Debito,11700,0,1868,0
2089,2024-06-06,2024,6,June,Thursday,False,23,16,tarde,Servir,Credito,10700,0,1708,0
2090,2024-06-06,2024,6,June,Thursday,False,23,16,tarde,Servir,Debito,8600,0,1373,0
2091,2024-06-06,2024,6,June,Thursday,False,23,16,tarde,Servir,Debito,4400,0,703,0
2092,2024-06-06,2024,6,June,Thursday,False,23,16,tarde,Llevar,Debito,8500,0,0,0
2093,2024-06-06,2024,6,June,Thursday,False,23,16,tarde,Servir,Debito,5000,0,830,0
2094,2024-06-06,2024,6,June,Thursday,False,23,16,tarde,Servir,Debito,5800,0,0,0
2095,2024-06-06,2024,6,June,Thursday,False,23,16,tarde,Servir,Efectivo,7000,0,1118,0
2096,2024-06-06,2024,6,June,Thursday,False,23,16,tarde,Llevar,Debito,6400,0,1022,0
2097,2024-06-06,2024,6,June,Thursday,False,23,16,tarde,Llevar,Efectivo,10000,0,1597,0
2098,2024-06-06,2024,6,June,Thursday,False,23,17,tarde,Llevar,Debito,6600,0,1054,0
2099,2024-06-06,2024,6,June,Thursday,False,23,17,tarde,Servir,Debito,2000,0,319,0
2100,2024-06-06,2024,6,June,Thursday,False,23,17,tarde,Llevar,Efectivo,4800,0,766,0
2101,2024-06-06,2024,6,June,Thursday,False,23,17,tarde,Servir,Debito,5600,0,894,0
2102,2024-06-06,2024,6,June,Thursday,False,23,17,tarde,Servir,Efectivo,5600,0,894,0
2103,2024-06-06,2024,6,June,Thursday,False,23,17,tarde,Servir,Debito,7200,0,1150,0
2104,2024-06-06,2024,6,June,Thursday,False,23,17,tarde,Servir,Debito,9300,0,1485,0
2105,2024-06-06,2024,6,June,Thursday,False,23,17,tarde,Servir,Efectivo,5200,0,830,0
2106,2024-06-06,2024,6,June,Thursday,False,23,17,tarde,Llevar,Debito,3948,0,630,0
2107,2024-06-06,2024,6,June,Thursday,False,23,17,tarde,Llevar,Debito,2800,0,447,0
2108,2024-06-06,2024,6,June,Thursday,False,23,17,tarde,Servir,Debito,1000,0,160,0
2109,2024-06-06,2024,6,June,Thursday,False,23,17,tarde,Llevar,Credito,5200,0,830,0
2110,2024-06-06,2024,6,June,Thursday,False,23,17,tarde,Servir,Credito,6900,0,1102,0
2111,2024-06-06,2024,6,June,Thursday,False,23,17,tarde,Llevar,Debito,5400,0,862,0
2112,2024-06-06,2024,6,June,Thursday,False,23,17,tarde,Servir,Debito,3200,0,511,0
2114,2024-06-06,2024,6,June,Thursday,False,23,17,tarde,Servir,Efectivo,1600,0,255,0
2115,2024-06-06,2024,6,June,Thursday,False,23,17,tarde,Llevar,Debito,1400,0,224,0
2116,2024-06-06,2024,6,June,Thursday,False,23,18,tarde,Llevar,Debito,3000,0,479,0
2117,2024-06-06,2024,6,June,Thursday,False,23,18,tarde,Llevar,Debito,2000,0,319,0
2119,2024-06-06,2024,6,June,Thursday,False,23,18,tarde,Llevar,Debito,1600,0,255,0
2120,2024-06-06,2024,6,June,Thursday,False,23,18,tarde,Llevar,Debito,3000,0,479,0
2121,2024-06-06,2024,6,June,Thursday,False,23,18,tarde,Llevar,Credito,8400,0,1341,0
2122,2024-06-06,2024,6,June,Thursday,False,23,18,tarde,Servir,Debito,15500,0,2475,0
2123,2024-06-06,2024,6,June,Thursday,False,23,18,tarde,Servir,Debito,26400,0,0,0
2124,2024-06-06,2024,6,June,Thursday,False,23,18,tarde,Servir,Debito,11200,0,1788,0
2125,2024-06-06,2024,6,June,Thursday,False,23,18,tarde,Servir,Debito,5200,0,830,0
2126,2024-06-06,2024,6,June,Thursday,False,23,18,tarde,Llevar,Debito,2000,0,319,0
2127,2024-06-06,2024,6,June,Thursday,False,23,18,tarde,Servir,Debito,5600,0,894,0
2128,2024-06-06,2024,6,June,Thursday,False,23,19,cierre,Servir,Debito,19180,320,3062,0
2129,2024-06-06,2024,6,June,Thursday,False,23,19,cierre,Servir,Debito,6000,0,958,0
2130,2024-06-06,2024,6,June,Thursday,False,23,19,cierre,Servir,Credito,20700,0,3305,0
2131,2024-06-06,2024,6,June,Thursday,False,23,19,cierre,Llevar,Debito,4500,0,718,0
2132,2024-06-06,2024,6,June,Thursday,False,23,19,cierre,Servir,Debito,2000,0,319,0
2133,2024-06-06,2024,6,June,Thursday,False,23,19,cierre,Llevar,Debito,8500,100,1357,0
2134,2024-06-06,2024,6,June,Thursday,False,23,19,cierre,Servir,Debito,2500,0,399,0
2135,2024-06-07,2024,6,June,Friday,False,23,12,manana,Servir,Debito,10500,0,1676,0
2136,2024-06-07,2024,6,June,Friday,False,23,12,manana,Servir,Debito,10500,0,0,0
2137,2024-06-07,2024,6,June,Friday,False,23,12,manana,Llevar,Debito,11800,0,0,0
2138,2024-06-07,2024,6,June,Friday,False,23,13,almuerzo,Servir,Debito,7500,0,1197,0
2139,2024-06-07,2024,6,June,Friday,False,23,13,almuerzo,Llevar,Debito,15600,0,0,0
2140,2024-06-07,2024,6,June,Friday,False,23,13,almuerzo,Llevar,Efectivo,5800,0,926,0
2141,2024-06-07,2024,6,June,Friday,False,23,13,almuerzo,Llevar,Efectivo,3500,0,559,0
2142,2024-06-07,2024,6,June,Friday,False,23,13,almuerzo,Llevar,Efectivo,4000,0,639,0
2143,2024-06-07,2024,6,June,Friday,False,23,13,almuerzo,Llevar,Efectivo,2800,0,447,0
2144,2024-06-07,2024,6,June,Friday,False,23,13,almuerzo,Llevar,Debito,2200,0,351,0
2145,2024-06-07,2024,6,June,Friday,False,23,13,almuerzo,Llevar,Debito,5000,0,798,0
2146,2024-06-07,2024,6,June,Friday,False,23,13,almuerzo,Llevar,Credito,2000,0,319,0
2147,2024-06-07,2024,6,June,Friday,False,23,15,almuerzo,Llevar,Debito,2000,0,319,0
2148,2024-06-07,2024,6,June,Friday,False,23,15,almuerzo,Llevar,Debito,3700,0,591,0
2149,2024-06-07,2024,6,June,Friday,False,23,15,almuerzo,Llevar,Debito,7200,0,1150,0
2150,2024-06-07,2024,6,June,Friday,False,23,15,almuerzo,Llevar,Debito,4200,0,671,0
2151,2024-06-07,2024,6,June,Friday,False,23,15,almuerzo,Servir,Debito,15200,0,2427,0
2152,2024-06-07,2024,6,June,Friday,False,23,15,almuerzo,Servir,Debito,11500,0,1836,0
2153,2024-06-07,2024,6,June,Friday,False,23,15,almuerzo,Llevar,Debito,2500,0,0,0
2154,2024-06-07,2024,6,June,Friday,False,23,15,almuerzo,Servir,Debito,6000,0,958,0
2155,2024-06-07,2024,6,June,Friday,False,23,15,almuerzo,Llevar,Efectivo,4800,0,0,0
2156,2024-06-07,2024,6,June,Friday,False,23,15,almuerzo,Servir,Debito,4500,0,718,0
2157,2024-06-07,2024,6,June,Friday,False,23,15,almuerzo,Servir,Debito,3190,10,509,0
2158,2024-06-07,2024,6,June,Friday,False,23,15,almuerzo,Servir,Debito,7300,0,0,0
2159,2024-06-07,2024,6,June,Friday,False,23,15,almuerzo,Llevar,Debito,4000,0,639,0
2160,2024-06-07,2024,6,June,Friday,False,23,15,almuerzo,Servir,Credito,4000,0,0,0
2161,2024-06-07,2024,6,June,Friday,False,23,16,tarde,Llevar,Debito,3600,0,575,0
2162,2024-06-07,2024,6,June,Friday,False,23,16,tarde,Servir,Debito,6400,0,1022,0
2163,2024-06-07,2024,6,June,Friday,False,23,16,tarde,Llevar,Efectivo,4000,0,639,0
2164,2024-06-07,2024,6,June,Friday,False,23,16,tarde,Servir,Debito,4700,0,750,0
2165,2024-06-07,2024,6,June,Friday,False,23,16,tarde,Llevar,Debito,2000,0,319,0
2166,2024-06-07,2024,6,June,Friday,False,23,16,tarde,Llevar,Efectivo,5800,0,926,0
2167,2024-06-07,2024,6,June,Friday,False,23,16,tarde,Servir,Debito,10000,0,1597,0
2168,2024-06-07,2024,6,June,Friday,False,23,16,tarde,Llevar,Debito,3500,0,559,0
2169,2024-06-07,2024,6,June,Friday,False,23,16,tarde,Llevar,Debito,5000,0,798,0
2170,2024-06-07,2024,6,June,Friday,False,23,16,tarde,Servir,Debito,9700,0,1549,0
2171,2024-06-07,2024,6,June,Friday,False,23,16,tarde,Llevar,Debito,3500,0,559,0
2172,2024-06-07,2024,6,June,Friday,False,23,16,tarde,Llevar,Efectivo,3000,0,479,0
2173,2024-06-07,2024,6,June,Friday,False,23,16,tarde,Servir,Debito,5500,0,878,0
2174,2024-06-07,2024,6,June,Friday,False,23,16,tarde,Servir,Debito,5500,0,878,0
2175,2024-06-07,2024,6,June,Friday,False,23,16,tarde,Llevar,Debito,3000,0,479,0
2176,2024-06-07,2024,6,June,Friday,False,23,17,tarde,Servir,Debito,7500,0,1197,0
2177,2024-06-07,2024,6,June,Friday,False,23,17,tarde,Llevar,Debito,14000,0,2235,0
2178,2024-06-07,2024,6,June,Friday,False,23,17,tarde,Llevar,Debito,14400,0,0,0
2179,2024-06-07,2024,6,June,Friday,False,23,17,tarde,Servir,Efectivo,3500,0,0,0
2180,2024-06-07,2024,6,June,Friday,False,23,17,tarde,Llevar,Efectivo,6500,0,1038,0
2181,2024-06-07,2024,6,June,Friday,False,23,17,tarde,Llevar,Debito,5900,0,942,0
2182,2024-06-07,2024,6,June,Friday,False,23,17,tarde,Servir,Efectivo,9800,0,1565,0
2183,2024-06-07,2024,6,June,Friday,False,23,17,tarde,Llevar,Debito,3500,0,559,0
2184,2024-06-07,2024,6,June,Friday,False,23,17,tarde,Llevar,Debito,8500,0,1357,0
2185,2024-06-07,2024,6,June,Friday,False,23,17,tarde,Servir,Debito,6300,0,1006,0
2186,2024-06-07,2024,6,June,Friday,False,23,17,tarde,Llevar,Debito,2000,0,319,0
2187,2024-06-07,2024,6,June,Friday,False,23,17,tarde,Llevar,Debito,4200,0,671,0
2188,2024-06-07,2024,6,June,Friday,False,23,17,tarde,Servir,Efectivo,5500,0,878,0
2189,2024-06-07,2024,6,June,Friday,False,23,18,tarde,Servir,Credito,6900,0,1102,0
2190,2024-06-07,2024,6,June,Friday,False,23,18,tarde,Servir,Debito,11300,0,1804,0
2191,2024-06-07,2024,6,June,Friday,False,23,18,tarde,Llevar,Debito,5000,0,798,0
2192,2024-06-07,2024,6,June,Friday,False,23,18,tarde,Llevar,Debito,6900,0,1102,0
2193,2024-06-07,2024,6,June,Friday,False,23,18,tarde,Servir,Debito,2200,0,351,0
2194,2024-06-07,2024,6,June,Friday,False,23,18,tarde,Llevar,Debito,2900,0,463,0
2195,2024-06-07,2024,6,June,Friday,False,23,18,tarde,Llevar,Credito,2200,0,351,0
2196,2024-06-07,2024,6,June,Friday,False,23,18,tarde,Llevar,Debito,2000,0,319,0
2197,2024-06-07,2024,6,June,Friday,False,23,18,tarde,Llevar,Efectivo,4500,0,718,0
2198,2024-06-07,2024,6,June,Friday,False,23,18,tarde,Servir,Debito,14900,0,2379,0
2199,2024-06-07,2024,6,June,Friday,False,23,18,tarde,Llevar,Debito,7100,0,1134,0
2200,2024-06-07,2024,6,June,Friday,False,23,18,tarde,Servir,Debito,9400,0,1501,0
2201,2024-06-07,2024,6,June,Friday,False,23,18,tarde,Llevar,Debito,3100,0,495,0
2202,2024-06-07,2024,6,June,Friday,False,23,18,tarde,Llevar,Credito,12400,0,1980,0
2203,2024-06-07,2024,6,June,Friday,False,23,18,tarde,Llevar,Debito,1500,0,0,0
2204,2024-06-07,2024,6,June,Friday,False,23,18,tarde,Servir,Debito,5500,0,878,0
2205,2024-06-07,2024,6,June,Friday,False,23,18,tarde,Servir,Debito,1485,0,237,0
2206,2024-06-07,2024,6,June,Friday,False,23,18,tarde,Servir,Debito,2500,0,399,0
2207,2024-06-07,2024,6,June,Friday,False,23,19,cierre,Llevar,Debito,1500,0,239,0
2208,2024-06-07,2024,6,June,Friday,False,23,19,cierre,Servir,Debito,8600,0,1373,0
2209,2024-06-07,2024,6,June,Friday,False,23,19,cierre,Servir,Debito,1600,0,255,0
2210,2024-06-07,2024,6,June,Friday,False,23,19,cierre,Servir,Efectivo,1000,0,160,0
2211,2024-06-07,2024,6,June,Friday,False,23,19,cierre,Servir,Debito,7100,0,1134,0
2212,2024-06-07,2024,6,June,Friday,False,23,19,cierre,Llevar,Debito,1500,0,239,0
2213,2024-06-07,2024,6,June,Friday,False,23,19,cierre,Servir,Debito,9500,0,1517,0
2214,2024-06-07,2024,6,June,Friday,False,23,19,cierre,Servir,Debito,1600,0,255,0
2215,2024-06-08,2024,6,June,Saturday,True,23,12,manana,Servir,Debito,11400,0,1820,0
2216,2024-06-08,2024,6,June,Saturday,True,23,12,manana,Servir,Efectivo,10300,0,1645,0
2217,2024-06-08,2024,6,June,Saturday,True,23,13,almuerzo,Llevar,Credito,11200,0,1788,0
2218,2024-06-08,2024,6,June,Saturday,True,23,13,almuerzo,Llevar,Debito,8200,0,1309,0
2219,2024-06-08,2024,6,June,Saturday,True,23,13,almuerzo,Llevar,Debito,4600,0,0,0
2220,2024-06-08,2024,6,June,Saturday,True,23,13,almuerzo,Servir,Debito,10800,0,1724,0
2221,2024-06-08,2024,6,June,Saturday,True,23,13,almuerzo,Llevar,Credito,9300,0,0,0
2222,2024-06-08,2024,6,June,Saturday,True,23,13,almuerzo,Servir,Debito,5300,0,846,0
2223,2024-06-08,2024,6,June,Saturday,True,23,13,almuerzo,Servir,Debito,6500,0,1038,0
2224,2024-06-08,2024,6,June,Saturday,True,23,13,almuerzo,Llevar,Debito,2000,0,319,0
2225,2024-06-08,2024,6,June,Saturday,True,23,13,almuerzo,Llevar,Debito,2200,0,351,0
2226,2024-06-08,2024,6,June,Saturday,True,23,14,almuerzo,Llevar,Debito,6000,0,958,0
2227,2024-06-08,2024,6,June,Saturday,True,23,14,almuerzo,Llevar,Debito,4200,0,671,0
2228,2024-06-08,2024,6,June,Saturday,True,23,16,tarde,Servir,Debito,10400,0,1661,0
2229,2024-06-08,2024,6,June,Saturday,True,23,16,tarde,Servir,Debito,7000,0,1118,0
2230,2024-06-08,2024,6,June,Saturday,True,23,16,tarde,Servir,Debito,3200,0,511,0
2231,2024-06-08,2024,6,June,Saturday,True,23,16,tarde,Llevar,Debito,5500,0,878,0
2232,2024-06-08,2024,6,June,Saturday,True,23,16,tarde,Llevar,Debito,3500,0,559,0
2233,2024-06-08,2024,6,June,Saturday,True,23,16,tarde,Llevar,Efectivo,3500,0,559,0
2234,2024-06-08,2024,6,June,Saturday,True,23,16,tarde,Servir,Debito,7400,0,1182,0
2235,2024-06-08,2024,6,June,Saturday,True,23,17,tarde,Llevar,Credito,9000,0,1437,0
2236,2024-06-08,2024,6,June,Saturday,True,23,17,tarde,Servir,Debito,7400,0,1182,0
2237,2024-06-08,2024,6,June,Saturday,True,23,18,tarde,Llevar,Debito,4900,0,782,0
2238,2024-06-08,2024,6,June,Saturday,True,23,18,tarde,Llevar,Debito,2000,0,319,0
2239,2024-06-08,2024,6,June,Saturday,True,23,18,tarde,Llevar,Debito,4200,0,671,0
2240,2024-06-08,2024,6,June,Saturday,True,23,19,cierre,Servir,Efectivo,8200,0,1309,0
2241,2024-06-08,2024,6,June,Saturday,True,23,19,cierre,Servir,Debito,6400,0,0,0
2242,2024-06-08,2024,6,June,Saturday,True,23,19,cierre,Servir,Debito,10500,0,1676,0
2243,2024-06-08,2024,6,June,Saturday,True,23,19,cierre,Llevar,Debito,4400,0,703,0
2244,2024-06-08,2024,6,June,Saturday,True,23,20,cierre,Servir,Debito,6600,0,1054,0
2245,2024-06-08,2024,6,June,Saturday,True,23,20,cierre,Llevar,Debito,7200,0,1150,0
2246,2024-06-10,2024,6,June,Monday,False,24,12,manana,Llevar,Debito,3600,0,575,0
2247,2024-06-10,2024,6,June,Monday,False,24,12,manana,Servir,Efectivo,10000,0,0,0
2248,2024-06-10,2024,6,June,Monday,False,24,12,manana,Servir,Edenred,5800,0,926,0
2249,2024-06-10,2024,6,June,Monday,False,24,12,manana,Servir,Edenred,8100,0,0,0
2250,2024-06-10,2024,6,June,Monday,False,24,13,almuerzo,Llevar,Debito,6000,0,0,0
2251,2024-06-10,2024,6,June,Monday,False,24,13,almuerzo,Servir,Debito,6100,0,974,0
2252,2024-06-10,2024,6,June,Monday,False,24,13,almuerzo,Servir,Edenred,7200,0,0,0
2253,2024-06-10,2024,6,June,Monday,False,24,13,almuerzo,Llevar,Efectivo,3000,0,479,0
2254,2024-06-10,2024,6,June,Monday,False,24,13,almuerzo,Llevar,Debito,5800,0,926,0
2255,2024-06-10,2024,6,June,Monday,False,24,14,almuerzo,Llevar,Debito,2800,0,0,0
2256,2024-06-10,2024,6,June,Monday,False,24,14,almuerzo,Servir,Efectivo,6700,0,1070,0
2257,2024-06-10,2024,6,June,Monday,False,24,14,almuerzo,Servir,Debito,8700,0,1389,0
2258,2024-06-10,2024,6,June,Monday,False,24,14,almuerzo,Llevar,Debito,2000,0,319,0
2259,2024-06-10,2024,6,June,Monday,False,24,14,almuerzo,Servir,Debito,4400,0,703,0
2260,2024-06-10,2024,6,June,Monday,False,24,14,almuerzo,Llevar,Edenred,2000,0,0,0
2261,2024-06-10,2024,6,June,Monday,False,24,15,almuerzo,Servir,Efectivo,9900,0,1581,0
2262,2024-06-10,2024,6,June,Monday,False,24,15,almuerzo,Servir,Debito,6400,0,1022,0
2263,2024-06-10,2024,6,June,Monday,False,24,15,almuerzo,Llevar,Debito,3500,0,559,0
2264,2024-06-10,2024,6,June,Monday,False,24,16,tarde,Servir,Edenred,3500,0,0,0
2265,2024-06-10,2024,6,June,Monday,False,24,16,tarde,Servir,Edenred,3200,0,0,0
2266,2024-06-10,2024,6,June,Monday,False,24,16,tarde,Servir,Edenred,11900,0,0,0
2267,2024-06-10,2024,6,June,Monday,False,24,16,tarde,Llevar,Debito,2000,0,319,0
2268,2024-06-10,2024,6,June,Monday,False,24,16,tarde,Servir,Debito,4400,0,703,0
2269,2024-06-10,2024,6,June,Monday,False,24,16,tarde,Servir,Edenred,6800,0,0,0
2270,2024-06-10,2024,6,June,Monday,False,24,16,tarde,Servir,Edenred,4000,0,0,0
2271,2024-06-10,2024,6,June,Monday,False,24,16,tarde,Servir,Debito,4917,20,785,0
2272,2024-06-10,2024,6,June,Monday,False,24,16,tarde,Servir,Debito,14600,0,2331,0
2273,2024-06-10,2024,6,June,Monday,False,24,16,tarde,Llevar,Debito,5000,0,798,0
2274,2024-06-10,2024,6,June,Monday,False,24,17,tarde,Llevar,Debito,10244,0,1636,0
2275,2024-06-10,2024,6,June,Monday,False,24,17,tarde,Servir,Edenred,3000,0,0,0
2276,2024-06-10,2024,6,June,Monday,False,24,17,tarde,Llevar,Debito,2266,0,362,0
2277,2024-06-10,2024,6,June,Monday,False,24,17,tarde,Llevar,Debito,3100,0,495,0
2278,2024-06-10,2024,6,June,Monday,False,24,17,tarde,Llevar,Credito,8800,0,1405,0
2279,2024-06-10,2024,6,June,Monday,False,24,17,tarde,Llevar,Debito,7000,0,1118,0
2280,2024-06-10,2024,6,June,Monday,False,24,18,tarde,Servir,Debito,5000,0,798,0
2281,2024-06-10,2024,6,June,Monday,False,24,18,tarde,Llevar,Debito,2000,0,319,0
2282,2024-06-10,2024,6,June,Monday,False,24,18,tarde,Llevar,Debito,3900,0,623,0
2283,2024-06-10,2024,6,June,Monday,False,24,18,tarde,Servir,Debito,12800,0,0,0
2284,2024-06-10,2024,6,June,Monday,False,24,18,tarde,Servir,Efectivo,2730,0,435,0
2285,2024-06-10,2024,6,June,Monday,False,24,18,tarde,Llevar,Debito,6000,0,958,0
2286,2024-06-10,2024,6,June,Monday,False,24,18,tarde,Servir,Credito,3100,0,0,0
2287,2024-06-10,2024,6,June,Monday,False,24,18,tarde,Llevar,Debito,3500,0,559,0
2288,2024-06-10,2024,6,June,Monday,False,24,18,tarde,Servir,Efectivo,5000,0,798,0
2289,2024-06-10,2024,6,June,Monday,False,24,18,tarde,Llevar,Debito,5100,0,814,0
2290,2024-06-10,2024,6,June,Monday,False,24,19,cierre,Servir,Debito,19600,0,3129,0
2292,2024-06-10,2024,6,June,Monday,False,24,19,cierre,Servir,Efectivo,7200,0,1150,0
2293,2024-06-10,2024,6,June,Monday,False,24,19,cierre,Servir,Debito,6600,0,1054,0
2294,2024-06-10,2024,6,June,Monday,False,24,19,cierre,Llevar,Efectivo,2000,0,319,0
2295,2024-06-10,2024,6,June,Monday,False,24,19,cierre,Llevar,Debito,3100,0,0,0
2296,2024-06-11,2024,6,June,Tuesday,False,24,10,manana,Llevar,Efectivo,6400,0,0,0
2297,2024-06-11,2024,6,June,Tuesday,False,24,10,manana,Llevar,Efectivo,6200,0,0,0
2298,2024-06-11,2024,6,June,Tuesday,False,24,13,almuerzo,Llevar,Debito,1500,0,239,0
2299,2024-06-11,2024,6,June,Tuesday,False,24,14,almuerzo,Llevar,Debito,5600,5000,894,0
2300,2024-06-11,2024,6,June,Tuesday,False,24,14,almuerzo,Llevar,Efectivo,6800,0,1086,0
2301,2024-06-11,2024,6,June,Tuesday,False,24,15,almuerzo,Servir,Debito,14500,0,2315,1450
2302,2024-06-11,2024,6,June,Tuesday,False,24,15,almuerzo,Llevar,Credito,5400,0,862,0
2303,2024-06-11,2024,6,June,Tuesday,False,24,15,almuerzo,Llevar,Efectivo,75880,0,0,0
2304,2024-06-11,2024,6,June,Tuesday,False,24,15,almuerzo,Llevar,Debito,4400,0,703,0
2305,2024-06-11,2024,6,June,Tuesday,False,24,16,tarde,Llevar,Debito,9500,0,1517,0
2306,2024-06-11,2024,6,June,Tuesday,False,24,16,tarde,Servir,Edenred,6300,0,0,0
2307,2024-06-11,2024,6,June,Tuesday,False,24,16,tarde,Servir,Edenred,6300,0,0,0
2308,2024-06-11,2024,6,June,Tuesday,False,24,16,tarde,Llevar,Debito,8300,0,1325,0
2309,2024-06-11,2024,6,June,Tuesday,False,24,16,tarde,Llevar,Debito,7200,0,1150,0
2310,2024-06-11,2024,6,June,Tuesday,False,24,16,tarde,Llevar,Credito,8700,0,1389,0
2311,2024-06-11,2024,6,June,Tuesday,False,24,17,tarde,Servir,Debito,6800,0,1086,0
2312,2024-06-11,2024,6,June,Tuesday,False,24,17,tarde,Llevar,Debito,5000,0,798,0
2313,2024-06-11,2024,6,June,Tuesday,False,24,17,tarde,Llevar,Debito,2500,0,399,0
2314,2024-06-11,2024,6,June,Tuesday,False,24,17,tarde,Servir,Debito,7000,0,1118,0
2315,2024-06-11,2024,6,June,Tuesday,False,24,17,tarde,Servir,Debito,13200,0,2108,0
2316,2024-06-11,2024,6,June,Tuesday,False,24,17,tarde,Llevar,Credito,6200,0,990,0
2317,2024-06-11,2024,6,June,Tuesday,False,24,17,tarde,Llevar,Debito,6100,0,974,0
2318,2024-06-11,2024,6,June,Tuesday,False,24,17,tarde,Llevar,Debito,7500,0,1197,0
2319,2024-06-11,2024,6,June,Tuesday,False,24,17,tarde,Llevar,Transferencia,1400,0,224,0
2320,2024-06-11,2024,6,June,Tuesday,False,24,18,tarde,Llevar,Debito,7500,0,1197,0
2321,2024-06-11,2024,6,June,Tuesday,False,24,18,tarde,Llevar,Credito,12500,0,1996,0
2322,2024-06-11,2024,6,June,Tuesday,False,24,18,tarde,Llevar,Debito,6500,0,1038,0
2323,2024-06-11,2024,6,June,Tuesday,False,24,18,tarde,Llevar,Efectivo,4000,0,639,0
2324,2024-06-11,2024,6,June,Tuesday,False,24,18,tarde,Llevar,Debito,4400,0,703,0
2325,2024-06-11,2024,6,June,Tuesday,False,24,18,tarde,Llevar,Debito,8100,0,1293,0
2326,2024-06-11,2024,6,June,Tuesday,False,24,18,tarde,Llevar,Debito,4700,0,750,0
2327,2024-06-11,2024,6,June,Tuesday,False,24,19,cierre,Llevar,Debito,8100,0,1293,0
2328,2024-06-11,2024,6,June,Tuesday,False,24,19,cierre,Llevar,Debito,9300,0,1485,0
2329,2024-06-11,2024,6,June,Tuesday,False,24,19,cierre,Llevar,Transferencia,2800,0,447,0
2330,2024-06-11,2024,6,June,Tuesday,False,24,19,cierre,Llevar,Debito,5900,0,942,0
2331,2024-06-11,2024,6,June,Tuesday,False,24,19,cierre,Llevar,Debito,6200,0,990,0
2332,2024-06-11,2024,6,June,Tuesday,False,24,19,cierre,Llevar,Debito,12600,0,0,0
2333,2024-06-12,2024,6,June,Wednesday,False,24,13,almuerzo,Llevar,Credito,18700,0,2986,0
2334,2024-06-12,2024,6,June,Wednesday,False,24,13,almuerzo,Llevar,Transferencia,36000,6000,0,0
2335,2024-06-12,2024,6,June,Wednesday,False,24,13,almuerzo,Delivery,Transferencia,23300,0,0,0
2336,2024-06-12,2024,6,June,Wednesday,False,24,13,almuerzo,Llevar,Efectivo,6100,0,974,0
2337,2024-06-12,2024,6,June,Wednesday,False,24,13,almuerzo,Llevar,Debito,6400,0,1022,0
2338,2024-06-12,2024,6,June,Wednesday,False,24,13,almuerzo,Delivery,Transferencia,19000,0,0,0
2339,2024-06-12,2024,6,June,Wednesday,False,24,13,almuerzo,Llevar,Debito,4300,0,687,0
2340,2024-06-12,2024,6,June,Wednesday,False,24,14,almuerzo,Llevar,Debito,2900,0,463,0
2341,2024-06-12,2024,6,June,Wednesday,False,24,15,almuerzo,Llevar,Debito,3500,0,559,0
2342,2024-06-12,2024,6,June,Wednesday,False,24,16,tarde,Delivery,Transferencia,7400,0,0,0
2343,2024-06-12,2024,6,June,Wednesday,False,24,16,tarde,Llevar,Credito,7300,0,1166,0
2344,2024-06-12,2024,6,June,Wednesday,False,24,16,tarde,Llevar,Credito,3100,0,495,0
2345,2024-06-12,2024,6,June,Wednesday,False,24,16,tarde,Llevar,Debito,3100,0,495,0
2346,2024-06-12,2024,6,June,Wednesday,False,24,16,tarde,Delivery,Transferencia,18800,0,0,0
2347,2024-06-12,2024,6,June,Wednesday,False,24,16,tarde,Servir,Debito,15900,0,2539,0
2348,2024-06-12,2024,6,June,Wednesday,False,24,16,tarde,Llevar,Debito,6200,0,990,0
2349,2024-06-12,2024,6,June,Wednesday,False,24,16,tarde,Llevar,Debito,2500,0,399,0
2350,2024-06-12,2024,6,June,Wednesday,False,24,17,tarde,Llevar,Efectivo,5000,0,798,0
2351,2024-06-12,2024,6,June,Wednesday,False,24,17,tarde,Llevar,Efectivo,9800,0,1565,0
2352,2024-06-12,2024,6,June,Wednesday,False,24,17,tarde,Llevar,Efectivo,4000,0,639,0
2353,2024-06-12,2024,6,June,Wednesday,False,24,17,tarde,Llevar,Debito,3000,0,479,0
2354,2024-06-12,2024,6,June,Wednesday,False,24,19,cierre,Servir,Debito,11000,0,1756,0
2355,2024-06-13,2024,6,June,Thursday,False,24,11,manana,Servir,Efectivo,5000,0,798,0
2356,2024-06-13,2024,6,June,Thursday,False,24,12,manana,Servir,Debito,7800,0,0,0
2357,2024-06-13,2024,6,June,Thursday,False,24,12,manana,Delivery,Transferencia,13180,0,0,0
2358,2024-06-13,2024,6,June,Thursday,False,24,12,manana,Delivery,Transferencia,26000,0,0,0
2359,2024-06-13,2024,6,June,Thursday,False,24,12,manana,Servir,Debito,13200,0,2108,0
2360,2024-06-13,2024,6,June,Thursday,False,24,13,almuerzo,Llevar,Debito,8000,0,0,0
2361,2024-06-13,2024,6,June,Thursday,False,24,13,almuerzo,Llevar,Debito,5000,0,0,0
2362,2024-06-13,2024,6,June,Thursday,False,24,13,almuerzo,Llevar,Credito,13000,0,0,0
2363,2024-06-13,2024,6,June,Thursday,False,24,14,almuerzo,Servir,Debito,3200,0,511,0
2364,2024-06-13,2024,6,June,Thursday,False,24,14,almuerzo,Llevar,Debito,2000,0,319,0
2365,2024-06-13,2024,6,June,Thursday,False,24,15,almuerzo,Llevar,Debito,9400,0,1501,0
2366,2024-06-13,2024,6,June,Thursday,False,24,15,almuerzo,Llevar,Debito,7300,0,1166,0
2367,2024-06-13,2024,6,June,Thursday,False,24,15,almuerzo,Llevar,Debito,4500,0,718,0
2368,2024-06-13,2024,6,June,Thursday,False,24,15,almuerzo,Llevar,Debito,6700,0,1070,0
2369,2024-06-13,2024,6,June,Thursday,False,24,15,almuerzo,Llevar,Debito,5000,0,798,0
2370,2024-06-13,2024,6,June,Thursday,False,24,16,tarde,Llevar,Debito,3500,0,559,0
2371,2024-06-13,2024,6,June,Thursday,False,24,16,tarde,Llevar,Debito,6700,0,1070,0
2372,2024-06-13,2024,6,June,Thursday,False,24,16,tarde,Llevar,Debito,10700,0,1708,0
2373,2024-06-13,2024,6,June,Thursday,False,24,16,tarde,Llevar,Debito,2500,0,399,0
2374,2024-06-13,2024,6,June,Thursday,False,24,16,tarde,Llevar,Debito,11390,0,1819,0
2375,2024-06-13,2024,6,June,Thursday,False,24,16,tarde,Llevar,Credito,10500,0,1676,0
2376,2024-06-13,2024,6,June,Thursday,False,24,16,tarde,Servir,Debito,10700,0,1708,0
2377,2024-06-13,2024,6,June,Thursday,False,24,17,tarde,Llevar,Efectivo,2000,0,319,0
2378,2024-06-13,2024,6,June,Thursday,False,24,17,tarde,Llevar,Efectivo,9500,0,1517,0
2379,2024-06-13,2024,6,June,Thursday,False,24,17,tarde,Llevar,Debito,2800,0,447,0
2380,2024-06-13,2024,6,June,Thursday,False,24,17,tarde,Llevar,Efectivo,4100,0,655,0
2381,2024-06-13,2024,6,June,Thursday,False,24,17,tarde,Llevar,Debito,3500,0,559,0
2382,2024-06-13,2024,6,June,Thursday,False,24,17,tarde,Llevar,Debito,6700,0,1070,0
2383,2024-06-13,2024,6,June,Thursday,False,24,17,tarde,Llevar,Debito,3500,0,559,0
2384,2024-06-13,2024,6,June,Thursday,False,24,17,tarde,Llevar,Debito,6900,0,1102,0
2385,2024-06-13,2024,6,June,Thursday,False,24,17,tarde,Servir,Debito,7700,0,1229,0
2386,2024-06-13,2024,6,June,Thursday,False,24,18,tarde,Llevar,Debito,5900,0,942,0
2387,2024-06-13,2024,6,June,Thursday,False,24,18,tarde,Llevar,Debito,1000,0,160,0
2388,2024-06-13,2024,6,June,Thursday,False,24,18,tarde,Llevar,Debito,8230,0,1314,0
2389,2024-06-13,2024,6,June,Thursday,False,24,18,tarde,Llevar,Debito,2000,0,319,0
2390,2024-06-13,2024,6,June,Thursday,False,24,18,tarde,Servir,Efectivo,8500,0,1357,0
2391,2024-06-13,2024,6,June,Thursday,False,24,18,tarde,Llevar,Credito,9000,0,1437,0
2392,2024-06-13,2024,6,June,Thursday,False,24,18,tarde,Servir,Debito,8300,0,1325,0
2393,2024-06-13,2024,6,June,Thursday,False,24,18,tarde,Llevar,Debito,6300,0,1006,0
2394,2024-06-13,2024,6,June,Thursday,False,24,18,tarde,Llevar,Credito,3000,0,479,0
2395,2024-06-13,2024,6,June,Thursday,False,24,18,tarde,Servir,Debito,1000,0,160,0
2396,2024-06-13,2024,6,June,Thursday,False,24,18,tarde,Llevar,Debito,3040,0,0,0
2397,2024-06-13,2024,6,June,Thursday,False,24,18,tarde,Llevar,Debito,12400,0,1980,0
2398,2024-06-13,2024,6,June,Thursday,False,24,18,tarde,Llevar,Debito,5000,0,798,0
2399,2024-06-13,2024,6,June,Thursday,False,24,19,cierre,Servir,Credito,11200,0,1788,0
2400,2024-06-13,2024,6,June,Thursday,False,24,19,cierre,Servir,Debito,12980,5,2072,0
2401,2024-06-13,2024,6,June,Thursday,False,24,19,cierre,Llevar,Debito,6400,0,1022,0
2402,2024-06-13,2024,6,June,Thursday,False,24,19,cierre,Llevar,Debito,6000,0,958,0
2403,2024-06-13,2024,6,June,Thursday,False,24,19,cierre,Llevar,Efectivo,2000,0,319,0
2404,2024-06-13,2024,6,June,Thursday,False,24,19,cierre,Llevar,Efectivo,2900,0,463,0
2405,2024-06-13,2024,6,June,Thursday,False,24,19,cierre,Llevar,Debito,3100,0,495,0
2406,2024-06-13,2024,6,June,Thursday,False,24,19,cierre,Llevar,Debito,7400,0,1182,0
2407,2024-06-14,2024,6,June,Friday,False,24,12,manana,Llevar,Efectivo,4000,0,639,0
2408,2024-06-14,2024,6,June,Friday,False,24,12,manana,Llevar,Debito,8000,0,1277,0
2409,2024-06-14,2024,6,June,Friday,False,24,12,manana,Servir,Debito,8400,0,1341,0
2410,2024-06-14,2024,6,June,Friday,False,24,12,manana,Servir,Debito,8900,0,1421,0
2411,2024-06-14,2024,6,June,Friday,False,24,12,manana,Servir,Debito,5000,0,798,0
2412,2024-06-14,2024,6,June,Friday,False,24,13,almuerzo,Llevar,Debito,8600,0,1373,0
2413,2024-06-14,2024,6,June,Friday,False,24,13,almuerzo,Llevar,Debito,2800,0,447,0
2414,2024-06-14,2024,6,June,Friday,False,24,13,almuerzo,Llevar,Credito,5000,0,798,0
2415,2024-06-14,2024,6,June,Friday,False,24,14,almuerzo,Llevar,Debito,4600,0,734,200
2416,2024-06-14,2024,6,June,Friday,False,24,15,almuerzo,Servir,Efectivo,6500,0,1038,0
2417,2024-06-14,2024,6,June,Friday,False,24,15,almuerzo,Llevar,Debito,2900,0,463,0
2418,2024-06-14,2024,6,June,Friday,False,24,15,almuerzo,Llevar,Debito,5400,0,862,0
2419,2024-06-14,2024,6,June,Friday,False,24,15,almuerzo,Servir,Debito,7200,0,1150,0
2420,2024-06-14,2024,6,June,Friday,False,24,15,almuerzo,Servir,Edenred,7800,0,1245,0
2421,2024-06-14,2024,6,June,Friday,False,24,15,almuerzo,Servir,Edenred,7300,0,1166,0
2422,2024-06-14,2024,6,June,Friday,False,24,16,tarde,Servir,Efectivo,15800,0,2523,0
2423,2024-06-14,2024,6,June,Friday,False,24,16,tarde,Servir,Efectivo,12500,0,1996,0
2424,2024-06-14,2024,6,June,Friday,False,24,16,tarde,Servir,Debito,3000,0,479,0
2425,2024-06-14,2024,6,June,Friday,False,24,16,tarde,Llevar,Credito,10100,0,1613,0
2426,2024-06-14,2024,6,June,Friday,False,24,16,tarde,Llevar,Debito,6700,0,1070,0
2427,2024-06-14,2024,6,June,Friday,False,24,16,tarde,Llevar,Debito,1500,0,239,0
2428,2024-06-14,2024,6,June,Friday,False,24,16,tarde,Llevar,Credito,7300,0,1166,0
2429,2024-06-14,2024,6,June,Friday,False,24,16,tarde,Servir,Efectivo,13800,0,2203,0
2430,2024-06-14,2024,6,June,Friday,False,24,17,tarde,Llevar,Edenred,2800,0,0,0
2431,2024-06-14,2024,6,June,Friday,False,24,17,tarde,Servir,Edenred,8100,0,0,0
2432,2024-06-14,2024,6,June,Friday,False,24,17,tarde,Servir,Debito,5900,0,942,0
2433,2024-06-14,2024,6,June,Friday,False,24,17,tarde,Llevar,Debito,3400,0,543,0
2434,2024-06-14,2024,6,June,Friday,False,24,17,tarde,Llevar,Debito,5200,0,830,0
2435,2024-06-14,2024,6,June,Friday,False,24,17,tarde,Llevar,Debito,7000,0,1118,0
2436,2024-06-14,2024,6,June,Friday,False,24,17,tarde,Llevar,Debito,6200,0,990,0
2437,2024-06-14,2024,6,June,Friday,False,24,17,tarde,Llevar,Debito,3600,0,575,0
2438,2024-06-14,2024,6,June,Friday,False,24,17,tarde,Llevar,Debito,9800,0,1565,0
2439,2024-06-14,2024,6,June,Friday,False,24,17,tarde,Llevar,Debito,5500,0,878,0
2440,2024-06-14,2024,6,June,Friday,False,24,17,tarde,Llevar,Debito,6430,5,1027,0
2441,2024-06-14,2024,6,June,Friday,False,24,18,tarde,Llevar,Debito,27200,0,4343,0
2442,2024-06-14,2024,6,June,Friday,False,24,18,tarde,Llevar,Debito,6200,0,990,0
2443,2024-06-14,2024,6,June,Friday,False,24,18,tarde,Servir,Debito,7200,0,1150,0
2444,2024-06-14,2024,6,June,Friday,False,24,18,tarde,Servir,Debito,6800,0,1086,0
2445,2024-06-14,2024,6,June,Friday,False,24,18,tarde,Llevar,Debito,4500,0,718,0
2446,2024-06-14,2024,6,June,Friday,False,24,18,tarde,Servir,Debito,6500,0,1038,0
2447,2024-06-14,2024,6,June,Friday,False,24,18,tarde,Llevar,Efectivo,3200,0,511,0
2448,2024-06-14,2024,6,June,Friday,False,24,18,tarde,Servir,Debito,9000,0,1437,0
2449,2024-06-14,2024,6,June,Friday,False,24,18,tarde,Llevar,Edenred,1400,0,0,0
2450,2024-06-14,2024,6,June,Friday,False,24,18,tarde,Llevar,Debito,16900,0,2698,0
2451,2024-06-14,2024,6,June,Friday,False,24,18,tarde,Llevar,Debito,3926,0,627,0
2452,2024-06-14,2024,6,June,Friday,False,24,18,tarde,Llevar,Debito,12700,0,2028,0
2453,2024-06-14,2024,6,June,Friday,False,24,18,tarde,Llevar,Debito,5000,0,798,0
2454,2024-06-14,2024,6,June,Friday,False,24,18,tarde,Llevar,Debito,5900,0,942,0
2455,2024-06-14,2024,6,June,Friday,False,24,18,tarde,Llevar,Efectivo,16000,0,2555,0
2456,2024-06-14,2024,6,June,Friday,False,24,18,tarde,Llevar,Debito,4900,0,782,0
2457,2024-06-14,2024,6,June,Friday,False,24,18,tarde,Llevar,Debito,6100,0,974,0
2458,2024-06-14,2024,6,June,Friday,False,24,18,tarde,Llevar,Efectivo,2800,0,447,0
2459,2024-06-14,2024,6,June,Friday,False,24,19,cierre,Llevar,Debito,9000,0,1437,0
2460,2024-06-14,2024,6,June,Friday,False,24,19,cierre,Servir,Credito,1000,0,160,0
2461,2024-06-14,2024,6,June,Friday,False,24,19,cierre,Llevar,Debito,3200,0,511,0
2462,2024-06-14,2024,6,June,Friday,False,24,19,cierre,Llevar,Debito,10400,0,1661,0
2463,2024-06-14,2024,6,June,Friday,False,24,19,cierre,Llevar,Debito,2700,0,431,0
2465,2024-06-15,2024,6,June,Saturday,True,24,11,manana,Servir,Debito,8200,0,1309,0
2466,2024-06-15,2024,6,June,Saturday,True,24,11,manana,Servir,Credito,7000,0,1118,0
2467,2024-06-15,2024,6,June,Saturday,True,24,11,manana,Servir,Debito,13300,0,2124,0
2468,2024-06-15,2024,6,June,Saturday,True,24,11,manana,Servir,Debito,13200,0,2108,0
2469,2024-06-15,2024,6,June,Saturday,True,24,11,manana,Llevar,Debito,12400,0,1980,0
2470,2024-06-15,2024,6,June,Saturday,True,24,12,manana,Llevar,Debito,4000,0,639,0
2471,2024-06-15,2024,6,June,Saturday,True,24,12,manana,Llevar,Debito,5400,0,862,0
2472,2024-06-15,2024,6,June,Saturday,True,24,12,manana,Servir,Debito,15400,0,2459,1540
2473,2024-06-15,2024,6,June,Saturday,True,24,12,manana,Llevar,Debito,2000,0,319,0
2474,2024-06-15,2024,6,June,Saturday,True,24,13,almuerzo,Llevar,Credito,5600,0,894,0
2475,2024-06-15,2024,6,June,Saturday,True,24,13,almuerzo,Llevar,Debito,2200,0,351,0
2476,2024-06-15,2024,6,June,Saturday,True,24,13,almuerzo,Servir,Debito,8700,0,1389,0
2477,2024-06-15,2024,6,June,Saturday,True,24,14,almuerzo,Servir,Debito,16700,0,2666,0
2478,2024-06-15,2024,6,June,Saturday,True,24,14,almuerzo,Servir,Debito,26400,0,4215,0
2479,2024-06-15,2024,6,June,Saturday,True,24,14,almuerzo,Servir,Transferencia,6000,0,958,0
2480,2024-06-15,2024,6,June,Saturday,True,24,14,almuerzo,Servir,Debito,17600,0,2810,0
2481,2024-06-15,2024,6,June,Saturday,True,24,15,almuerzo,Servir,Edenred,4800,0,0,0
2482,2024-06-15,2024,6,June,Saturday,True,24,15,almuerzo,Servir,Credito,3500,0,559,0
2483,2024-06-15,2024,6,June,Saturday,True,24,15,almuerzo,Llevar,Debito,10000,0,1597,0
2484,2024-06-15,2024,6,June,Saturday,True,24,15,almuerzo,Servir,Debito,3000,0,479,0
2485,2024-06-15,2024,6,June,Saturday,True,24,15,almuerzo,Llevar,Efectivo,9800,0,1565,0
2486,2024-06-15,2024,6,June,Saturday,True,24,15,almuerzo,Llevar,Credito,6300,0,1006,0
2487,2024-06-15,2024,6,June,Saturday,True,24,15,almuerzo,Llevar,Debito,3500,0,559,0
2488,2024-06-15,2024,6,June,Saturday,True,24,15,almuerzo,Servir,Debito,19800,0,3161,0
2489,2024-06-15,2024,6,June,Saturday,True,24,15,almuerzo,Servir,Efectivo,11100,0,0,0
2490,2024-06-15,2024,6,June,Saturday,True,24,15,almuerzo,Llevar,Credito,3400,0,543,0
2491,2024-06-15,2024,6,June,Saturday,True,24,15,almuerzo,Servir,Efectivo,5700,0,910,0
2492,2024-06-15,2024,6,June,Saturday,True,24,15,almuerzo,Servir,Debito,11600,0,1852,0
2493,2024-06-15,2024,6,June,Saturday,True,24,15,almuerzo,Servir,Efectivo,9500,0,0,0
2494,2024-06-15,2024,6,June,Saturday,True,24,15,almuerzo,Llevar,Debito,10900,0,1740,0
2495,2024-06-15,2024,6,June,Saturday,True,24,15,almuerzo,Llevar,Debito,7000,0,1118,0
2496,2024-06-15,2024,6,June,Saturday,True,24,16,tarde,Llevar,Debito,9100,0,1453,0
2497,2024-06-15,2024,6,June,Saturday,True,24,16,tarde,Llevar,Debito,5000,0,798,0
2498,2024-06-15,2024,6,June,Saturday,True,24,16,tarde,Llevar,Debito,2000,0,319,0
2499,2024-06-15,2024,6,June,Saturday,True,24,16,tarde,Servir,Debito,8500,0,1357,0
2500,2024-06-15,2024,6,June,Saturday,True,24,16,tarde,Llevar,Debito,2900,0,463,0
2501,2024-06-15,2024,6,June,Saturday,True,24,16,tarde,Servir,Efectivo,5500,0,878,0
2502,2024-06-15,2024,6,June,Saturday,True,24,16,tarde,Servir,Efectivo,5200,0,830,0
2503,2024-06-15,2024,6,June,Saturday,True,24,16,tarde,Servir,Debito,11000,0,1756,0
2504,2024-06-15,2024,6,June,Saturday,True,24,16,tarde,Servir,Debito,6500,0,1038,0
2505,2024-06-15,2024,6,June,Saturday,True,24,16,tarde,Servir,Transferencia,36000,6000,0,0
2506,2024-06-15,2024,6,June,Saturday,True,24,17,tarde,Llevar,Debito,4800,0,766,0
2507,2024-06-15,2024,6,June,Saturday,True,24,17,tarde,Llevar,Debito,11700,0,1868,0
2508,2024-06-15,2024,6,June,Saturday,True,24,17,tarde,Llevar,Debito,2800,0,447,0
2509,2024-06-15,2024,6,June,Saturday,True,24,17,tarde,Llevar,Credito,7800,0,1245,0
2510,2024-06-15,2024,6,June,Saturday,True,24,17,tarde,Llevar,Efectivo,1000,0,160,0
2511,2024-06-15,2024,6,June,Saturday,True,24,17,tarde,Servir,Debito,18600,0,2970,0
2512,2024-06-15,2024,6,June,Saturday,True,24,17,tarde,Llevar,Efectivo,2900,0,463,0
2513,2024-06-15,2024,6,June,Saturday,True,24,17,tarde,Servir,Debito,9000,0,1437,0
2514,2024-06-15,2024,6,June,Saturday,True,24,17,tarde,Servir,Efectivo,8800,0,1405,0
2516,2024-06-15,2024,6,June,Saturday,True,24,17,tarde,Servir,Debito,8500,0,1357,0
2517,2024-06-15,2024,6,June,Saturday,True,24,17,tarde,Llevar,Credito,4000,0,639,0
2518,2024-06-15,2024,6,June,Saturday,True,24,18,tarde,Llevar,Efectivo,4800,0,0,0
2519,2024-06-15,2024,6,June,Saturday,True,24,18,tarde,Llevar,Debito,1381,0,221,0
2520,2024-06-15,2024,6,June,Saturday,True,24,18,tarde,Servir,Debito,10000,0,1597,0
2521,2024-06-15,2024,6,June,Saturday,True,24,18,tarde,Servir,Debito,29600,2000,4726,0
2522,2024-06-15,2024,6,June,Saturday,True,24,18,tarde,Llevar,Debito,6600,0,1054,0
2523,2024-06-15,2024,6,June,Saturday,True,24,18,tarde,Servir,Debito,8700,0,1389,0
2524,2024-06-15,2024,6,June,Saturday,True,24,18,tarde,Llevar,Debito,6400,0,1022,0
2525,2024-06-15,2024,6,June,Saturday,True,24,18,tarde,Servir,Debito,12700,0,2028,0
2526,2024-06-15,2024,6,June,Saturday,True,24,18,tarde,Llevar,Debito,5600,0,894,0
2527,2024-06-15,2024,6,June,Saturday,True,24,18,tarde,Llevar,Debito,5600,0,894,0
2528,2024-06-15,2024,6,June,Saturday,True,24,18,tarde,Servir,Credito,11700,0,1868,0
2529,2024-06-15,2024,6,June,Saturday,True,24,18,tarde,Llevar,Debito,5600,0,894,0
2530,2024-06-15,2024,6,June,Saturday,True,24,18,tarde,Servir,Debito,1400,0,0,0
2531,2024-06-15,2024,6,June,Saturday,True,24,19,cierre,Llevar,Debito,9400,0,1501,0
2532,2024-06-16,2024,6,June,Sunday,True,24,17,tarde,Servir,Debito,800,0,128,0
2533,2024-06-16,2024,6,June,Sunday,True,24,17,tarde,Servir,Debito,3049,0,487,0
2534,2024-06-16,2024,6,June,Sunday,True,24,17,tarde,Servir,Debito,5370,30,857,0
2535,2024-06-17,2024,6,June,Monday,False,25,13,almuerzo,Llevar,Debito,4000,0,639,0
2536,2024-06-17,2024,6,June,Monday,False,25,13,almuerzo,Llevar,Debito,3100,0,495,0
2537,2024-06-17,2024,6,June,Monday,False,25,13,almuerzo,Llevar,Debito,5500,0,878,0
2538,2024-06-17,2024,6,June,Monday,False,25,13,almuerzo,Llevar,Debito,11300,0,1804,0
2539,2024-06-17,2024,6,June,Monday,False,25,13,almuerzo,Llevar,Credito,6900,0,1102,0
2540,2024-06-17,2024,6,June,Monday,False,25,13,almuerzo,Servir,Transferencia,12800,0,0,0
2541,2024-06-17,2024,6,June,Monday,False,25,13,almuerzo,Llevar,Debito,5500,0,878,0
2542,2024-06-17,2024,6,June,Monday,False,25,13,almuerzo,Llevar,Debito,20700,0,3305,0
2543,2024-06-17,2024,6,June,Monday,False,25,13,almuerzo,Llevar,Debito,7200,0,1150,0
2544,2024-06-17,2024,6,June,Monday,False,25,14,almuerzo,Llevar,Debito,3100,0,495,0
2545,2024-06-17,2024,6,June,Monday,False,25,14,almuerzo,Llevar,Credito,6000,0,958,0
2546,2024-06-17,2024,6,June,Monday,False,25,14,almuerzo,Llevar,Debito,3000,0,479,0
2547,2024-06-17,2024,6,June,Monday,False,25,14,almuerzo,Llevar,Efectivo,13800,0,0,0
2548,2024-06-17,2024,6,June,Monday,False,25,15,almuerzo,Servir,Debito,5500,0,878,0
2549,2024-06-17,2024,6,June,Monday,False,25,15,almuerzo,Servir,Debito,3000,0,479,0
2550,2024-06-17,2024,6,June,Monday,False,25,15,almuerzo,Llevar,Debito,4000,0,639,0
2551,2024-06-17,2024,6,June,Monday,False,25,15,almuerzo,Llevar,Debito,2000,0,319,0
2552,2024-06-17,2024,6,June,Monday,False,25,15,almuerzo,Servir,Efectivo,5500,0,878,0
2553,2024-06-17,2024,6,June,Monday,False,25,15,almuerzo,Llevar,Debito,1500,0,239,0
2554,2024-06-17,2024,6,June,Monday,False,25,15,almuerzo,Llevar,Debito,2000,0,319,0
2555,2024-06-17,2024,6,June,Monday,False,25,16,tarde,Servir,Efectivo,14300,0,2283,0
2556,2024-06-17,2024,6,June,Monday,False,25,16,tarde,Llevar,Efectivo,3500,0,559,0
2557,2024-06-17,2024,6,June,Monday,False,25,16,tarde,Llevar,Debito,6400,0,0,0
2558,2024-06-17,2024,6,June,Monday,False,25,16,tarde,Llevar,Debito,6000,0,958,0
2559,2024-06-17,2024,6,June,Monday,False,25,16,tarde,Llevar,Debito,3100,0,495,0
2560,2024-06-17,2024,6,June,Monday,False,25,16,tarde,Servir,Debito,16900,0,2698,0
2561,2024-06-17,2024,6,June,Monday,False,25,17,tarde,Servir,Debito,8400,0,1341,0
2562,2024-06-17,2024,6,June,Monday,False,25,17,tarde,Llevar,Debito,8230,0,1314,0
2563,2024-06-17,2024,6,June,Monday,False,25,17,tarde,Llevar,Debito,2000,0,319,0
2564,2024-06-17,2024,6,June,Monday,False,25,17,tarde,Servir,Debito,1300,0,208,0
2565,2024-06-17,2024,6,June,Monday,False,25,17,tarde,Llevar,Debito,3100,0,495,0
2566,2024-06-17,2024,6,June,Monday,False,25,17,tarde,Servir,Debito,11000,0,1756,0
2567,2024-06-17,2024,6,June,Monday,False,25,17,tarde,Llevar,Debito,1600,0,255,0
2568,2024-06-17,2024,6,June,Monday,False,25,17,tarde,Llevar,Debito,8200,0,0,0
2569,2024-06-17,2024,6,June,Monday,False,25,17,tarde,Llevar,Efectivo,2000,0,0,0
2570,2024-06-17,2024,6,June,Monday,False,25,17,tarde,Llevar,Debito,18900,0,3018,0
2571,2024-06-17,2024,6,June,Monday,False,25,17,tarde,Llevar,Debito,3517,0,562,0
2572,2024-06-17,2024,6,June,Monday,False,25,17,tarde,Servir,Debito,2000,0,319,0
2573,2024-06-17,2024,6,June,Monday,False,25,17,tarde,Llevar,Debito,6800,0,1086,0
2574,2024-06-17,2024,6,June,Monday,False,25,17,tarde,Servir,Debito,18000,0,2874,1800
2575,2024-06-17,2024,6,June,Monday,False,25,17,tarde,Servir,Debito,2596,0,414,0
2576,2024-06-17,2024,6,June,Monday,False,25,18,tarde,Servir,Debito,10500,0,1676,0
2577,2024-06-17,2024,6,June,Monday,False,25,18,tarde,Servir,Debito,13800,0,2203,0
2578,2024-06-17,2024,6,June,Monday,False,25,18,tarde,Llevar,Credito,5600,0,894,0
2579,2024-06-17,2024,6,June,Monday,False,25,18,tarde,Llevar,Credito,2900,0,463,0
2580,2024-06-17,2024,6,June,Monday,False,25,18,tarde,Servir,Debito,2000,0,319,0
2581,2024-06-17,2024,6,June,Monday,False,25,18,tarde,Servir,Debito,11400,0,1820,0
2582,2024-06-17,2024,6,June,Monday,False,25,18,tarde,Llevar,Efectivo,2000,0,319,0
2583,2024-06-17,2024,6,June,Monday,False,25,18,tarde,Servir,Debito,17200,0,2746,1720
2584,2024-06-17,2024,6,June,Monday,False,25,18,tarde,Llevar,Debito,6300,0,1006,0
2585,2024-06-17,2024,6,June,Monday,False,25,18,tarde,Llevar,Debito,3100,0,495,0
2586,2024-06-17,2024,6,June,Monday,False,25,18,tarde,Llevar,Debito,3100,0,495,0
2587,2024-06-17,2024,6,June,Monday,False,25,18,tarde,Llevar,Debito,1600,0,255,0
2588,2024-06-17,2024,6,June,Monday,False,25,18,tarde,Llevar,Debito,2500,0,399,0
2589,2024-06-17,2024,6,June,Monday,False,25,18,tarde,Llevar,Debito,4000,0,639,0
2590,2024-06-17,2024,6,June,Monday,False,25,19,cierre,Servir,Transferencia,11600,0,1852,0
2591,2024-06-17,2024,6,June,Monday,False,25,19,cierre,Llevar,Debito,11200,0,1788,0
2592,2024-06-17,2024,6,June,Monday,False,25,19,cierre,Llevar,Efectivo,3100,0,0,0
2593,2024-06-17,2024,6,June,Monday,False,25,19,cierre,Llevar,Debito,6000,0,958,0
2594,2024-06-17,2024,6,June,Monday,False,25,19,cierre,Servir,Efectivo,11000,0,1756,0
2595,2024-06-17,2024,6,June,Monday,False,25,20,cierre,Llevar,Debito,3300,0,527,0
2596,2024-06-18,2024,6,June,Tuesday,False,25,11,manana,Llevar,Debito,3100,0,495,0
2597,2024-06-18,2024,6,June,Tuesday,False,25,11,manana,Llevar,Efectivo,4600,0,734,0
2598,2024-06-18,2024,6,June,Tuesday,False,25,11,manana,Llevar,Efectivo,1500,0,239,0
2599,2024-06-18,2024,6,June,Tuesday,False,25,11,manana,Llevar,Debito,3000,0,479,0
2600,2024-06-18,2024,6,June,Tuesday,False,25,11,manana,Llevar,Efectivo,6000,0,958,0
2601,2024-06-18,2024,6,June,Tuesday,False,25,12,manana,Llevar,Debito,11000,0,1756,0
2602,2024-06-18,2024,6,June,Tuesday,False,25,12,manana,Llevar,Efectivo,5700,0,910,0
2603,2024-06-18,2024,6,June,Tuesday,False,25,12,manana,Servir,Efectivo,11200,0,1788,0
2604,2024-06-18,2024,6,June,Tuesday,False,25,12,manana,Servir,Debito,5500,0,878,0
2605,2024-06-18,2024,6,June,Tuesday,False,25,12,manana,Servir,Efectivo,4000,0,639,0
2606,2024-06-18,2024,6,June,Tuesday,False,25,12,manana,Servir,Debito,11700,0,1868,0
2607,2024-06-18,2024,6,June,Tuesday,False,25,12,manana,Llevar,Credito,5900,0,942,0
2608,2024-06-18,2024,6,June,Tuesday,False,25,12,manana,Servir,Efectivo,3400,0,543,0
2609,2024-06-18,2024,6,June,Tuesday,False,25,13,almuerzo,Llevar,Credito,6200,0,990,0
2610,2024-06-18,2024,6,June,Tuesday,False,25,13,almuerzo,Llevar,Efectivo,2000,0,0,0
2611,2024-06-18,2024,6,June,Tuesday,False,25,13,almuerzo,Llevar,Debito,4200,0,671,0
2612,2024-06-18,2024,6,June,Tuesday,False,25,13,almuerzo,Llevar,Credito,8500,0,1357,0
2613,2024-06-18,2024,6,June,Tuesday,False,25,13,almuerzo,Llevar,Debito,2000,0,319,0
2614,2024-06-18,2024,6,June,Tuesday,False,25,13,almuerzo,Llevar,Debito,1500,0,239,0
2615,2024-06-18,2024,6,June,Tuesday,False,25,13,almuerzo,Llevar,Debito,2000,0,0,0
2616,2024-06-18,2024,6,June,Tuesday,False,25,14,almuerzo,Llevar,Debito,12600,0,2012,0
2617,2024-06-18,2024,6,June,Tuesday,False,25,14,almuerzo,Llevar,Credito,3000,0,479,0
2618,2024-06-18,2024,6,June,Tuesday,False,25,15,almuerzo,Llevar,Debito,3700,0,591,0
2619,2024-06-18,2024,6,June,Tuesday,False,25,15,almuerzo,Llevar,Debito,6000,0,958,0
2620,2024-06-18,2024,6,June,Tuesday,False,25,15,almuerzo,Llevar,Efectivo,3000,0,479,0
2621,2024-06-18,2024,6,June,Tuesday,False,25,15,almuerzo,Llevar,Debito,3100,0,495,0
2622,2024-06-18,2024,6,June,Tuesday,False,25,15,almuerzo,Servir,Debito,11000,0,0,0
2623,2024-06-18,2024,6,June,Tuesday,False,25,15,almuerzo,Servir,Debito,6200,0,990,0
2624,2024-06-18,2024,6,June,Tuesday,False,25,15,almuerzo,Servir,Debito,4500,0,718,0
2625,2024-06-18,2024,6,June,Tuesday,False,25,15,almuerzo,Llevar,Debito,6900,0,1102,0
2626,2024-06-18,2024,6,June,Tuesday,False,25,15,almuerzo,Llevar,Debito,3200,0,511,0
2627,2024-06-18,2024,6,June,Tuesday,False,25,15,almuerzo,Servir,Debito,6200,0,990,0
2628,2024-06-18,2024,6,June,Tuesday,False,25,15,almuerzo,Llevar,Debito,2000,0,319,0
2629,2024-06-18,2024,6,June,Tuesday,False,25,15,almuerzo,Llevar,Debito,2000,0,319,0
2630,2024-06-18,2024,6,June,Tuesday,False,25,15,almuerzo,Llevar,Efectivo,5200,0,830,0
2631,2024-06-18,2024,6,June,Tuesday,False,25,15,almuerzo,Servir,Debito,3000,0,479,0
2632,2024-06-18,2024,6,June,Tuesday,False,25,15,almuerzo,Servir,Debito,19400,0,3097,1940
2633,2024-06-18,2024,6,June,Tuesday,False,25,16,tarde,Llevar,Debito,6000,0,958,0
2634,2024-06-18,2024,6,June,Tuesday,False,25,16,tarde,Llevar,Debito,3100,0,495,0
2635,2024-06-18,2024,6,June,Tuesday,False,25,16,tarde,Servir,Debito,6900,0,1102,0
2636,2024-06-18,2024,6,June,Tuesday,False,25,16,tarde,Servir,Efectivo,2000,0,319,0
2637,2024-06-18,2024,6,June,Tuesday,False,25,16,tarde,Llevar,Debito,3100,0,495,0
2638,2024-06-18,2024,6,June,Tuesday,False,25,16,tarde,Llevar,Edenred,3500,0,0,0
2639,2024-06-18,2024,6,June,Tuesday,False,25,16,tarde,Llevar,Debito,3200,0,511,0
2640,2024-06-18,2024,6,June,Tuesday,False,25,16,tarde,Servir,Debito,8000,0,1277,0
2641,2024-06-18,2024,6,June,Tuesday,False,25,16,tarde,Llevar,Credito,8500,0,1357,0
2642,2024-06-18,2024,6,June,Tuesday,False,25,16,tarde,Servir,Debito,9200,0,1469,0
2643,2024-06-18,2024,6,June,Tuesday,False,25,16,tarde,Servir,Efectivo,8200,0,0,0
2644,2024-06-18,2024,6,June,Tuesday,False,25,17,tarde,Servir,Efectivo,4000,0,639,0
2645,2024-06-18,2024,6,June,Tuesday,False,25,17,tarde,Servir,Debito,6200,0,990,0
2646,2024-06-18,2024,6,June,Tuesday,False,25,17,tarde,Llevar,Efectivo,12600,0,2012,0
2647,2024-06-18,2024,6,June,Tuesday,False,25,17,tarde,Llevar,Debito,1400,0,224,0
2648,2024-06-18,2024,6,June,Tuesday,False,25,17,tarde,Llevar,Debito,6700,0,1070,0
2649,2024-06-18,2024,6,June,Tuesday,False,25,17,tarde,Llevar,Credito,5000,0,798,0
2650,2024-06-18,2024,6,June,Tuesday,False,25,17,tarde,Llevar,Debito,2000,0,319,0
2652,2024-06-18,2024,6,June,Tuesday,False,25,17,tarde,Llevar,Efectivo,6100,0,974,0
2653,2024-06-18,2024,6,June,Tuesday,False,25,17,tarde,Servir,Debito,4900,0,782,0
2654,2024-06-18,2024,6,June,Tuesday,False,25,18,tarde,Llevar,Debito,2000,0,319,0
2655,2024-06-18,2024,6,June,Tuesday,False,25,18,tarde,Servir,Debito,13800,0,2203,1380
2656,2024-06-18,2024,6,June,Tuesday,False,25,18,tarde,Servir,Debito,29000,0,4630,2900
2657,2024-06-18,2024,6,June,Tuesday,False,25,18,tarde,Servir,Debito,15700,0,2507,0
2658,2024-06-18,2024,6,June,Tuesday,False,25,18,tarde,Llevar,Debito,1600,0,255,0
2659,2024-06-18,2024,6,June,Tuesday,False,25,18,tarde,Llevar,Debito,3200,0,511,0
2660,2024-06-18,2024,6,June,Tuesday,False,25,18,tarde,Llevar,Debito,11700,0,1868,0
2661,2024-06-18,2024,6,June,Tuesday,False,25,18,tarde,Llevar,Debito,2900,0,463,0
2662,2024-06-18,2024,6,June,Tuesday,False,25,18,tarde,Llevar,Debito,1500,0,239,0
2663,2024-06-18,2024,6,June,Tuesday,False,25,18,tarde,Llevar,Debito,8000,0,1277,0
2664,2024-06-18,2024,6,June,Tuesday,False,25,19,cierre,Servir,Debito,25500,0,4071,0
2665,2024-06-18,2024,6,June,Tuesday,False,25,19,cierre,Servir,Debito,4500,0,718,0
2666,2024-06-18,2024,6,June,Tuesday,False,25,19,cierre,Llevar,Debito,3000,0,479,0
2667,2024-06-18,2024,6,June,Tuesday,False,25,19,cierre,Llevar,Debito,6200,0,990,0
2668,2024-06-18,2024,6,June,Tuesday,False,25,19,cierre,Llevar,Credito,7900,0,1261,0
2669,2024-06-18,2024,6,June,Tuesday,False,25,19,cierre,Llevar,Edenred,6000,0,0,0
2670,2024-06-18,2024,6,June,Tuesday,False,25,19,cierre,Servir,Debito,18100,0,2890,0
2671,2024-06-18,2024,6,June,Tuesday,False,25,19,cierre,Servir,Debito,10300,0,1645,0
2672,2024-06-18,2024,6,June,Tuesday,False,25,19,cierre,Llevar,Debito,6800,0,1086,0
2673,2024-06-18,2024,6,June,Tuesday,False,25,19,cierre,Llevar,Debito,2500,0,399,0
2674,2024-06-18,2024,6,June,Tuesday,False,25,19,cierre,Llevar,Credito,2000,0,319,0
2675,2024-06-18,2024,6,June,Tuesday,False,25,19,cierre,Servir,Credito,2000,0,319,0
2676,2024-06-18,2024,6,June,Tuesday,False,25,19,cierre,Servir,Debito,4000,0,639,0
2677,2024-06-18,2024,6,June,Tuesday,False,25,23,cierre,Servir,Credito,10550,0,1684,0
2678,2024-06-18,2024,6,June,Tuesday,False,25,23,cierre,Llevar,Debito,4900,0,782,0
2679,2024-06-18,2024,6,June,Tuesday,False,25,23,cierre,Llevar,Debito,2000,0,319,0
2680,2024-06-18,2024,6,June,Tuesday,False,25,23,cierre,Llevar,Debito,4700,0,750,0
2681,2024-06-18,2024,6,June,Tuesday,False,25,23,cierre,Llevar,Debito,2000,0,319,0
2682,2024-06-18,2024,6,June,Tuesday,False,25,23,cierre,Llevar,Debito,5000,0,798,0
2683,2024-06-18,2024,6,June,Tuesday,False,25,23,cierre,Llevar,Debito,3179,0,508,0
2684,2024-06-18,2024,6,June,Tuesday,False,25,23,cierre,Llevar,Debito,1000,0,160,0
2685,2024-06-18,2024,6,June,Tuesday,False,25,23,cierre,Llevar,Debito,5200,0,830,0
2686,2024-06-18,2024,6,June,Tuesday,False,25,23,cierre,Llevar,Debito,13200,0,2108,0
2687,2024-06-18,2024,6,June,Tuesday,False,25,23,cierre,Llevar,Debito,800,200,128,0
2688,2024-06-18,2024,6,June,Tuesday,False,25,23,cierre,Llevar,Debito,7400,0,1182,0
2689,2024-06-18,2024,6,June,Tuesday,False,25,23,cierre,Llevar,Credito,2000,0,319,0
2690,2024-06-18,2024,6,June,Tuesday,False,25,23,cierre,Llevar,Debito,5100,0,814,0
2691,2024-06-19,2024,6,June,Wednesday,False,25,9,apertura,Llevar,Transferencia,90400,0,0,0
2692,2024-06-19,2024,6,June,Wednesday,False,25,9,apertura,Llevar,Transferencia,36000,6000,0,0
2693,2024-06-19,2024,6,June,Wednesday,False,25,12,manana,Llevar,Debito,5700,0,910,0
2694,2024-06-19,2024,6,June,Wednesday,False,25,12,manana,Llevar,Debito,6000,0,958,0
2695,2024-06-19,2024,6,June,Wednesday,False,25,12,manana,Servir,Edenred,11300,0,0,0
2696,2024-06-19,2024,6,June,Wednesday,False,25,12,manana,Servir,Debito,4000,0,639,0
2697,2024-06-19,2024,6,June,Wednesday,False,25,13,almuerzo,Servir,Debito,8000,0,1277,0
2698,2024-06-19,2024,6,June,Wednesday,False,25,13,almuerzo,Llevar,Debito,10800,0,1724,0
2699,2024-06-19,2024,6,June,Wednesday,False,25,13,almuerzo,Llevar,Debito,2000,0,319,0
2700,2024-06-19,2024,6,June,Wednesday,False,25,13,almuerzo,Llevar,Debito,6800,0,1086,0
2701,2024-06-19,2024,6,June,Wednesday,False,25,13,almuerzo,Llevar,Credito,3000,0,479,0
2702,2024-06-19,2024,6,June,Wednesday,False,25,13,almuerzo,Llevar,Efectivo,11050,0,0,0
2703,2024-06-19,2024,6,June,Wednesday,False,25,13,almuerzo,Llevar,Efectivo,1400,0,224,0
2704,2024-06-19,2024,6,June,Wednesday,False,25,13,almuerzo,Llevar,Credito,2000,0,319,0
2705,2024-06-19,2024,6,June,Wednesday,False,25,13,almuerzo,Llevar,Debito,8700,0,1389,0
2706,2024-06-19,2024,6,June,Wednesday,False,25,13,almuerzo,Llevar,Credito,4600,0,734,0
2707,2024-06-19,2024,6,June,Wednesday,False,25,13,almuerzo,Llevar,Efectivo,4000,0,639,0
2708,2024-06-19,2024,6,June,Wednesday,False,25,14,almuerzo,Llevar,Efectivo,2000,0,319,0
2709,2024-06-19,2024,6,June,Wednesday,False,25,14,almuerzo,Llevar,Debito,8400,0,1341,0
2710,2024-06-19,2024,6,June,Wednesday,False,25,15,almuerzo,Llevar,Debito,5000,0,798,0
2711,2024-06-19,2024,6,June,Wednesday,False,25,15,almuerzo,Llevar,Debito,5700,0,910,0
2712,2024-06-19,2024,6,June,Wednesday,False,25,15,almuerzo,Llevar,Debito,1600,0,255,0
2713,2024-06-19,2024,6,June,Wednesday,False,25,15,almuerzo,Llevar,Efectivo,5000,0,798,0
2714,2024-06-19,2024,6,June,Wednesday,False,25,16,tarde,Llevar,Debito,2000,0,319,0
2715,2024-06-19,2024,6,June,Wednesday,False,25,16,tarde,Servir,Debito,21600,0,3449,2160
2716,2024-06-19,2024,6,June,Wednesday,False,25,16,tarde,Llevar,Debito,2800,0,447,0
2717,2024-06-19,2024,6,June,Wednesday,False,25,16,tarde,Llevar,Efectivo,2000,0,319,0
2718,2024-06-19,2024,6,June,Wednesday,False,25,16,tarde,Llevar,Debito,5600,0,894,0
2719,2024-06-19,2024,6,June,Wednesday,False,25,16,tarde,Llevar,Debito,4000,0,639,0
2720,2024-06-19,2024,6,June,Wednesday,False,25,16,tarde,Llevar,Debito,2800,0,447,0
2721,2024-06-19,2024,6,June,Wednesday,False,25,16,tarde,Servir,Debito,5400,0,862,540
2722,2024-06-19,2024,6,June,Wednesday,False,25,16,tarde,Servir,Debito,10000,0,319,1000
2723,2024-06-19,2024,6,June,Wednesday,False,25,16,tarde,Llevar,Debito,5500,0,878,0
2724,2024-06-19,2024,6,June,Wednesday,False,25,17,tarde,Llevar,Debito,2500,0,399,0
2725,2024-06-19,2024,6,June,Wednesday,False,25,17,tarde,Llevar,Debito,3600,0,575,0
2726,2024-06-19,2024,6,June,Wednesday,False,25,17,tarde,Llevar,Debito,2800,0,447,0
2727,2024-06-19,2024,6,June,Wednesday,False,25,17,tarde,Llevar,Credito,4100,0,655,0
2728,2024-06-19,2024,6,June,Wednesday,False,25,17,tarde,Llevar,Debito,6800,0,1086,0
2729,2024-06-19,2024,6,June,Wednesday,False,25,17,tarde,Llevar,Debito,2200,0,351,0
2730,2024-06-19,2024,6,June,Wednesday,False,25,17,tarde,Servir,Debito,5600,0,894,0
2731,2024-06-19,2024,6,June,Wednesday,False,25,17,tarde,Llevar,Credito,7000,0,1118,0
2732,2024-06-19,2024,6,June,Wednesday,False,25,17,tarde,Llevar,Debito,2000,0,319,0
2733,2024-06-19,2024,6,June,Wednesday,False,25,17,tarde,Llevar,Efectivo,4200,0,671,0
2734,2024-06-19,2024,6,June,Wednesday,False,25,17,tarde,Llevar,Debito,2000,0,319,0
2735,2024-06-19,2024,6,June,Wednesday,False,25,17,tarde,Servir,Debito,23399,0,3736,0
2736,2024-06-19,2024,6,June,Wednesday,False,25,17,tarde,Servir,Credito,11700,0,1868,1170
2737,2024-06-19,2024,6,June,Wednesday,False,25,17,tarde,Llevar,Edenred,6000,0,0,0
2738,2024-06-19,2024,6,June,Wednesday,False,25,17,tarde,Servir,Credito,13300,0,2124,0
2739,2024-06-19,2024,6,June,Wednesday,False,25,17,tarde,Llevar,Credito,7500,0,0,0
2740,2024-06-19,2024,6,June,Wednesday,False,25,18,tarde,Llevar,Efectivo,1400,0,224,0
2741,2024-06-19,2024,6,June,Wednesday,False,25,18,tarde,Servir,Efectivo,8000,0,1277,0
2742,2024-06-19,2024,6,June,Wednesday,False,25,18,tarde,Servir,Debito,23700,0,3784,0
2743,2024-06-19,2024,6,June,Wednesday,False,25,18,tarde,Servir,Debito,6100,0,974,610
2744,2024-06-19,2024,6,June,Wednesday,False,25,18,tarde,Servir,Debito,18700,0,2986,1870
2745,2024-06-19,2024,6,June,Wednesday,False,25,18,tarde,Servir,Debito,5500,0,878,0
2746,2024-06-19,2024,6,June,Wednesday,False,25,18,tarde,Llevar,Debito,2800,0,447,0
2747,2024-06-19,2024,6,June,Wednesday,False,25,18,tarde,Servir,Debito,11490,0,0,0
2748,2024-06-19,2024,6,June,Wednesday,False,25,18,tarde,Llevar,Debito,14200,0,2267,0
2749,2024-06-19,2024,6,June,Wednesday,False,25,18,tarde,Llevar,Debito,1000,0,160,0
2750,2024-06-19,2024,6,June,Wednesday,False,25,18,tarde,Llevar,Debito,2700,0,431,0
2751,2024-06-19,2024,6,June,Wednesday,False,25,19,cierre,Servir,Debito,8800,0,1405,0
2752,2024-06-19,2024,6,June,Wednesday,False,25,19,cierre,Llevar,Debito,8600,0,1373,0
2753,2024-06-19,2024,6,June,Wednesday,False,25,19,cierre,Servir,Debito,2200,0,351,0
2754,2024-06-19,2024,6,June,Wednesday,False,25,19,cierre,Llevar,Debito,2200,0,351,0
2755,2024-06-19,2024,6,June,Wednesday,False,25,19,cierre,Llevar,Debito,5800,0,926,0
2756,2024-06-20,2024,6,June,Thursday,False,25,12,manana,Servir,Credito,6700,0,1070,0
2757,2024-06-20,2024,6,June,Thursday,False,25,13,almuerzo,Servir,Efectivo,7600,0,1213,0
2758,2024-06-20,2024,6,June,Thursday,False,25,13,almuerzo,Llevar,Debito,4900,0,782,0
2759,2024-06-20,2024,6,June,Thursday,False,25,13,almuerzo,Llevar,Debito,15300,0,2443,0
2760,2024-06-20,2024,6,June,Thursday,False,25,13,almuerzo,Llevar,Debito,3000,0,479,0
2761,2024-06-20,2024,6,June,Thursday,False,25,13,almuerzo,Llevar,Debito,12000,0,1916,0
2762,2024-06-20,2024,6,June,Thursday,False,25,13,almuerzo,Llevar,Credito,15900,0,2539,0
2763,2024-06-20,2024,6,June,Thursday,False,25,14,almuerzo,Llevar,Debito,5000,0,798,0
2764,2024-06-20,2024,6,June,Thursday,False,25,14,almuerzo,Llevar,Debito,11700,0,1868,0
2765,2024-06-20,2024,6,June,Thursday,False,25,14,almuerzo,Llevar,Debito,6900,0,1102,0
2766,2024-06-20,2024,6,June,Thursday,False,25,15,almuerzo,Servir,Debito,15200,0,2427,0
2767,2024-06-20,2024,6,June,Thursday,False,25,15,almuerzo,Llevar,Debito,4400,0,703,0
2768,2024-06-20,2024,6,June,Thursday,False,25,15,almuerzo,Llevar,Credito,4400,0,703,0
2769,2024-06-20,2024,6,June,Thursday,False,25,16,tarde,Llevar,Credito,6000,0,958,0
2770,2024-06-20,2024,6,June,Thursday,False,25,16,tarde,Llevar,Credito,13390,0,2138,0
2771,2024-06-20,2024,6,June,Thursday,False,25,16,tarde,Servir,Debito,3000,0,479,0
2772,2024-06-20,2024,6,June,Thursday,False,25,16,tarde,Llevar,Debito,4300,0,687,0
2773,2024-06-20,2024,6,June,Thursday,False,25,16,tarde,Llevar,Efectivo,3500,0,559,0
2774,2024-06-20,2024,6,June,Thursday,False,25,16,tarde,Servir,Credito,20200,0,3225,0
2775,2024-06-20,2024,6,June,Thursday,False,25,16,tarde,Llevar,Debito,16500,0,2634,0
2776,2024-06-20,2024,6,June,Thursday,False,25,16,tarde,Servir,Debito,15901,0,2539,0
2777,2024-06-20,2024,6,June,Thursday,False,25,17,tarde,Llevar,Debito,11600,0,1852,0
2778,2024-06-20,2024,6,June,Thursday,False,25,17,tarde,Servir,Debito,7500,0,1197,0
2779,2024-06-20,2024,6,June,Thursday,False,25,17,tarde,Servir,Debito,6000,0,958,0
2780,2024-06-20,2024,6,June,Thursday,False,25,17,tarde,Llevar,Efectivo,1000,0,0,0
2781,2024-06-20,2024,6,June,Thursday,False,25,17,tarde,Llevar,Efectivo,2000,0,319,0
2782,2024-06-20,2024,6,June,Thursday,False,25,17,tarde,Servir,Debito,13900,0,2219,1390
2783,2024-06-20,2024,6,June,Thursday,False,25,17,tarde,Llevar,Debito,6800,0,1086,0
2784,2024-06-20,2024,6,June,Thursday,False,25,17,tarde,Servir,Debito,9300,0,1485,0
2785,2024-06-20,2024,6,June,Thursday,False,25,17,tarde,Llevar,Efectivo,7200,0,1150,0
2786,2024-06-20,2024,6,June,Thursday,False,25,17,tarde,Servir,Credito,12200,0,1948,1220
2787,2024-06-20,2024,6,June,Thursday,False,25,17,tarde,Llevar,Debito,13600,0,2171,0
2788,2024-06-20,2024,6,June,Thursday,False,25,18,tarde,Llevar,Debito,6300,0,1006,0
2789,2024-06-20,2024,6,June,Thursday,False,25,18,tarde,Llevar,Debito,3000,0,479,0
2790,2024-06-20,2024,6,June,Thursday,False,25,18,tarde,Llevar,Debito,2500,0,399,0
2791,2024-06-20,2024,6,June,Thursday,False,25,18,tarde,Llevar,Debito,2200,0,351,0
2792,2024-06-20,2024,6,June,Thursday,False,25,18,tarde,Llevar,Debito,3500,0,559,0
2793,2024-06-20,2024,6,June,Thursday,False,25,18,tarde,Llevar,Debito,10800,0,1724,0
2794,2024-06-20,2024,6,June,Thursday,False,25,18,tarde,Llevar,Efectivo,250,0,40,0
2795,2024-06-20,2024,6,June,Thursday,False,25,18,tarde,Llevar,Transferencia,2500,0,399,0
2796,2024-06-20,2024,6,June,Thursday,False,25,19,cierre,Servir,Debito,3200,0,511,0
2797,2024-06-20,2024,6,June,Thursday,False,25,19,cierre,Servir,Debito,21700,0,3465,0
2798,2024-06-20,2024,6,June,Thursday,False,25,19,cierre,Llevar,Transferencia,4400,0,0,0
2799,2024-06-21,2024,6,June,Friday,False,25,12,manana,Llevar,Edenred,6000,0,0,0
2800,2024-06-21,2024,6,June,Friday,False,25,13,almuerzo,Llevar,Credito,17500,0,2794,0
2801,2024-06-21,2024,6,June,Friday,False,25,13,almuerzo,Llevar,Credito,4900,0,782,0
2802,2024-06-21,2024,6,June,Friday,False,25,13,almuerzo,Servir,Efectivo,1500,0,0,0
2803,2024-06-21,2024,6,June,Friday,False,25,13,almuerzo,Llevar,Efectivo,5900,0,0,0
2804,2024-06-21,2024,6,June,Friday,False,25,13,almuerzo,Llevar,Credito,3700,0,591,0
2805,2024-06-21,2024,6,June,Friday,False,25,15,almuerzo,Llevar,Debito,5000,0,798,0
2806,2024-06-21,2024,6,June,Friday,False,25,15,almuerzo,Servir,Efectivo,9700,0,0,0
2807,2024-06-21,2024,6,June,Friday,False,25,15,almuerzo,Llevar,Debito,3000,0,479,0
2808,2024-06-21,2024,6,June,Friday,False,25,15,almuerzo,Llevar,Debito,6400,0,1022,0
2809,2024-06-21,2024,6,June,Friday,False,25,15,almuerzo,Llevar,Debito,7000,0,1118,0
2810,2024-06-21,2024,6,June,Friday,False,25,15,almuerzo,Llevar,Debito,8000,0,1277,0
2811,2024-06-21,2024,6,June,Friday,False,25,15,almuerzo,Llevar,Efectivo,1500,0,0,0
2812,2024-06-21,2024,6,June,Friday,False,25,15,almuerzo,Llevar,Debito,2800,0,447,0
2813,2024-06-21,2024,6,June,Friday,False,25,15,almuerzo,Servir,Debito,16999,0,2714,0
2814,2024-06-21,2024,6,June,Friday,False,25,15,almuerzo,Llevar,Debito,5300,0,846,0
2815,2024-06-21,2024,6,June,Friday,False,25,15,almuerzo,Servir,Debito,5000,0,798,0
2816,2024-06-21,2024,6,June,Friday,False,25,15,almuerzo,Servir,Debito,23900,0,3816,2390
2817,2024-06-21,2024,6,June,Friday,False,25,16,tarde,Llevar,Edenred,2000,0,0,0
2818,2024-06-21,2024,6,June,Friday,False,25,16,tarde,Servir,Debito,2000,0,319,0
2819,2024-06-21,2024,6,June,Friday,False,25,16,tarde,Llevar,Debito,5800,0,926,0
2820,2024-06-21,2024,6,June,Friday,False,25,16,tarde,Servir,Credito,4000,0,639,0
2821,2024-06-21,2024,6,June,Friday,False,25,16,tarde,Llevar,Debito,2000,0,319,0
2822,2024-06-21,2024,6,June,Friday,False,25,16,tarde,Servir,Debito,9300,0,1485,930
2823,2024-06-21,2024,6,June,Friday,False,25,16,tarde,Llevar,Debito,9500,0,1517,0
2824,2024-06-21,2024,6,June,Friday,False,25,16,tarde,Llevar,Debito,6000,0,958,0
2825,2024-06-21,2024,6,June,Friday,False,25,16,tarde,Llevar,Credito,9400,0,1501,0
2826,2024-06-21,2024,6,June,Friday,False,25,17,tarde,Llevar,Debito,3200,0,511,0
2827,2024-06-21,2024,6,June,Friday,False,25,17,tarde,Llevar,Debito,17300,0,2762,0
2828,2024-06-21,2024,6,June,Friday,False,25,17,tarde,Llevar,Credito,5800,0,926,0
2829,2024-06-21,2024,6,June,Friday,False,25,17,tarde,Llevar,Efectivo,2900,0,0,0
2830,2024-06-21,2024,6,June,Friday,False,25,17,tarde,Servir,Debito,7200,0,1150,0
2831,2024-06-21,2024,6,June,Friday,False,25,17,tarde,Servir,Debito,12000,0,1916,0
2832,2024-06-21,2024,6,June,Friday,False,25,17,tarde,Llevar,Debito,13000,0,2076,0
2833,2024-06-21,2024,6,June,Friday,False,25,17,tarde,Llevar,Debito,4000,0,639,0
2834,2024-06-21,2024,6,June,Friday,False,25,17,tarde,Llevar,Debito,4000,0,639,0
2835,2024-06-21,2024,6,June,Friday,False,25,17,tarde,Servir,Debito,14300,0,2283,1430
2836,2024-06-21,2024,6,June,Friday,False,25,17,tarde,Llevar,Debito,8500,0,1357,0
2837,2024-06-21,2024,6,June,Friday,False,25,17,tarde,Servir,Debito,12800,0,2044,0
2838,2024-06-21,2024,6,June,Friday,False,25,17,tarde,Llevar,Debito,5800,0,926,0
2839,2024-06-21,2024,6,June,Friday,False,25,17,tarde,Llevar,Debito,5000,0,798,0
2840,2024-06-21,2024,6,June,Friday,False,25,17,tarde,Llevar,Debito,7000,0,1118,0
2841,2024-06-21,2024,6,June,Friday,False,25,17,tarde,Llevar,Debito,8400,0,1341,0
2842,2024-06-21,2024,6,June,Friday,False,25,17,tarde,Llevar,Debito,2000,0,319,0
2843,2024-06-21,2024,6,June,Friday,False,25,17,tarde,Llevar,Credito,12100,0,1932,0
2844,2024-06-21,2024,6,June,Friday,False,25,17,tarde,Servir,Credito,3200,0,511,0
2845,2024-06-21,2024,6,June,Friday,False,25,17,tarde,Llevar,Debito,4000,0,639,0
2846,2024-06-21,2024,6,June,Friday,False,25,18,tarde,Llevar,Debito,2600,0,415,0
2847,2024-06-21,2024,6,June,Friday,False,25,18,tarde,Servir,Debito,11100,0,1772,1110
2848,2024-06-21,2024,6,June,Friday,False,25,18,tarde,Llevar,Debito,2000,0,319,0
2849,2024-06-21,2024,6,June,Friday,False,25,18,tarde,Servir,Debito,9500,0,1517,0
2850,2024-06-21,2024,6,June,Friday,False,25,18,tarde,Llevar,Debito,2279,0,364,0
2851,2024-06-21,2024,6,June,Friday,False,25,18,tarde,Llevar,Debito,12000,0,1916,0
2852,2024-06-21,2024,6,June,Friday,False,25,18,tarde,Llevar,Debito,3500,0,559,0
2853,2024-06-21,2024,6,June,Friday,False,25,18,tarde,Servir,Debito,7800,0,1245,780
2854,2024-06-21,2024,6,June,Friday,False,25,18,tarde,Llevar,Debito,1000,0,160,0
2855,2024-06-21,2024,6,June,Friday,False,25,19,cierre,Llevar,Efectivo,2000,0,0,0
2856,2024-06-21,2024,6,June,Friday,False,25,19,cierre,Llevar,Debito,8400,0,1341,0
2857,2024-06-21,2024,6,June,Friday,False,25,19,cierre,Llevar,Efectivo,2000,0,0,0
2858,2024-06-21,2024,6,June,Friday,False,25,19,cierre,Servir,Credito,15300,0,2443,1530
2859,2024-06-21,2024,6,June,Friday,False,25,19,cierre,Llevar,Debito,10000,0,1597,0
2860,2024-06-21,2024,6,June,Friday,False,25,19,cierre,Servir,Debito,29000,0,4630,2900
2861,2024-06-21,2024,6,June,Friday,False,25,19,cierre,Llevar,Credito,11600,0,1852,0
2862,2024-06-22,2024,6,June,Saturday,True,25,11,manana,Servir,Debito,11600,0,1852,0
2863,2024-06-22,2024,6,June,Saturday,True,25,12,manana,Servir,Credito,6500,0,1038,0
2864,2024-06-22,2024,6,June,Saturday,True,25,12,manana,Servir,Debito,7700,0,1229,0
2865,2024-06-22,2024,6,June,Saturday,True,25,12,manana,Llevar,Debito,4300,0,687,0
2866,2024-06-22,2024,6,June,Saturday,True,25,13,almuerzo,Servir,Debito,13400,0,2139,0
2867,2024-06-22,2024,6,June,Saturday,True,25,13,almuerzo,Llevar,Debito,9300,0,1485,0
2868,2024-06-22,2024,6,June,Saturday,True,25,13,almuerzo,Servir,Debito,9200,0,1469,920
2869,2024-06-22,2024,6,June,Saturday,True,25,13,almuerzo,Llevar,Debito,4300,0,687,0
2870,2024-06-22,2024,6,June,Saturday,True,25,13,almuerzo,Llevar,Debito,2800,0,447,0
2871,2024-06-22,2024,6,June,Saturday,True,25,13,almuerzo,Servir,Debito,8000,0,1277,0
2872,2024-06-22,2024,6,June,Saturday,True,25,14,almuerzo,Llevar,Efectivo,1400,0,224,0
2873,2024-06-22,2024,6,June,Saturday,True,25,14,almuerzo,Servir,Debito,7900,0,1261,0
2874,2024-06-22,2024,6,June,Saturday,True,25,14,almuerzo,Llevar,Debito,5800,0,926,0
2875,2024-06-22,2024,6,June,Saturday,True,25,14,almuerzo,Servir,Transferencia,6400,0,1022,0
2876,2024-06-22,2024,6,June,Saturday,True,25,14,almuerzo,Llevar,Efectivo,6400,0,1022,0
2877,2024-06-22,2024,6,June,Saturday,True,25,14,almuerzo,Servir,Debito,2900,0,463,0
2878,2024-06-22,2024,6,June,Saturday,True,25,14,almuerzo,Llevar,Debito,6000,0,958,0
2879,2024-06-22,2024,6,June,Saturday,True,25,14,almuerzo,Servir,Debito,6800,0,1086,0
2880,2024-06-22,2024,6,June,Saturday,True,25,14,almuerzo,Llevar,Debito,6800,0,1086,0
2882,2024-06-22,2024,6,June,Saturday,True,25,15,almuerzo,Servir,Debito,17600,0,2810,0
2883,2024-06-22,2024,6,June,Saturday,True,25,15,almuerzo,Llevar,Debito,12100,0,1932,0
2884,2024-06-22,2024,6,June,Saturday,True,25,15,almuerzo,Servir,Transferencia,2800,0,447,280
2885,2024-06-22,2024,6,June,Saturday,True,25,15,almuerzo,Llevar,Debito,9900,0,1581,0
2886,2024-06-22,2024,6,June,Saturday,True,25,15,almuerzo,Llevar,Debito,5000,0,798,0
2887,2024-06-22,2024,6,June,Saturday,True,25,15,almuerzo,Llevar,Debito,4200,0,671,0
2888,2024-06-22,2024,6,June,Saturday,True,25,15,almuerzo,Servir,Debito,4000,0,639,0
2889,2024-06-22,2024,6,June,Saturday,True,25,15,almuerzo,Llevar,Efectivo,2000,0,319,0
2890,2024-06-22,2024,6,June,Saturday,True,25,15,almuerzo,Llevar,Debito,9600,0,1533,0
2891,2024-06-22,2024,6,June,Saturday,True,25,15,almuerzo,Llevar,Debito,2000,0,319,0
2892,2024-06-22,2024,6,June,Saturday,True,25,15,almuerzo,Servir,Debito,5800,0,926,0
2893,2024-06-22,2024,6,June,Saturday,True,25,15,almuerzo,Servir,Debito,2000,0,319,0
2894,2024-06-22,2024,6,June,Saturday,True,25,15,almuerzo,Llevar,Debito,2000,0,319,0
2895,2024-06-22,2024,6,June,Saturday,True,25,16,tarde,Servir,Debito,3000,0,479,0
2896,2024-06-22,2024,6,June,Saturday,True,25,16,tarde,Llevar,Debito,3500,0,559,0
2897,2024-06-22,2024,6,June,Saturday,True,25,16,tarde,Servir,Debito,3500,0,559,0
2898,2024-06-22,2024,6,June,Saturday,True,25,16,tarde,Llevar,Debito,2800,0,447,0
2899,2024-06-22,2024,6,June,Saturday,True,25,16,tarde,Servir,Debito,5800,0,926,0
2900,2024-06-22,2024,6,June,Saturday,True,25,16,tarde,Servir,Efectivo,12900,0,0,1290
2901,2024-06-22,2024,6,June,Saturday,True,25,16,tarde,Llevar,Debito,3000,0,479,0
2902,2024-06-22,2024,6,June,Saturday,True,25,16,tarde,Llevar,Efectivo,6000,0,958,0
2903,2024-06-22,2024,6,June,Saturday,True,25,16,tarde,Servir,Efectivo,30100,0,4806,0
2904,2024-06-22,2024,6,June,Saturday,True,25,16,tarde,Servir,Debito,10900,0,1740,1090
2905,2024-06-22,2024,6,June,Saturday,True,25,16,tarde,Llevar,Efectivo,3000,0,479,0
2906,2024-06-22,2024,6,June,Saturday,True,25,17,tarde,Llevar,Debito,5500,0,878,0
2907,2024-06-22,2024,6,June,Saturday,True,25,17,tarde,Servir,Efectivo,3200,0,511,0
2908,2024-06-22,2024,6,June,Saturday,True,25,17,tarde,Servir,Debito,15500,0,2475,1550
2909,2024-06-22,2024,6,June,Saturday,True,25,17,tarde,Servir,Debito,9100,0,1453,910
2910,2024-06-22,2024,6,June,Saturday,True,25,17,tarde,Llevar,Efectivo,2800,0,447,0
2911,2024-06-22,2024,6,June,Saturday,True,25,17,tarde,Llevar,Credito,5100,0,814,0
2912,2024-06-22,2024,6,June,Saturday,True,25,17,tarde,Servir,Debito,10300,0,1645,1030
2913,2024-06-22,2024,6,June,Saturday,True,25,17,tarde,Servir,Debito,9000,0,1437,0
2914,2024-06-22,2024,6,June,Saturday,True,25,17,tarde,Llevar,Debito,5600,0,894,0
2915,2024-06-22,2024,6,June,Saturday,True,25,17,tarde,Llevar,Debito,3500,0,559,0
2916,2024-06-22,2024,6,June,Saturday,True,25,17,tarde,Llevar,Debito,2800,0,447,0
2917,2024-06-22,2024,6,June,Saturday,True,25,17,tarde,Llevar,Debito,11700,0,1868,0
2918,2024-06-22,2024,6,June,Saturday,True,25,17,tarde,Servir,Credito,9100,0,1453,0
2919,2024-06-22,2024,6,June,Saturday,True,25,17,tarde,Servir,Efectivo,6900,0,1102,0
2920,2024-06-22,2024,6,June,Saturday,True,25,17,tarde,Servir,Debito,7500,0,1197,750
2921,2024-06-22,2024,6,June,Saturday,True,25,17,tarde,Servir,Debito,9000,0,1437,0
2922,2024-06-22,2024,6,June,Saturday,True,25,18,tarde,Llevar,Debito,17500,0,2794,0
2923,2024-06-22,2024,6,June,Saturday,True,25,18,tarde,Llevar,Efectivo,6000,0,958,0
2924,2024-06-22,2024,6,June,Saturday,True,25,18,tarde,Servir,Credito,28700,0,4582,2870
2925,2024-06-22,2024,6,June,Saturday,True,25,18,tarde,Llevar,Transferencia,36000,6000,0,0
2926,2024-06-22,2024,6,June,Saturday,True,25,18,tarde,Llevar,Debito,3500,0,559,0
2927,2024-06-22,2024,6,June,Saturday,True,25,18,tarde,Servir,Debito,5500,0,878,0
2928,2024-06-22,2024,6,June,Saturday,True,25,18,tarde,Llevar,Efectivo,3500,0,559,0
2929,2024-06-22,2024,6,June,Saturday,True,25,18,tarde,Llevar,Debito,16800,0,2682,0
2930,2024-06-22,2024,6,June,Saturday,True,25,18,tarde,Llevar,Debito,2700,0,431,0
2931,2024-06-22,2024,6,June,Saturday,True,25,18,tarde,Llevar,Credito,13500,0,2155,0
2932,2024-06-22,2024,6,June,Saturday,True,25,18,tarde,Servir,Debito,7200,0,1150,0
2933,2024-06-22,2024,6,June,Saturday,True,25,18,tarde,Servir,Efectivo,14700,0,2347,0
2934,2024-06-22,2024,6,June,Saturday,True,25,18,tarde,Servir,Efectivo,17000,0,2714,0
2935,2024-06-22,2024,6,June,Saturday,True,25,18,tarde,Llevar,Debito,3200,0,511,0
2936,2024-06-22,2024,6,June,Saturday,True,25,18,tarde,Servir,Debito,12000,0,1916,1200
2937,2024-06-22,2024,6,June,Saturday,True,25,19,cierre,Servir,Debito,13500,0,2155,1350
2938,2024-06-22,2024,6,June,Saturday,True,25,19,cierre,Llevar,Credito,7000,0,1118,0
2939,2024-06-22,2024,6,June,Saturday,True,25,19,cierre,Llevar,Efectivo,7200,0,1150,0
2940,2024-06-22,2024,6,June,Saturday,True,25,19,cierre,Servir,Debito,11600,0,1852,0
2941,2024-06-22,2024,6,June,Saturday,True,25,19,cierre,Llevar,Debito,5000,0,798,0
2942,2024-06-22,2024,6,June,Saturday,True,25,19,cierre,Llevar,Debito,3500,0,559,0
2943,2024-06-22,2024,6,June,Saturday,True,25,19,cierre,Llevar,Debito,7000,0,1118,0
2944,2024-06-22,2024,6,June,Saturday,True,25,19,cierre,Llevar,Debito,2800,0,447,0
2945,2024-06-22,2024,6,June,Saturday,True,25,19,cierre,Servir,Debito,7000,0,1118,0
2946,2024-06-22,2024,6,June,Saturday,True,25,19,cierre,Llevar,Credito,10900,0,1740,0
2947,2024-06-23,2024,6,June,Sunday,True,25,16,tarde,Llevar,Debito,4500,0,718,0
2948,2024-06-24,2024,6,June,Monday,False,26,13,almuerzo,Llevar,Efectivo,6200,0,990,0
2949,2024-06-24,2024,6,June,Monday,False,26,13,almuerzo,Llevar,Credito,2800,0,447,0
2950,2024-06-24,2024,6,June,Monday,False,26,13,almuerzo,Llevar,Credito,7200,0,1150,0
2951,2024-06-24,2024,6,June,Monday,False,26,13,almuerzo,Llevar,Debito,2000,0,319,0
2952,2024-06-24,2024,6,June,Monday,False,26,15,almuerzo,Servir,Debito,14300,0,2283,1430
2953,2024-06-24,2024,6,June,Monday,False,26,15,almuerzo,Llevar,Debito,3600,0,575,0
2954,2024-06-24,2024,6,June,Monday,False,26,15,almuerzo,Llevar,Credito,8500,0,1357,0
2955,2024-06-24,2024,6,June,Monday,False,26,15,almuerzo,Llevar,Debito,2700,0,0,0
2956,2024-06-24,2024,6,June,Monday,False,26,15,almuerzo,Servir,Debito,6800,0,1086,680
2957,2024-06-24,2024,6,June,Monday,False,26,15,almuerzo,Servir,Efectivo,13600,0,2171,0
2958,2024-06-24,2024,6,June,Monday,False,26,16,tarde,Servir,Credito,5900,0,942,590
2959,2024-06-24,2024,6,June,Monday,False,26,16,tarde,Llevar,Efectivo,2000,0,319,0
2960,2024-06-24,2024,6,June,Monday,False,26,16,tarde,Servir,Debito,21700,0,3465,2170
2961,2024-06-24,2024,6,June,Monday,False,26,16,tarde,Llevar,Credito,6000,0,958,0
2962,2024-06-24,2024,6,June,Monday,False,26,16,tarde,Servir,Debito,11300,0,1804,0
2963,2024-06-24,2024,6,June,Monday,False,26,16,tarde,Servir,Efectivo,12000,0,1916,0
2964,2024-06-24,2024,6,June,Monday,False,26,16,tarde,Servir,Efectivo,12400,0,1980,1240
2965,2024-06-24,2024,6,June,Monday,False,26,16,tarde,Llevar,Debito,3500,0,559,0
2966,2024-06-24,2024,6,June,Monday,False,26,17,tarde,Llevar,Debito,2000,0,319,0
2967,2024-06-24,2024,6,June,Monday,False,26,17,tarde,Servir,Credito,15600,0,2491,1560
2968,2024-06-24,2024,6,June,Monday,False,26,17,tarde,Llevar,Debito,4000,0,639,0
2969,2024-06-24,2024,6,June,Monday,False,26,17,tarde,Servir,Efectivo,5900,0,0,0
2970,2024-06-24,2024,6,June,Monday,False,26,17,tarde,Llevar,Debito,4000,0,639,0
2971,2024-06-24,2024,6,June,Monday,False,26,17,tarde,Servir,Debito,4600,0,734,460
2972,2024-06-24,2024,6,June,Monday,False,26,17,tarde,Llevar,Debito,4800,0,766,0
2973,2024-06-24,2024,6,June,Monday,False,26,17,tarde,Llevar,Debito,4000,0,639,0
2974,2024-06-24,2024,6,June,Monday,False,26,17,tarde,Llevar,Debito,16300,0,2603,0
2975,2024-06-24,2024,6,June,Monday,False,26,17,tarde,Servir,Debito,23500,0,3752,0
2976,2024-06-24,2024,6,June,Monday,False,26,17,tarde,Servir,Efectivo,16200,0,2587,0
2977,2024-06-24,2024,6,June,Monday,False,26,17,tarde,Servir,Debito,14300,0,2283,1430
2978,2024-06-24,2024,6,June,Monday,False,26,17,tarde,Llevar,Credito,2000,0,319,0
2979,2024-06-24,2024,6,June,Monday,False,26,17,tarde,Llevar,Credito,2000,0,319,0
2980,2024-06-24,2024,6,June,Monday,False,26,17,tarde,Servir,Debito,29400,0,4694,2940
2981,2024-06-24,2024,6,June,Monday,False,26,17,tarde,Llevar,Efectivo,3000,0,0,0
2982,2024-06-24,2024,6,June,Monday,False,26,17,tarde,Llevar,Debito,6600,0,1054,0
2983,2024-06-24,2024,6,June,Monday,False,26,17,tarde,Llevar,Debito,2000,0,319,0
2984,2024-06-24,2024,6,June,Monday,False,26,18,tarde,Servir,Debito,10700,0,1708,1070
2985,2024-06-24,2024,6,June,Monday,False,26,18,tarde,Llevar,Debito,9700,0,1549,0
2986,2024-06-24,2024,6,June,Monday,False,26,18,tarde,Servir,Debito,16600,0,2650,1660
2987,2024-06-24,2024,6,June,Monday,False,26,18,tarde,Servir,Debito,6900,0,1102,0
2988,2024-06-24,2024,6,June,Monday,False,26,19,cierre,Llevar,Debito,4000,0,639,0
2989,2024-06-24,2024,6,June,Monday,False,26,19,cierre,Llevar,Debito,6200,0,990,0
2990,2024-06-24,2024,6,June,Monday,False,26,19,cierre,Llevar,Debito,3100,0,495,0
2991,2024-06-24,2024,6,June,Monday,False,26,19,cierre,Llevar,Debito,8000,0,1277,0
2992,2024-06-24,2024,6,June,Monday,False,26,19,cierre,Servir,Debito,9300,0,1485,930
2993,2024-06-24,2024,6,June,Monday,False,26,19,cierre,Llevar,Debito,6300,0,1006,0
2994,2024-06-24,2024,6,June,Monday,False,26,19,cierre,Llevar,Debito,1500,0,239,0
2995,2024-06-24,2024,6,June,Monday,False,26,19,cierre,Servir,Transferencia,2000,0,0,0
2996,2024-06-24,2024,6,June,Monday,False,26,19,cierre,Servir,Debito,4500,0,718,0
2997,2024-06-24,2024,6,June,Monday,False,26,19,cierre,Llevar,Debito,1300,0,0,0
2998,2024-06-24,2024,6,June,Monday,False,26,19,cierre,Llevar,Debito,3100,0,495,0
2999,2024-06-24,2024,6,June,Monday,False,26,19,cierre,Llevar,Debito,4000,0,639,0
3000,2024-06-25,2024,6,June,Tuesday,False,26,11,manana,Llevar,Efectivo,12400,0,0,0
3001,2024-06-25,2024,6,June,Tuesday,False,26,12,manana,Llevar,Debito,8800,0,1405,0
3002,2024-06-25,2024,6,June,Tuesday,False,26,12,manana,Llevar,Debito,5500,0,878,0
3003,2024-06-25,2024,6,June,Tuesday,False,26,12,manana,Servir,Debito,8400,0,1341,840
3004,2024-06-25,2024,6,June,Tuesday,False,26,12,manana,Servir,Debito,15600,0,2491,1560
3005,2024-06-25,2024,6,June,Tuesday,False,26,12,manana,Llevar,Efectivo,4000,0,639,0
3006,2024-06-25,2024,6,June,Tuesday,False,26,12,manana,Llevar,Debito,2000,0,319,0
3007,2024-06-25,2024,6,June,Tuesday,False,26,12,manana,Llevar,Credito,3100,0,495,0
3008,2024-06-25,2024,6,June,Tuesday,False,26,12,manana,Servir,Credito,9700,0,1549,970
3009,2024-06-25,2024,6,June,Tuesday,False,26,13,almuerzo,Servir,Edenred,13100,0,0,0
3010,2024-06-25,2024,6,June,Tuesday,False,26,13,almuerzo,Llevar,Edenred,2000,0,0,0
3011,2024-06-25,2024,6,June,Tuesday,False,26,13,almuerzo,Llevar,Credito,4900,0,782,0
3012,2024-06-25,2024,6,June,Tuesday,False,26,13,almuerzo,Llevar,Debito,3000,0,479,0
3013,2024-06-25,2024,6,June,Tuesday,False,26,15,almuerzo,Servir,Efectivo,20300,0,3241,2030
3014,2024-06-25,2024,6,June,Tuesday,False,26,15,almuerzo,Llevar,Debito,3500,0,559,0
3015,2024-06-25,2024,6,June,Tuesday,False,26,15,almuerzo,Llevar,Debito,3500,0,559,0
3016,2024-06-25,2024,6,June,Tuesday,False,26,15,almuerzo,Llevar,Debito,4800,0,766,0
3017,2024-06-25,2024,6,June,Tuesday,False,26,16,tarde,Servir,Debito,11600,0,1852,0
3018,2024-06-25,2024,6,June,Tuesday,False,26,16,tarde,Llevar,Debito,5700,0,910,0
3019,2024-06-25,2024,6,June,Tuesday,False,26,16,tarde,Servir,Debito,23000,0,3672,2300
3020,2024-06-25,2024,6,June,Tuesday,False,26,16,tarde,Servir,Debito,11700,0,1868,1170
3021,2024-06-25,2024,6,June,Tuesday,False,26,16,tarde,Servir,Debito,12400,0,1980,1240
3022,2024-06-25,2024,6,June,Tuesday,False,26,16,tarde,Llevar,Credito,2900,0,463,0
3023,2024-06-25,2024,6,June,Tuesday,False,26,16,tarde,Llevar,Debito,2000,0,319,0
3024,2024-06-25,2024,6,June,Tuesday,False,26,16,tarde,Llevar,Debito,2000,0,319,0
3025,2024-06-25,2024,6,June,Tuesday,False,26,17,tarde,Servir,Debito,11600,0,1852,1160
3026,2024-06-25,2024,6,June,Tuesday,False,26,17,tarde,Llevar,Debito,2000,0,319,0
3027,2024-06-25,2024,6,June,Tuesday,False,26,17,tarde,Servir,Credito,19000,0,3034,0
3028,2024-06-25,2024,6,June,Tuesday,False,26,17,tarde,Llevar,Transferencia,5100,0,0,0
3029,2024-06-25,2024,6,June,Tuesday,False,26,17,tarde,Servir,Debito,15100,0,2411,1510
3030,2024-06-25,2024,6,June,Tuesday,False,26,17,tarde,Llevar,Debito,10359,0,1654,0
3031,2024-06-25,2024,6,June,Tuesday,False,26,17,tarde,Servir,Debito,10000,0,1597,1000
3032,2024-06-25,2024,6,June,Tuesday,False,26,17,tarde,Llevar,Debito,3400,0,543,0
3033,2024-06-25,2024,6,June,Tuesday,False,26,17,tarde,Llevar,Debito,3400,0,543,0
3034,2024-06-25,2024,6,June,Tuesday,False,26,17,tarde,Llevar,Debito,6000,0,958,0
3035,2024-06-25,2024,6,June,Tuesday,False,26,17,tarde,Llevar,Credito,5600,0,894,0
3036,2024-06-25,2024,6,June,Tuesday,False,26,18,tarde,Llevar,Debito,6200,0,990,0
3037,2024-06-25,2024,6,June,Tuesday,False,26,18,tarde,Llevar,Debito,4900,0,782,0
3038,2024-06-25,2024,6,June,Tuesday,False,26,18,tarde,Servir,Debito,13200,0,2108,0
3039,2024-06-25,2024,6,June,Tuesday,False,26,18,tarde,Llevar,Debito,7100,0,1134,0
3040,2024-06-25,2024,6,June,Tuesday,False,26,18,tarde,Llevar,Debito,11900,0,1900,0
3041,2024-06-25,2024,6,June,Tuesday,False,26,18,tarde,Servir,Credito,23300,0,3720,0
3042,2024-06-25,2024,6,June,Tuesday,False,26,18,tarde,Llevar,Efectivo,3600,0,0,0
3043,2024-06-25,2024,6,June,Tuesday,False,26,18,tarde,Llevar,Debito,7000,0,1118,0
3044,2024-06-25,2024,6,June,Tuesday,False,26,18,tarde,Llevar,Debito,6000,0,958,0
3045,2024-06-25,2024,6,June,Tuesday,False,26,18,tarde,Llevar,Debito,9200,0,1469,0
3046,2024-06-25,2024,6,June,Tuesday,False,26,18,tarde,Llevar,Debito,3200,0,511,0
3047,2024-06-25,2024,6,June,Tuesday,False,26,18,tarde,Servir,Debito,8200,0,1309,0
3048,2024-06-25,2024,6,June,Tuesday,False,26,18,tarde,Llevar,Debito,2000,0,319,0
3049,2024-06-25,2024,6,June,Tuesday,False,26,18,tarde,Servir,Debito,15300,0,2443,0
3050,2024-06-25,2024,6,June,Tuesday,False,26,18,tarde,Servir,Debito,10600,0,1692,1060
3051,2024-06-25,2024,6,June,Tuesday,False,26,18,tarde,Servir,Credito,14000,0,2235,1400
3052,2024-06-25,2024,6,June,Tuesday,False,26,19,cierre,Servir,Debito,21500,0,3433,0
3053,2024-06-25,2024,6,June,Tuesday,False,26,19,cierre,Llevar,Debito,4200,0,671,0
3054,2024-06-25,2024,6,June,Tuesday,False,26,19,cierre,Llevar,Debito,4400,0,703,0
3055,2024-06-25,2024,6,June,Tuesday,False,26,19,cierre,Llevar,Efectivo,6200,0,990,0
3056,2024-06-25,2024,6,June,Tuesday,False,26,19,cierre,Llevar,Credito,5100,0,814,0
3057,2024-06-25,2024,6,June,Tuesday,False,26,19,cierre,Llevar,Edenred,2000,0,319,0
3058,2024-06-25,2024,6,June,Tuesday,False,26,19,cierre,Llevar,Debito,10500,0,1676,0
3059,2024-06-25,2024,6,June,Tuesday,False,26,19,cierre,Llevar,Credito,5100,0,814,0
3060,2024-06-25,2024,6,June,Tuesday,False,26,19,cierre,Servir,Debito,6500,0,1038,0
3061,2024-06-25,2024,6,June,Tuesday,False,26,19,cierre,Llevar,Efectivo,3200,0,511,0
3062,2024-06-25,2024,6,June,Tuesday,False,26,19,cierre,Llevar,Credito,8800,0,1405,0
3063,2024-06-25,2024,6,June,Tuesday,False,26,19,cierre,Servir,Debito,6000,0,958,0
3064,2024-06-25,2024,6,June,Tuesday,False,26,19,cierre,Llevar,Efectivo,2000,0,0,0
3065,2024-06-25,2024,6,June,Tuesday,False,26,20,cierre,Llevar,Debito,5600,0,894,0
3066,2024-06-25,2024,6,June,Tuesday,False,26,20,cierre,Llevar,Debito,7000,0,1118,0
3067,2024-06-25,2024,6,June,Tuesday,False,26,20,cierre,Servir,Debito,2900,0,463,0
3068,2024-06-25,2024,6,June,Tuesday,False,26,20,cierre,Llevar,Debito,7600,0,1213,0
3069,2024-06-26,2024,6,June,Wednesday,False,26,12,manana,Llevar,Debito,7400,0,1182,0
3070,2024-06-26,2024,6,June,Wednesday,False,26,12,manana,Llevar,Debito,3100,0,495,0
3071,2024-06-26,2024,6,June,Wednesday,False,26,12,manana,Servir,Debito,11300,0,1804,1130
3072,2024-06-26,2024,6,June,Wednesday,False,26,12,manana,Llevar,Efectivo,3500,0,559,0
3073,2024-06-26,2024,6,June,Wednesday,False,26,13,almuerzo,Llevar,Debito,8000,0,1277,0
3074,2024-06-26,2024,6,June,Wednesday,False,26,13,almuerzo,Llevar,Debito,8000,0,1277,0
3075,2024-06-26,2024,6,June,Wednesday,False,26,13,almuerzo,Llevar,Debito,4000,0,639,0
3076,2024-06-26,2024,6,June,Wednesday,False,26,13,almuerzo,Llevar,Efectivo,1400,0,224,0
3078,2024-06-26,2024,6,June,Wednesday,False,26,13,almuerzo,Llevar,Debito,3500,0,559,0
3079,2024-06-26,2024,6,June,Wednesday,False,26,14,almuerzo,Servir,Debito,14600,0,2331,1460
3080,2024-06-26,2024,6,June,Wednesday,False,26,14,almuerzo,Llevar,Credito,13300,0,2124,0
3081,2024-06-26,2024,6,June,Wednesday,False,26,14,almuerzo,Llevar,Debito,2000,0,319,0
3082,2024-06-26,2024,6,June,Wednesday,False,26,14,almuerzo,Llevar,Debito,4500,0,718,0
3083,2024-06-26,2024,6,June,Wednesday,False,26,14,almuerzo,Llevar,Debito,10400,0,1661,0
3084,2024-06-26,2024,6,June,Wednesday,False,26,15,almuerzo,Llevar,Debito,8000,0,1277,0
3085,2024-06-26,2024,6,June,Wednesday,False,26,15,almuerzo,Llevar,Debito,3500,0,559,0
3086,2024-06-26,2024,6,June,Wednesday,False,26,15,almuerzo,Llevar,Debito,2000,0,319,0
3087,2024-06-26,2024,6,June,Wednesday,False,26,15,almuerzo,Llevar,Debito,5000,0,798,0
3088,2024-06-26,2024,6,June,Wednesday,False,26,15,almuerzo,Llevar,Debito,4900,0,782,0
3089,2024-06-26,2024,6,June,Wednesday,False,26,15,almuerzo,Servir,Debito,18900,0,3018,0
3090,2024-06-26,2024,6,June,Wednesday,False,26,15,almuerzo,Llevar,Efectivo,2800,0,447,0
3091,2024-06-26,2024,6,June,Wednesday,False,26,15,almuerzo,Servir,Debito,18500,0,2954,1850
3092,2024-06-26,2024,6,June,Wednesday,False,26,16,tarde,Llevar,Debito,3500,0,559,0
3093,2024-06-26,2024,6,June,Wednesday,False,26,16,tarde,Servir,Debito,6300,0,1006,0
3094,2024-06-26,2024,6,June,Wednesday,False,26,16,tarde,Llevar,Debito,5500,0,878,0
3095,2024-06-26,2024,6,June,Wednesday,False,26,16,tarde,Llevar,Debito,8748,0,1397,0
3096,2024-06-26,2024,6,June,Wednesday,False,26,16,tarde,Servir,Debito,8400,0,1341,0
3097,2024-06-26,2024,6,June,Wednesday,False,26,17,tarde,Servir,Debito,17900,0,2858,0
3098,2024-06-26,2024,6,June,Wednesday,False,26,17,tarde,Llevar,Debito,1726,0,276,0
3099,2024-06-26,2024,6,June,Wednesday,False,26,17,tarde,Servir,Efectivo,5200,0,830,0
3100,2024-06-26,2024,6,June,Wednesday,False,26,17,tarde,Servir,Debito,12100,0,1932,0
3101,2024-06-26,2024,6,June,Wednesday,False,26,17,tarde,Llevar,Debito,1400,0,224,0
3102,2024-06-26,2024,6,June,Wednesday,False,26,17,tarde,Llevar,Debito,2100,700,335,0
3103,2024-06-26,2024,6,June,Wednesday,False,26,17,tarde,Servir,Debito,17600,0,2810,1760
3104,2024-06-26,2024,6,June,Wednesday,False,26,17,tarde,Llevar,Efectivo,5570,0,889,0
3105,2024-06-26,2024,6,June,Wednesday,False,26,17,tarde,Llevar,Debito,2726,0,435,0
3106,2024-06-26,2024,6,June,Wednesday,False,26,18,tarde,Llevar,Debito,5600,0,894,0
3107,2024-06-26,2024,6,June,Wednesday,False,26,18,tarde,Llevar,Debito,2000,0,319,0
3108,2024-06-26,2024,6,June,Wednesday,False,26,18,tarde,Llevar,Debito,5500,0,878,0
3109,2024-06-26,2024,6,June,Wednesday,False,26,18,tarde,Llevar,Debito,3748,0,598,0
3110,2024-06-26,2024,6,June,Wednesday,False,26,18,tarde,Llevar,Debito,5000,0,798,0
3111,2024-06-26,2024,6,June,Wednesday,False,26,18,tarde,Servir,Sodexo,6600,0,0,0
3112,2024-06-26,2024,6,June,Wednesday,False,26,18,tarde,Servir,Efectivo,14600,0,0,1460
3113,2024-06-26,2024,6,June,Wednesday,False,26,18,tarde,Servir,Debito,6900,0,1102,0
3114,2024-06-26,2024,6,June,Wednesday,False,26,18,tarde,Llevar,Debito,8340,0,1332,0
3115,2024-06-26,2024,6,June,Wednesday,False,26,18,tarde,Llevar,Debito,5348,0,854,0
3116,2024-06-26,2024,6,June,Wednesday,False,26,18,tarde,Llevar,Debito,6100,0,974,0
3117,2024-06-26,2024,6,June,Wednesday,False,26,18,tarde,Llevar,Debito,7900,0,1261,0
3118,2024-06-26,2024,6,June,Wednesday,False,26,18,tarde,Servir,Debito,4000,0,639,0
3119,2024-06-26,2024,6,June,Wednesday,False,26,18,tarde,Llevar,Efectivo,2000,0,319,0
3120,2024-06-26,2024,6,June,Wednesday,False,26,18,tarde,Llevar,Sodexo,4300,0,0,0
3121,2024-06-26,2024,6,June,Wednesday,False,26,18,tarde,Servir,Debito,2900,0,463,0
3122,2024-06-26,2024,6,June,Wednesday,False,26,18,tarde,Servir,Efectivo,4900,0,782,0
3123,2024-06-26,2024,6,June,Wednesday,False,26,18,tarde,Servir,Efectivo,3400,0,543,0
3124,2024-06-26,2024,6,June,Wednesday,False,26,19,cierre,Llevar,Debito,2000,0,319,0
3125,2024-06-26,2024,6,June,Wednesday,False,26,19,cierre,Servir,Debito,11600,0,1852,0
3126,2024-06-26,2024,6,June,Wednesday,False,26,19,cierre,Llevar,Debito,3100,0,495,0
3127,2024-06-26,2024,6,June,Wednesday,False,26,19,cierre,Llevar,Debito,2900,0,463,0
3128,2024-06-26,2024,6,June,Wednesday,False,26,19,cierre,Llevar,Efectivo,1600,0,255,0
3129,2024-06-26,2024,6,June,Wednesday,False,26,19,cierre,Llevar,Credito,2000,0,319,0
3130,2024-06-26,2024,6,June,Wednesday,False,26,19,cierre,Llevar,Debito,3000,0,479,0
3131,2024-06-26,2024,6,June,Wednesday,False,26,19,cierre,Llevar,Debito,2000,0,319,0
3132,2024-06-26,2024,6,June,Wednesday,False,26,19,cierre,Llevar,Credito,6100,0,974,0
3133,2024-06-26,2024,6,June,Wednesday,False,26,20,cierre,Llevar,Debito,7800,0,1245,0
3134,2024-06-27,2024,6,June,Thursday,False,26,11,manana,Llevar,Transferencia,36000,6000,0,0
3135,2024-06-27,2024,6,June,Thursday,False,26,11,manana,Llevar,Debito,4500,0,718,0
3136,2024-06-27,2024,6,June,Thursday,False,26,12,manana,Llevar,Debito,2500,0,399,0
3137,2024-06-27,2024,6,June,Thursday,False,26,12,manana,Llevar,Debito,2900,0,463,0
3138,2024-06-27,2024,6,June,Thursday,False,26,12,manana,Llevar,Debito,9800,0,1565,0
3139,2024-06-27,2024,6,June,Thursday,False,26,12,manana,Llevar,Debito,2000,0,319,0
3140,2024-06-27,2024,6,June,Thursday,False,26,13,almuerzo,Llevar,Debito,10300,0,1645,0
3141,2024-06-27,2024,6,June,Thursday,False,26,14,almuerzo,Llevar,Debito,2800,0,447,0
3142,2024-06-27,2024,6,June,Thursday,False,26,14,almuerzo,Servir,Efectivo,2500,0,0,0
3143,2024-06-27,2024,6,June,Thursday,False,26,15,almuerzo,Llevar,Debito,1500,0,239,0
3144,2024-06-27,2024,6,June,Thursday,False,26,15,almuerzo,Llevar,Debito,4500,0,718,0
3145,2024-06-27,2024,6,June,Thursday,False,26,15,almuerzo,Servir,Debito,9000,0,1437,900
3146,2024-06-27,2024,6,June,Thursday,False,26,15,almuerzo,Llevar,Debito,4900,0,782,0
3147,2024-06-27,2024,6,June,Thursday,False,26,15,almuerzo,Llevar,Credito,8500,0,1357,0
3148,2024-06-27,2024,6,June,Thursday,False,26,15,almuerzo,Llevar,Credito,5000,0,798,0
3149,2024-06-27,2024,6,June,Thursday,False,26,16,tarde,Llevar,Debito,5000,0,798,0
3150,2024-06-27,2024,6,June,Thursday,False,26,16,tarde,Servir,Debito,17600,0,2810,0
3151,2024-06-27,2024,6,June,Thursday,False,26,16,tarde,Llevar,Efectivo,2000,0,319,0
3152,2024-06-27,2024,6,June,Thursday,False,26,16,tarde,Llevar,Debito,8200,0,1309,0
3153,2024-06-27,2024,6,June,Thursday,False,26,16,tarde,Llevar,Debito,8000,0,1277,0
3154,2024-06-27,2024,6,June,Thursday,False,26,16,tarde,Llevar,Efectivo,4800,0,766,0
3155,2024-06-27,2024,6,June,Thursday,False,26,16,tarde,Llevar,Debito,2000,0,319,0
3156,2024-06-27,2024,6,June,Thursday,False,26,16,tarde,Llevar,Debito,5000,0,798,0
3157,2024-06-27,2024,6,June,Thursday,False,26,16,tarde,Llevar,Efectivo,2000,0,319,0
3158,2024-06-27,2024,6,June,Thursday,False,26,17,tarde,Llevar,Debito,4000,0,639,0
3159,2024-06-27,2024,6,June,Thursday,False,26,17,tarde,Servir,Debito,13800,0,2203,1380
3160,2024-06-27,2024,6,June,Thursday,False,26,17,tarde,Llevar,Debito,9500,0,1517,0
3161,2024-06-27,2024,6,June,Thursday,False,26,17,tarde,Servir,Debito,27000,0,4311,2700
3162,2024-06-27,2024,6,June,Thursday,False,26,17,tarde,Servir,Debito,13600,0,2171,0
3163,2024-06-27,2024,6,June,Thursday,False,26,17,tarde,Llevar,Debito,3500,0,559,0
3164,2024-06-27,2024,6,June,Thursday,False,26,17,tarde,Llevar,Efectivo,2000,0,319,0
3165,2024-06-27,2024,6,June,Thursday,False,26,17,tarde,Llevar,Debito,2000,0,319,0
3166,2024-06-27,2024,6,June,Thursday,False,26,17,tarde,Llevar,Debito,2000,0,319,0
3167,2024-06-27,2024,6,June,Thursday,False,26,17,tarde,Servir,Debito,4400,1100,0,0
3168,2024-06-27,2024,6,June,Thursday,False,26,17,tarde,Servir,Debito,14300,0,2283,1430
3169,2024-06-27,2024,6,June,Thursday,False,26,17,tarde,Servir,Debito,16400,0,2618,0
3170,2024-06-27,2024,6,June,Thursday,False,26,18,tarde,Llevar,Debito,7200,0,1150,0
3171,2024-06-27,2024,6,June,Thursday,False,26,18,tarde,Llevar,Debito,5600,0,894,0
3172,2024-06-27,2024,6,June,Thursday,False,26,18,tarde,Servir,Efectivo,13600,0,2171,0
3173,2024-06-27,2024,6,June,Thursday,False,26,18,tarde,Llevar,Debito,13800,0,2203,0
3174,2024-06-27,2024,6,June,Thursday,False,26,18,tarde,Llevar,Credito,2000,0,319,0
3175,2024-06-27,2024,6,June,Thursday,False,26,18,tarde,Llevar,Efectivo,1500,0,0,0
3176,2024-06-27,2024,6,June,Thursday,False,26,18,tarde,Llevar,Efectivo,3000,0,479,0
3177,2024-06-27,2024,6,June,Thursday,False,26,18,tarde,Servir,Debito,27500,0,4391,0
3178,2024-06-27,2024,6,June,Thursday,False,26,18,tarde,Llevar,Debito,4000,0,639,0
3179,2024-06-27,2024,6,June,Thursday,False,26,18,tarde,Servir,Debito,9300,0,1485,0
3180,2024-06-27,2024,6,June,Thursday,False,26,18,tarde,Servir,Debito,11200,0,1788,1120
3181,2024-06-27,2024,6,June,Thursday,False,26,18,tarde,Llevar,Efectivo,1000,0,160,0
3182,2024-06-27,2024,6,June,Thursday,False,26,18,tarde,Llevar,Debito,2000,0,319,0
3183,2024-06-27,2024,6,June,Thursday,False,26,18,tarde,Llevar,Debito,6800,0,1086,0
3184,2024-06-27,2024,6,June,Thursday,False,26,19,cierre,Llevar,Debito,4200,0,671,0
3185,2024-06-27,2024,6,June,Thursday,False,26,19,cierre,Llevar,Debito,2800,0,447,0
3186,2024-06-27,2024,6,June,Thursday,False,26,19,cierre,Llevar,Debito,3781,0,604,0
3187,2024-06-27,2024,6,June,Thursday,False,26,19,cierre,Llevar,Debito,2000,0,319,0
3188,2024-06-27,2024,6,June,Thursday,False,26,19,cierre,Llevar,Debito,5500,0,878,0
3189,2024-06-27,2024,6,June,Thursday,False,26,19,cierre,Llevar,Debito,6000,0,958,0
3190,2024-06-27,2024,6,June,Thursday,False,26,19,cierre,Llevar,Credito,4800,0,766,0
3191,2024-06-27,2024,6,June,Thursday,False,26,19,cierre,Servir,Debito,23700,0,3784,0
3192,2024-06-27,2024,6,June,Thursday,False,26,19,cierre,Servir,Debito,2800,0,447,0
3193,2024-06-27,2024,6,June,Thursday,False,26,20,cierre,Llevar,Debito,4990,1,797,0
3194,2024-06-28,2024,6,June,Friday,False,26,12,manana,Llevar,Debito,5400,0,862,0
3195,2024-06-28,2024,6,June,Friday,False,26,12,manana,Servir,Efectivo,12000,0,1916,0
3196,2024-06-28,2024,6,June,Friday,False,26,12,manana,Servir,Efectivo,4000,0,639,0
3197,2024-06-28,2024,6,June,Friday,False,26,13,almuerzo,Llevar,Debito,9700,0,1549,0
3198,2024-06-28,2024,6,June,Friday,False,26,13,almuerzo,Servir,Debito,5500,0,878,550
3199,2024-06-28,2024,6,June,Friday,False,26,13,almuerzo,Llevar,Credito,7200,0,1150,0
3200,2024-06-28,2024,6,June,Friday,False,26,13,almuerzo,Servir,Debito,3200,0,511,0
3201,2024-06-28,2024,6,June,Friday,False,26,14,almuerzo,Llevar,Efectivo,2500,0,0,0
3202,2024-06-28,2024,6,June,Friday,False,26,15,almuerzo,Servir,Debito,12300,0,1964,0
3203,2024-06-28,2024,6,June,Friday,False,26,15,almuerzo,Llevar,Debito,1400,0,224,0
3204,2024-06-28,2024,6,June,Friday,False,26,15,almuerzo,Servir,Efectivo,6000,0,0,0
3205,2024-06-28,2024,6,June,Friday,False,26,15,almuerzo,Servir,Debito,4000,0,639,400
3206,2024-06-28,2024,6,June,Friday,False,26,15,almuerzo,Servir,Debito,7800,0,1245,780
3207,2024-06-28,2024,6,June,Friday,False,26,15,almuerzo,Llevar,Debito,1400,0,224,0
3208,2024-06-28,2024,6,June,Friday,False,26,16,tarde,Llevar,Debito,6000,0,958,0
3209,2024-06-28,2024,6,June,Friday,False,26,16,tarde,Llevar,Debito,4300,0,687,0
3210,2024-06-28,2024,6,June,Friday,False,26,16,tarde,Llevar,Debito,2900,0,463,0
3211,2024-06-28,2024,6,June,Friday,False,26,16,tarde,Llevar,Debito,2000,0,319,0
3212,2024-06-28,2024,6,June,Friday,False,26,16,tarde,Servir,Efectivo,5500,0,878,0
3213,2024-06-28,2024,6,June,Friday,False,26,16,tarde,Llevar,Debito,2000,0,319,0
3214,2024-06-28,2024,6,June,Friday,False,26,16,tarde,Llevar,Debito,4000,0,639,0
3215,2024-06-28,2024,6,June,Friday,False,26,16,tarde,Servir,Credito,12000,0,1916,0
3216,2024-06-28,2024,6,June,Friday,False,26,16,tarde,Llevar,Efectivo,2000,0,0,0
3217,2024-06-28,2024,6,June,Friday,False,26,16,tarde,Llevar,Debito,2248,0,359,0
3218,2024-06-28,2024,6,June,Friday,False,26,16,tarde,Servir,Debito,6000,0,958,0
3219,2024-06-28,2024,6,June,Friday,False,26,16,tarde,Servir,Debito,11500,0,1836,1150
3220,2024-06-28,2024,6,June,Friday,False,26,16,tarde,Llevar,Debito,8400,0,1341,0
3221,2024-06-28,2024,6,June,Friday,False,26,16,tarde,Llevar,Debito,7600,0,1213,0
3222,2024-06-28,2024,6,June,Friday,False,26,16,tarde,Llevar,Efectivo,3050,0,487,0
3223,2024-06-28,2024,6,June,Friday,False,26,16,tarde,Servir,Debito,2900,0,463,0
3224,2024-06-28,2024,6,June,Friday,False,26,16,tarde,Servir,Efectivo,24100,0,3848,0
3225,2024-06-28,2024,6,June,Friday,False,26,16,tarde,Llevar,Debito,8200,0,1309,0
3226,2024-06-28,2024,6,June,Friday,False,26,17,tarde,Llevar,Debito,6600,0,1054,0
3227,2024-06-28,2024,6,June,Friday,False,26,17,tarde,Llevar,Efectivo,2000,0,319,0
3228,2024-06-28,2024,6,June,Friday,False,26,17,tarde,Llevar,Debito,8400,0,1341,0
3229,2024-06-28,2024,6,June,Friday,False,26,17,tarde,Llevar,Debito,3400,0,543,0
3230,2024-06-28,2024,6,June,Friday,False,26,17,tarde,Servir,Debito,13500,0,2155,0
3231,2024-06-28,2024,6,June,Friday,False,26,17,tarde,Servir,Efectivo,7900,0,1261,0
3232,2024-06-28,2024,6,June,Friday,False,26,17,tarde,Servir,Debito,13300,0,2124,0
3233,2024-06-28,2024,6,June,Friday,False,26,17,tarde,Servir,Transferencia,12300,0,0,1230
3234,2024-06-28,2024,6,June,Friday,False,26,17,tarde,Servir,Credito,25700,0,4103,2570
3235,2024-06-28,2024,6,June,Friday,False,26,17,tarde,Llevar,Efectivo,16000,0,2555,0
3236,2024-06-28,2024,6,June,Friday,False,26,17,tarde,Llevar,Efectivo,4900,0,782,0
3237,2024-06-28,2024,6,June,Friday,False,26,17,tarde,Servir,Debito,12200,0,1948,1220
3238,2024-06-28,2024,6,June,Friday,False,26,17,tarde,Llevar,Debito,8000,0,0,0
3239,2024-06-28,2024,6,June,Friday,False,26,17,tarde,Llevar,Debito,5800,0,926,0
3240,2024-06-28,2024,6,June,Friday,False,26,17,tarde,Llevar,Debito,17800,0,2842,0
3241,2024-06-28,2024,6,June,Friday,False,26,18,tarde,Llevar,Debito,5400,0,862,0
3242,2024-06-28,2024,6,June,Friday,False,26,18,tarde,Servir,Efectivo,10000,0,1597,0
3243,2024-06-28,2024,6,June,Friday,False,26,18,tarde,Llevar,Efectivo,2000,0,319,0
3244,2024-06-28,2024,6,June,Friday,False,26,18,tarde,Llevar,Efectivo,3000,0,479,0
3245,2024-06-28,2024,6,June,Friday,False,26,18,tarde,Llevar,Debito,2000,0,319,0
3246,2024-06-28,2024,6,June,Friday,False,26,18,tarde,Llevar,Debito,15000,0,2395,0
3247,2024-06-28,2024,6,June,Friday,False,26,18,tarde,Llevar,Efectivo,8000,0,1277,0
3248,2024-06-28,2024,6,June,Friday,False,26,18,tarde,Llevar,Debito,22900,0,3656,0
3249,2024-06-28,2024,6,June,Friday,False,26,18,tarde,Llevar,Debito,2900,0,463,0
3250,2024-06-28,2024,6,June,Friday,False,26,18,tarde,Servir,Debito,13000,0,2076,1300
3251,2024-06-28,2024,6,June,Friday,False,26,18,tarde,Llevar,Debito,9900,0,1581,0
3252,2024-06-28,2024,6,June,Friday,False,26,18,tarde,Llevar,Efectivo,14200,0,0,0
3253,2024-06-28,2024,6,June,Friday,False,26,18,tarde,Servir,Debito,14800,0,2363,0
3254,2024-06-28,2024,6,June,Friday,False,26,18,tarde,Servir,Debito,13900,0,2219,0
3255,2024-06-28,2024,6,June,Friday,False,26,18,tarde,Servir,Debito,16700,0,2666,0
3256,2024-06-28,2024,6,June,Friday,False,26,18,tarde,Servir,Debito,47000,0,7504,0
3257,2024-06-28,2024,6,June,Friday,False,26,18,tarde,Llevar,Efectivo,2900,0,463,0
3258,2024-06-28,2024,6,June,Friday,False,26,18,tarde,Servir,Debito,7100,0,1134,0
3259,2024-06-28,2024,6,June,Friday,False,26,18,tarde,Servir,Debito,8200,0,1309,0
3260,2024-06-28,2024,6,June,Friday,False,26,19,cierre,Servir,Efectivo,10200,0,0,0
3261,2024-06-28,2024,6,June,Friday,False,26,19,cierre,Servir,Debito,11300,0,1804,1130
3262,2024-06-28,2024,6,June,Friday,False,26,19,cierre,Llevar,Debito,8400,0,1341,0
3263,2024-06-28,2024,6,June,Friday,False,26,19,cierre,Llevar,Debito,11300,0,1804,0
3264,2024-06-28,2024,6,June,Friday,False,26,19,cierre,Llevar,Debito,10000,0,1597,0
3265,2024-06-28,2024,6,June,Friday,False,26,19,cierre,Llevar,Debito,2000,0,319,0
3266,2024-06-28,2024,6,June,Friday,False,26,19,cierre,Llevar,Transferencia,4800,0,766,0
3267,2024-06-28,2024,6,June,Friday,False,26,19,cierre,Llevar,Debito,2000,0,319,0
3268,2024-06-28,2024,6,June,Friday,False,26,19,cierre,Llevar,Debito,3800,0,607,0
3269,2024-06-28,2024,6,June,Friday,False,26,19,cierre,Llevar,Efectivo,1000,0,160,0
3270,2024-06-28,2024,6,June,Friday,False,26,20,cierre,Llevar,Efectivo,1400,0,224,0
3271,2024-06-29,2024,6,June,Saturday,True,26,12,manana,Servir,Debito,18400,0,2938,1840
3272,2024-06-29,2024,6,June,Saturday,True,26,13,almuerzo,Servir,Debito,15700,0,2507,1570
3273,2024-06-29,2024,6,June,Saturday,True,26,13,almuerzo,Servir,Debito,20800,0,3321,2080
3274,2024-06-29,2024,6,June,Saturday,True,26,15,almuerzo,Llevar,Transferencia,42000,6000,0,0
3275,2024-06-29,2024,6,June,Saturday,True,26,15,almuerzo,Llevar,Debito,5900,0,942,0
3276,2024-06-29,2024,6,June,Saturday,True,26,15,almuerzo,Llevar,Debito,5800,0,926,0
3277,2024-06-29,2024,6,June,Saturday,True,26,15,almuerzo,Llevar,Efectivo,18890,0,3017,0
3278,2024-06-29,2024,6,June,Saturday,True,26,15,almuerzo,Llevar,Efectivo,7500,0,1197,0
3279,2024-06-29,2024,6,June,Saturday,True,26,15,almuerzo,Llevar,Efectivo,4500,0,718,0
3280,2024-06-29,2024,6,June,Saturday,True,26,15,almuerzo,Servir,Debito,2000,0,319,0
3281,2024-06-29,2024,6,June,Saturday,True,26,15,almuerzo,Llevar,Debito,7400,0,1182,0
3282,2024-06-29,2024,6,June,Saturday,True,26,15,almuerzo,Servir,Debito,12000,0,1916,0
3283,2024-06-29,2024,6,June,Saturday,True,26,15,almuerzo,Servir,Debito,12800,0,2044,0
3284,2024-06-29,2024,6,June,Saturday,True,26,15,almuerzo,Llevar,Debito,15500,0,2475,0
3285,2024-06-29,2024,6,June,Saturday,True,26,15,almuerzo,Llevar,Debito,7500,0,1197,0
3286,2024-06-29,2024,6,June,Saturday,True,26,15,almuerzo,Llevar,Credito,2800,0,447,0
3287,2024-06-29,2024,6,June,Saturday,True,26,16,tarde,Servir,Credito,19500,0,3113,1950
3288,2024-06-29,2024,6,June,Saturday,True,26,16,tarde,Llevar,Debito,6000,0,958,0
3289,2024-06-29,2024,6,June,Saturday,True,26,16,tarde,Llevar,Debito,10000,0,1597,0
3290,2024-06-29,2024,6,June,Saturday,True,26,16,tarde,Servir,Debito,8900,0,1421,890
3291,2024-06-29,2024,6,June,Saturday,True,26,16,tarde,Servir,Debito,9600,0,1533,960
3292,2024-06-29,2024,6,June,Saturday,True,26,16,tarde,Llevar,Efectivo,2200,0,351,0
3293,2024-06-29,2024,6,June,Saturday,True,26,16,tarde,Llevar,Credito,26800,0,4279,0
3294,2024-06-29,2024,6,June,Saturday,True,26,16,tarde,Servir,Credito,13800,0,2203,1380
3295,2024-06-29,2024,6,June,Saturday,True,26,16,tarde,Llevar,Debito,7200,0,1150,0
3296,2024-06-29,2024,6,June,Saturday,True,26,17,tarde,Llevar,Debito,9800,0,1565,0
3297,2024-06-29,2024,6,June,Saturday,True,26,17,tarde,Llevar,Debito,1000,0,160,0
3298,2024-06-29,2024,6,June,Saturday,True,26,17,tarde,Servir,Debito,11680,2920,1865,1460
3299,2024-06-29,2024,6,June,Saturday,True,26,17,tarde,Servir,Debito,9100,0,1453,0
3300,2024-06-29,2024,6,June,Saturday,True,26,17,tarde,Servir,Debito,9900,0,1581,0
3301,2024-06-29,2024,6,June,Saturday,True,26,17,tarde,Llevar,Debito,13700,0,2187,0
3302,2024-06-29,2024,6,June,Saturday,True,26,17,tarde,Llevar,Debito,11700,0,1868,0
3303,2024-06-29,2024,6,June,Saturday,True,26,17,tarde,Llevar,Debito,17000,0,2714,0
3304,2024-06-29,2024,6,June,Saturday,True,26,17,tarde,Llevar,Debito,15200,0,2427,0
3305,2024-06-29,2024,6,June,Saturday,True,26,17,tarde,Llevar,Credito,10700,0,1708,0
3306,2024-06-29,2024,6,June,Saturday,True,26,17,tarde,Llevar,Debito,13500,0,2155,0
3307,2024-06-29,2024,6,June,Saturday,True,26,18,tarde,Llevar,Debito,3000,0,479,0
3308,2024-06-29,2024,6,June,Saturday,True,26,18,tarde,Servir,Debito,8000,0,1277,800
3309,2024-06-29,2024,6,June,Saturday,True,26,18,tarde,Servir,Debito,22900,0,3656,2290
3310,2024-06-29,2024,6,June,Saturday,True,26,18,tarde,Llevar,Debito,2200,0,351,0
3311,2024-06-29,2024,6,June,Saturday,True,26,18,tarde,Llevar,Debito,16000,0,2555,0
3312,2024-06-29,2024,6,June,Saturday,True,26,18,tarde,Servir,Debito,9000,0,1437,900
3313,2024-06-29,2024,6,June,Saturday,True,26,18,tarde,Llevar,Debito,8500,0,1357,0
3314,2024-06-29,2024,6,June,Saturday,True,26,18,tarde,Llevar,Debito,6900,0,1102,0
3315,2024-06-29,2024,6,June,Saturday,True,26,18,tarde,Llevar,Debito,2500,0,399,0
3316,2024-06-29,2024,6,June,Saturday,True,26,18,tarde,Llevar,Debito,2000,0,319,0
3317,2024-06-29,2024,6,June,Saturday,True,26,19,cierre,Llevar,Debito,15100,0,2411,0
3318,2024-06-29,2024,6,June,Saturday,True,26,19,cierre,Delivery,Transferencia,14730,0,1852,0
3319,2024-06-29,2024,6,June,Saturday,True,26,19,cierre,Llevar,Debito,4000,0,639,0
3320,2024-06-30,2024,6,June,Sunday,True,26,13,almuerzo,Llevar,Transferencia,2000,0,0,0
3321,2024-06-30,2024,6,June,Sunday,True,26,14,almuerzo,Servir,Debito,25500,0,4071,2550
3322,2024-06-30,2024,6,June,Sunday,True,26,15,almuerzo,Servir,Debito,10400,0,1661,1040
3323,2024-06-30,2024,6,June,Sunday,True,26,15,almuerzo,Llevar,Efectivo,2500,0,0,0
3324,2024-06-30,2024,6,June,Sunday,True,26,16,tarde,Llevar,Debito,3500,0,559,0
3325,2024-06-30,2024,6,June,Sunday,True,26,16,tarde,Llevar,Debito,3500,0,559,0
3326,2024-06-30,2024,6,June,Sunday,True,26,16,tarde,Servir,Credito,11300,0,1804,1130
3327,2024-06-30,2024,6,June,Sunday,True,26,16,tarde,Delivery,Transferencia,23130,0,0,2000
3328,2024-06-30,2024,6,June,Sunday,True,26,16,tarde,Servir,Credito,7200,0,1150,0
3329,2024-06-30,2024,6,June,Sunday,True,26,16,tarde,Llevar,Debito,2900,0,463,0
3330,2024-06-30,2024,6,June,Sunday,True,26,16,tarde,Llevar,Debito,7300,0,1166,0
3331,2024-06-30,2024,6,June,Sunday,True,26,16,tarde,Llevar,Debito,9300,0,1485,0
3332,2024-06-30,2024,6,June,Sunday,True,26,16,tarde,Llevar,Debito,5600,0,894,0
3333,2024-06-30,2024,6,June,Sunday,True,26,16,tarde,Servir,Debito,15300,0,2443,1530
3334,2024-06-30,2024,6,June,Sunday,True,26,17,tarde,Llevar,Debito,3500,0,559,0
3335,2024-06-30,2024,6,June,Sunday,True,26,17,tarde,Servir,Credito,15200,0,2427,1520
3336,2024-06-30,2024,6,June,Sunday,True,26,17,tarde,Llevar,Debito,8200,0,1309,0
3337,2024-06-30,2024,6,June,Sunday,True,26,17,tarde,Servir,Efectivo,6700,0,1070,670
3338,2024-06-30,2024,6,June,Sunday,True,26,17,tarde,Llevar,Debito,6400,0,1022,0
3339,2024-06-30,2024,6,June,Sunday,True,26,17,tarde,Llevar,Debito,8200,0,1309,0
3340,2024-06-30,2024,6,June,Sunday,True,26,17,tarde,Llevar,Efectivo,19100,0,3050,0
3341,2024-06-30,2024,6,June,Sunday,True,26,18,tarde,Llevar,Credito,8400,0,1341,0
3342,2024-06-30,2024,6,June,Sunday,True,26,18,tarde,Llevar,Efectivo,4900,0,782,0
3343,2024-07-01,2024,7,July,Monday,False,27,11,manana,Servir,Debito,9000,0,1437,0
3344,2024-07-01,2024,7,July,Monday,False,27,12,manana,Servir,Debito,19000,0,3034,1900
3345,2024-07-01,2024,7,July,Monday,False,27,12,manana,Llevar,Edenred,6900,0,0,0
3346,2024-07-01,2024,7,July,Monday,False,27,12,manana,Llevar,Debito,12600,0,2012,0
3347,2024-07-01,2024,7,July,Monday,False,27,12,manana,Llevar,Edenred,6000,0,0,0
3348,2024-07-01,2024,7,July,Monday,False,27,12,manana,Llevar,Debito,4000,0,639,0
3349,2024-07-01,2024,7,July,Monday,False,27,13,almuerzo,Llevar,Debito,10900,0,1740,0
3350,2024-07-01,2024,7,July,Monday,False,27,13,almuerzo,Llevar,Credito,11400,0,1820,0
3351,2024-07-01,2024,7,July,Monday,False,27,13,almuerzo,Llevar,Debito,3500,0,559,0
3352,2024-07-01,2024,7,July,Monday,False,27,13,almuerzo,Llevar,Debito,7500,0,1197,0
3353,2024-07-01,2024,7,July,Monday,False,27,13,almuerzo,Llevar,Debito,6000,0,958,0
3354,2024-07-01,2024,7,July,Monday,False,27,14,almuerzo,Servir,Debito,12000,0,1916,1200
3355,2024-07-01,2024,7,July,Monday,False,27,15,almuerzo,Servir,Debito,23900,0,3816,2390
3356,2024-07-01,2024,7,July,Monday,False,27,15,almuerzo,Llevar,Debito,2000,0,639,0
3357,2024-07-01,2024,7,July,Monday,False,27,15,almuerzo,Servir,Efectivo,6500,0,0,0
3358,2024-07-01,2024,7,July,Monday,False,27,15,almuerzo,Llevar,Debito,3000,0,479,0
3359,2024-07-01,2024,7,July,Monday,False,27,16,tarde,Servir,Edenred,8900,0,0,0
3360,2024-07-01,2024,7,July,Monday,False,27,16,tarde,Llevar,Debito,2000,0,319,0
3361,2024-07-01,2024,7,July,Monday,False,27,16,tarde,Servir,Debito,6000,0,958,600
3362,2024-07-01,2024,7,July,Monday,False,27,16,tarde,Servir,Debito,10200,0,1629,1020
3363,2024-07-01,2024,7,July,Monday,False,27,16,tarde,Llevar,Debito,4500,0,718,0
3364,2024-07-01,2024,7,July,Monday,False,27,16,tarde,Llevar,Efectivo,3200,0,511,0
3365,2024-07-01,2024,7,July,Monday,False,27,16,tarde,Servir,Debito,5900,0,942,0
3366,2024-07-01,2024,7,July,Monday,False,27,16,tarde,Llevar,Debito,6000,0,958,0
3367,2024-07-01,2024,7,July,Monday,False,27,16,tarde,Llevar,Debito,2000,0,319,0
3368,2024-07-01,2024,7,July,Monday,False,27,16,tarde,Servir,Debito,5200,0,830,0
3369,2024-07-01,2024,7,July,Monday,False,27,17,tarde,Llevar,Efectivo,10000,0,0,0
3370,2024-07-01,2024,7,July,Monday,False,27,17,tarde,Servir,Debito,6300,0,1006,0
3371,2024-07-01,2024,7,July,Monday,False,27,17,tarde,Servir,Efectivo,6000,0,0,0
3372,2024-07-01,2024,7,July,Monday,False,27,17,tarde,Llevar,Credito,4500,0,718,0
3373,2024-07-01,2024,7,July,Monday,False,27,17,tarde,Llevar,Efectivo,4300,0,687,0
3374,2024-07-01,2024,7,July,Monday,False,27,17,tarde,Servir,Debito,10900,0,1740,1090
3375,2024-07-01,2024,7,July,Monday,False,27,17,tarde,Llevar,Debito,7800,0,1245,0
3376,2024-07-01,2024,7,July,Monday,False,27,17,tarde,Llevar,Efectivo,2000,0,319,0
3377,2024-07-01,2024,7,July,Monday,False,27,17,tarde,Llevar,Debito,3100,0,495,0
3378,2024-07-01,2024,7,July,Monday,False,27,17,tarde,Servir,Edenred,14800,0,0,0
3379,2024-07-01,2024,7,July,Monday,False,27,17,tarde,Llevar,Debito,6800,0,1086,0
3380,2024-07-01,2024,7,July,Monday,False,27,17,tarde,Llevar,Edenred,11000,0,0,0
3381,2024-07-01,2024,7,July,Monday,False,27,17,tarde,Servir,Debito,7000,0,1118,0
3382,2024-07-01,2024,7,July,Monday,False,27,18,tarde,Llevar,Debito,3500,0,559,0
3383,2024-07-01,2024,7,July,Monday,False,27,18,tarde,Llevar,Debito,2700,0,431,0
3384,2024-07-01,2024,7,July,Monday,False,27,18,tarde,Llevar,Debito,10000,0,1597,0
3385,2024-07-01,2024,7,July,Monday,False,27,18,tarde,Servir,Efectivo,12000,0,0,0
3386,2024-07-01,2024,7,July,Monday,False,27,18,tarde,Servir,Debito,8000,0,1277,0
3387,2024-07-01,2024,7,July,Monday,False,27,18,tarde,Servir,Debito,25500,0,4071,0
3388,2024-07-01,2024,7,July,Monday,False,27,18,tarde,Servir,Edenred,8000,0,0,0
3389,2024-07-01,2024,7,July,Monday,False,27,18,tarde,Servir,Debito,15200,0,2427,0
3390,2024-07-01,2024,7,July,Monday,False,27,18,tarde,Llevar,Debito,6700,0,1070,0
3391,2024-07-01,2024,7,July,Monday,False,27,18,tarde,Llevar,Debito,4800,0,766,0
3392,2024-07-01,2024,7,July,Monday,False,27,18,tarde,Llevar,Debito,6500,0,1038,0
3393,2024-07-01,2024,7,July,Monday,False,27,18,tarde,Llevar,Debito,6000,0,958,0
3394,2024-07-01,2024,7,July,Monday,False,27,18,tarde,Servir,Debito,12400,0,1980,0
3395,2024-07-01,2024,7,July,Monday,False,27,19,cierre,Llevar,Efectivo,4500,0,718,0
3396,2024-07-01,2024,7,July,Monday,False,27,19,cierre,Llevar,Debito,2000,0,319,0
3397,2024-07-01,2024,7,July,Monday,False,27,19,cierre,Llevar,Debito,6600,0,1054,0
3398,2024-07-01,2024,7,July,Monday,False,27,19,cierre,Llevar,Debito,4800,0,766,0
3399,2024-07-01,2024,7,July,Monday,False,27,19,cierre,Llevar,Debito,7700,0,1229,0
3400,2024-07-02,2024,7,July,Tuesday,False,27,11,manana,Servir,Efectivo,2000,0,0,0
3401,2024-07-02,2024,7,July,Tuesday,False,27,11,manana,Llevar,Debito,2500,0,399,0
3402,2024-07-02,2024,7,July,Tuesday,False,27,12,manana,Llevar,Debito,7500,0,1197,0
3403,2024-07-02,2024,7,July,Tuesday,False,27,12,manana,Servir,Debito,3200,0,511,0
3404,2024-07-02,2024,7,July,Tuesday,False,27,12,manana,Llevar,Debito,3000,0,479,0
3405,2024-07-02,2024,7,July,Tuesday,False,27,12,manana,Llevar,Credito,3500,0,559,0
3406,2024-07-02,2024,7,July,Tuesday,False,27,13,almuerzo,Llevar,Debito,4000,0,639,0
3407,2024-07-02,2024,7,July,Tuesday,False,27,13,almuerzo,Llevar,Efectivo,6800,0,1086,0
3408,2024-07-02,2024,7,July,Tuesday,False,27,13,almuerzo,Llevar,Debito,2500,0,399,0
3409,2024-07-02,2024,7,July,Tuesday,False,27,13,almuerzo,Llevar,Efectivo,2000,0,319,0
3410,2024-07-02,2024,7,July,Tuesday,False,27,15,almuerzo,Llevar,Debito,2000,0,319,0
3411,2024-07-02,2024,7,July,Tuesday,False,27,15,almuerzo,Servir,Debito,12500,0,1996,1250
3412,2024-07-02,2024,7,July,Tuesday,False,27,15,almuerzo,Llevar,Debito,11200,0,1788,0
3413,2024-07-02,2024,7,July,Tuesday,False,27,15,almuerzo,Servir,Debito,15300,0,2443,0
3414,2024-07-02,2024,7,July,Tuesday,False,27,15,almuerzo,Servir,Debito,13500,0,2155,1350
3415,2024-07-02,2024,7,July,Tuesday,False,27,15,almuerzo,Servir,Debito,21500,0,3433,2150
3416,2024-07-02,2024,7,July,Tuesday,False,27,15,almuerzo,Llevar,Debito,4400,0,703,0
3417,2024-07-02,2024,7,July,Tuesday,False,27,15,almuerzo,Llevar,Edenred,4800,0,766,0
3418,2024-07-02,2024,7,July,Tuesday,False,27,16,tarde,Servir,Debito,16000,0,2555,1600
3419,2024-07-02,2024,7,July,Tuesday,False,27,16,tarde,Llevar,Debito,13100,0,2092,0
3420,2024-07-02,2024,7,July,Tuesday,False,27,16,tarde,Llevar,Debito,4200,0,671,0
3421,2024-07-02,2024,7,July,Tuesday,False,27,16,tarde,Llevar,Debito,6100,0,974,0
3422,2024-07-02,2024,7,July,Tuesday,False,27,16,tarde,Llevar,Efectivo,2000,0,319,0
3423,2024-07-02,2024,7,July,Tuesday,False,27,16,tarde,Servir,Debito,34900,0,5572,0
3424,2024-07-02,2024,7,July,Tuesday,False,27,16,tarde,Servir,Edenred,8800,0,0,0
3425,2024-07-02,2024,7,July,Tuesday,False,27,16,tarde,Servir,Edenred,8800,0,0,0
3426,2024-07-02,2024,7,July,Tuesday,False,27,16,tarde,Servir,Debito,10400,0,1661,1040
3427,2024-07-02,2024,7,July,Tuesday,False,27,16,tarde,Servir,Debito,7200,0,1150,0
3428,2024-07-02,2024,7,July,Tuesday,False,27,17,tarde,Llevar,Debito,5000,0,798,0
3429,2024-07-02,2024,7,July,Tuesday,False,27,17,tarde,Servir,Debito,6900,0,0,690
3430,2024-07-02,2024,7,July,Tuesday,False,27,17,tarde,Llevar,Debito,8000,0,1277,0
3431,2024-07-02,2024,7,July,Tuesday,False,27,17,tarde,Llevar,Debito,2000,0,319,0
3432,2024-07-02,2024,7,July,Tuesday,False,27,17,tarde,Llevar,Debito,1000,0,160,0
3433,2024-07-02,2024,7,July,Tuesday,False,27,17,tarde,Llevar,Debito,6000,0,958,0
3434,2024-07-02,2024,7,July,Tuesday,False,27,17,tarde,Llevar,Debito,3500,0,559,0
3435,2024-07-02,2024,7,July,Tuesday,False,27,17,tarde,Llevar,Debito,2800,0,0,0
3436,2024-07-02,2024,7,July,Tuesday,False,27,17,tarde,Llevar,Debito,2000,0,319,0
3437,2024-07-02,2024,7,July,Tuesday,False,27,17,tarde,Servir,Debito,15480,1720,2472,0
3438,2024-07-02,2024,7,July,Tuesday,False,27,17,tarde,Llevar,Credito,7000,0,1118,0
3439,2024-07-02,2024,7,July,Tuesday,False,27,17,tarde,Llevar,Debito,3100,0,495,0
3440,2024-07-02,2024,7,July,Tuesday,False,27,17,tarde,Servir,Debito,11200,0,1788,0
3441,2024-07-02,2024,7,July,Tuesday,False,27,17,tarde,Llevar,Debito,5800,0,926,0
3442,2024-07-02,2024,7,July,Tuesday,False,27,17,tarde,Llevar,Debito,6200,0,990,0
3443,2024-07-02,2024,7,July,Tuesday,False,27,17,tarde,Llevar,Efectivo,3000,0,479,0
3444,2024-07-02,2024,7,July,Tuesday,False,27,17,tarde,Llevar,Debito,1500,0,239,0
3445,2024-07-02,2024,7,July,Tuesday,False,27,17,tarde,Llevar,Debito,3100,0,495,0
3446,2024-07-02,2024,7,July,Tuesday,False,27,17,tarde,Llevar,Debito,8000,0,1277,0
3447,2024-07-02,2024,7,July,Tuesday,False,27,17,tarde,Servir,Debito,10100,0,1613,1010
3448,2024-07-02,2024,7,July,Tuesday,False,27,18,tarde,Servir,Debito,24200,0,3864,2420
3449,2024-07-02,2024,7,July,Tuesday,False,27,18,tarde,Llevar,Debito,4000,0,0,0
3450,2024-07-02,2024,7,July,Tuesday,False,27,18,tarde,Llevar,Debito,1500,0,239,0
3451,2024-07-02,2024,7,July,Tuesday,False,27,18,tarde,Llevar,Efectivo,3100,0,495,0
3452,2024-07-02,2024,7,July,Tuesday,False,27,18,tarde,Llevar,Efectivo,3100,0,495,0
3453,2024-07-02,2024,7,July,Tuesday,False,27,18,tarde,Llevar,Efectivo,1600,0,255,0
3454,2024-07-02,2024,7,July,Tuesday,False,27,18,tarde,Llevar,Debito,13400,0,2139,0
3455,2024-07-02,2024,7,July,Tuesday,False,27,18,tarde,Llevar,Debito,3100,0,495,0
3456,2024-07-02,2024,7,July,Tuesday,False,27,18,tarde,Servir,Transferencia,16300,0,0,0
3457,2024-07-02,2024,7,July,Tuesday,False,27,18,tarde,Llevar,Edenred,3500,0,0,0
3458,2024-07-02,2024,7,July,Tuesday,False,27,18,tarde,Llevar,Debito,10900,0,1740,0
3459,2024-07-02,2024,7,July,Tuesday,False,27,18,tarde,Servir,Debito,11800,0,1884,0
3460,2024-07-02,2024,7,July,Tuesday,False,27,18,tarde,Llevar,Debito,4800,0,766,0
3461,2024-07-02,2024,7,July,Tuesday,False,27,18,tarde,Llevar,Debito,18600,0,2970,0
3462,2024-07-02,2024,7,July,Tuesday,False,27,18,tarde,Llevar,Debito,3100,0,495,0
3463,2024-07-02,2024,7,July,Tuesday,False,27,18,tarde,Llevar,Debito,7500,0,1197,0
3464,2024-07-02,2024,7,July,Tuesday,False,27,18,tarde,Llevar,Efectivo,4500,0,718,0
3465,2024-07-02,2024,7,July,Tuesday,False,27,19,cierre,Llevar,Debito,4000,0,0,0
3466,2024-07-02,2024,7,July,Tuesday,False,27,19,cierre,Servir,Debito,9500,0,1517,950
3467,2024-07-02,2024,7,July,Tuesday,False,27,19,cierre,Llevar,Debito,3100,0,495,0
3468,2024-07-02,2024,7,July,Tuesday,False,27,19,cierre,Llevar,Debito,11600,0,1852,0
3469,2024-07-02,2024,7,July,Tuesday,False,27,19,cierre,Llevar,Efectivo,2000,0,319,0
3470,2024-07-02,2024,7,July,Tuesday,False,27,22,cierre,Servir,Transferencia,87980,0,0,0
3471,2024-07-03,2024,7,July,Wednesday,False,27,11,manana,Llevar,Debito,19600,0,3129,0
3472,2024-07-03,2024,7,July,Wednesday,False,27,11,manana,Llevar,Efectivo,1600,0,255,0
3473,2024-07-03,2024,7,July,Wednesday,False,27,12,manana,Servir,Debito,8500,0,1357,0
3474,2024-07-03,2024,7,July,Wednesday,False,27,12,manana,Servir,Debito,6000,0,958,0
3475,2024-07-03,2024,7,July,Wednesday,False,27,12,manana,Servir,Edenred,4000,0,0,0
3476,2024-07-03,2024,7,July,Wednesday,False,27,12,manana,Servir,Edenred,2000,0,319,0
3477,2024-07-03,2024,7,July,Wednesday,False,27,12,manana,Servir,Debito,2900,0,463,0
3478,2024-07-03,2024,7,July,Wednesday,False,27,12,manana,Llevar,Debito,6200,0,990,0
3479,2024-07-03,2024,7,July,Wednesday,False,27,13,almuerzo,Llevar,Debito,4800,0,766,0
3480,2024-07-03,2024,7,July,Wednesday,False,27,13,almuerzo,Llevar,Efectivo,1100,0,0,0
3481,2024-07-03,2024,7,July,Wednesday,False,27,13,almuerzo,Llevar,Debito,3000,0,479,0
3482,2024-07-03,2024,7,July,Wednesday,False,27,13,almuerzo,Llevar,Debito,2900,0,463,0
3483,2024-07-03,2024,7,July,Wednesday,False,27,13,almuerzo,Servir,Debito,2800,0,447,0
3484,2024-07-03,2024,7,July,Wednesday,False,27,14,almuerzo,Llevar,Debito,2000,0,319,0
3485,2024-07-03,2024,7,July,Wednesday,False,27,15,almuerzo,Llevar,Debito,3500,0,559,0
3486,2024-07-03,2024,7,July,Wednesday,False,27,15,almuerzo,Servir,Debito,21300,0,3401,0
3487,2024-07-03,2024,7,July,Wednesday,False,27,15,almuerzo,Servir,Debito,4000,0,639,0
3488,2024-07-03,2024,7,July,Wednesday,False,27,15,almuerzo,Servir,Debito,6600,0,1054,0
3489,2024-07-03,2024,7,July,Wednesday,False,27,15,almuerzo,Llevar,Efectivo,14700,0,2347,0
3490,2024-07-03,2024,7,July,Wednesday,False,27,16,tarde,Llevar,Efectivo,2000,0,0,0
3491,2024-07-03,2024,7,July,Wednesday,False,27,16,tarde,Llevar,Debito,3600,0,575,0
3492,2024-07-03,2024,7,July,Wednesday,False,27,16,tarde,Llevar,Debito,7500,0,1197,0
3493,2024-07-03,2024,7,July,Wednesday,False,27,16,tarde,Llevar,Efectivo,5000,0,0,0
3494,2024-07-03,2024,7,July,Wednesday,False,27,16,tarde,Servir,Debito,6400,0,1022,0
3495,2024-07-03,2024,7,July,Wednesday,False,27,16,tarde,Servir,Debito,14700,0,2347,0
3496,2024-07-03,2024,7,July,Wednesday,False,27,16,tarde,Llevar,Credito,4800,0,766,0
3497,2024-07-03,2024,7,July,Wednesday,False,27,16,tarde,Servir,Debito,19100,0,3050,0
3498,2024-07-03,2024,7,July,Wednesday,False,27,16,tarde,Llevar,Debito,8000,0,1277,0
3499,2024-07-03,2024,7,July,Wednesday,False,27,16,tarde,Servir,Debito,12000,0,1916,0
3500,2024-07-03,2024,7,July,Wednesday,False,27,16,tarde,Llevar,Debito,2000,0,319,0
3501,2024-07-03,2024,7,July,Wednesday,False,27,16,tarde,Servir,Debito,11000,0,1756,0
3502,2024-07-03,2024,7,July,Wednesday,False,27,17,tarde,Servir,Debito,10800,0,1724,0
3504,2024-07-03,2024,7,July,Wednesday,False,27,17,tarde,Llevar,Debito,5000,0,798,0
3505,2024-07-03,2024,7,July,Wednesday,False,27,17,tarde,Llevar,Debito,2000,0,319,0
3506,2024-07-03,2024,7,July,Wednesday,False,27,17,tarde,Llevar,Debito,5000,0,798,0
3507,2024-07-03,2024,7,July,Wednesday,False,27,17,tarde,Llevar,Debito,9100,0,1453,0
3508,2024-07-03,2024,7,July,Wednesday,False,27,17,tarde,Llevar,Debito,9100,0,1453,0
3509,2024-07-03,2024,7,July,Wednesday,False,27,17,tarde,Servir,Efectivo,14900,0,2379,0
3510,2024-07-03,2024,7,July,Wednesday,False,27,17,tarde,Servir,Credito,5000,500,798,0
3511,2024-07-03,2024,7,July,Wednesday,False,27,17,tarde,Llevar,Edenred,5000,0,0,0
3513,2024-07-03,2024,7,July,Wednesday,False,27,17,tarde,Servir,Credito,5800,0,926,0
3514,2024-07-03,2024,7,July,Wednesday,False,27,17,tarde,Servir,Efectivo,2800,0,447,0
3515,2024-07-03,2024,7,July,Wednesday,False,27,17,tarde,Servir,Debito,16300,0,2603,0
3516,2024-07-03,2024,7,July,Wednesday,False,27,17,tarde,Llevar,Debito,3100,0,495,0
3517,2024-07-03,2024,7,July,Wednesday,False,27,18,tarde,Servir,Debito,12200,0,1948,0
3518,2024-07-03,2024,7,July,Wednesday,False,27,18,tarde,Llevar,Efectivo,4000,0,639,0
3519,2024-07-03,2024,7,July,Wednesday,False,27,18,tarde,Llevar,Debito,5140,0,821,0
3520,2024-07-03,2024,7,July,Wednesday,False,27,18,tarde,Llevar,Debito,8900,0,0,0
3521,2024-07-03,2024,7,July,Wednesday,False,27,18,tarde,Servir,Transferencia,36000,6000,0,0
3522,2024-07-03,2024,7,July,Wednesday,False,27,18,tarde,Llevar,Debito,1400,0,224,0
3523,2024-07-03,2024,7,July,Wednesday,False,27,18,tarde,Llevar,Edenred,13500,0,2155,0
3524,2024-07-03,2024,7,July,Wednesday,False,27,18,tarde,Llevar,Debito,3000,0,479,0
3525,2024-07-03,2024,7,July,Wednesday,False,27,18,tarde,Llevar,Debito,5500,0,878,0
3526,2024-07-03,2024,7,July,Wednesday,False,27,18,tarde,Servir,Debito,18400,0,2938,0
3527,2024-07-03,2024,7,July,Wednesday,False,27,18,tarde,Servir,Debito,29500,0,4710,0
3528,2024-07-03,2024,7,July,Wednesday,False,27,18,tarde,Servir,Debito,15600,0,2491,0
3529,2024-07-03,2024,7,July,Wednesday,False,27,18,tarde,Llevar,Debito,4000,0,639,0
3530,2024-07-03,2024,7,July,Wednesday,False,27,19,cierre,Llevar,Debito,8600,0,1373,0
3531,2024-07-03,2024,7,July,Wednesday,False,27,19,cierre,Llevar,Debito,12700,0,2028,0
3532,2024-07-03,2024,7,July,Wednesday,False,27,19,cierre,Llevar,Debito,1400,0,224,0
3533,2024-07-03,2024,7,July,Wednesday,False,27,19,cierre,Llevar,Credito,3720,1,594,0
3534,2024-07-03,2024,7,July,Wednesday,False,27,19,cierre,Servir,Debito,13200,0,2108,0
3535,2024-07-03,2024,7,July,Wednesday,False,27,19,cierre,Llevar,Debito,6500,0,1038,0
3536,2024-07-03,2024,7,July,Wednesday,False,27,19,cierre,Llevar,Efectivo,5800,0,926,0
3537,2024-07-03,2024,7,July,Wednesday,False,27,19,cierre,Llevar,Debito,5200,0,830,0
3538,2024-07-03,2024,7,July,Wednesday,False,27,19,cierre,Llevar,Debito,2000,0,319,0
3539,2024-07-03,2024,7,July,Wednesday,False,27,19,cierre,Servir,Efectivo,740,0,118,0
3540,2024-07-03,2024,7,July,Wednesday,False,27,19,cierre,Servir,Debito,5000,0,798,0
3541,2024-07-03,2024,7,July,Wednesday,False,27,19,cierre,Servir,Credito,1400,0,224,0
3542,2024-07-03,2024,7,July,Wednesday,False,27,20,cierre,Llevar,Credito,6700,0,1070,0
3543,2024-07-03,2024,7,July,Wednesday,False,27,20,cierre,Llevar,Debito,2000,0,319,0
3544,2024-07-04,2024,7,July,Thursday,False,27,11,manana,Llevar,Debito,6200,0,990,0
3545,2024-07-04,2024,7,July,Thursday,False,27,11,manana,Llevar,Debito,2000,0,319,0
3546,2024-07-04,2024,7,July,Thursday,False,27,11,manana,Llevar,Debito,5400,0,862,0
3547,2024-07-04,2024,7,July,Thursday,False,27,12,manana,Llevar,Debito,6000,0,958,0
3548,2024-07-04,2024,7,July,Thursday,False,27,12,manana,Servir,Edenred,14100,0,0,0
3549,2024-07-04,2024,7,July,Thursday,False,27,12,manana,Servir,Edenred,15000,0,0,0
3550,2024-07-04,2024,7,July,Thursday,False,27,12,manana,Llevar,Efectivo,2900,0,463,0
3551,2024-07-04,2024,7,July,Thursday,False,27,12,manana,Llevar,Credito,4400,0,703,0
3552,2024-07-04,2024,7,July,Thursday,False,27,12,manana,Llevar,Debito,8300,0,1325,0
3553,2024-07-04,2024,7,July,Thursday,False,27,12,manana,Llevar,Edenred,9000,0,0,0
3554,2024-07-04,2024,7,July,Thursday,False,27,12,manana,Servir,Edenred,8500,0,0,0
3555,2024-07-04,2024,7,July,Thursday,False,27,12,manana,Llevar,Efectivo,14300,0,0,0
3556,2024-07-04,2024,7,July,Thursday,False,27,13,almuerzo,Llevar,Debito,2000,0,319,0
3557,2024-07-04,2024,7,July,Thursday,False,27,13,almuerzo,Llevar,Debito,4000,0,639,0
3558,2024-07-04,2024,7,July,Thursday,False,27,13,almuerzo,Servir,Efectivo,1500,0,0,0
3559,2024-07-04,2024,7,July,Thursday,False,27,14,almuerzo,Llevar,Debito,7500,0,1197,0
3560,2024-07-04,2024,7,July,Thursday,False,27,15,almuerzo,Servir,Efectivo,21800,0,3481,0
3561,2024-07-04,2024,7,July,Thursday,False,27,15,almuerzo,Llevar,Debito,2000,0,319,0
3562,2024-07-04,2024,7,July,Thursday,False,27,15,almuerzo,Llevar,Debito,4000,0,639,0
3563,2024-07-04,2024,7,July,Thursday,False,27,15,almuerzo,Llevar,Debito,5600,0,894,0
3564,2024-07-04,2024,7,July,Thursday,False,27,15,almuerzo,Servir,Edenred,17400,0,0,0
3565,2024-07-04,2024,7,July,Thursday,False,27,15,almuerzo,Llevar,Debito,10500,0,0,0
3566,2024-07-04,2024,7,July,Thursday,False,27,15,almuerzo,Llevar,Efectivo,2000,0,319,0
3567,2024-07-04,2024,7,July,Thursday,False,27,16,tarde,Llevar,Debito,1500,0,239,0
3568,2024-07-04,2024,7,July,Thursday,False,27,16,tarde,Servir,Debito,5000,0,798,0
3569,2024-07-04,2024,7,July,Thursday,False,27,16,tarde,Servir,Debito,14300,0,2283,0
3570,2024-07-04,2024,7,July,Thursday,False,27,16,tarde,Servir,Efectivo,10300,0,1645,0
3571,2024-07-04,2024,7,July,Thursday,False,27,17,tarde,Servir,Debito,17800,0,2842,0
3572,2024-07-04,2024,7,July,Thursday,False,27,17,tarde,Servir,Efectivo,18700,0,2986,0
3573,2024-07-04,2024,7,July,Thursday,False,27,17,tarde,Llevar,Debito,9200,0,1469,0
3574,2024-07-04,2024,7,July,Thursday,False,27,17,tarde,Llevar,Debito,5600,0,894,0
3575,2024-07-04,2024,7,July,Thursday,False,27,17,tarde,Llevar,Efectivo,1400,0,0,0
3576,2024-07-04,2024,7,July,Thursday,False,27,17,tarde,Servir,Efectivo,9000,0,1437,0
3577,2024-07-04,2024,7,July,Thursday,False,27,17,tarde,Llevar,Efectivo,2800,0,447,0
3578,2024-07-04,2024,7,July,Thursday,False,27,17,tarde,Servir,Debito,20300,0,3241,0
3579,2024-07-04,2024,7,July,Thursday,False,27,17,tarde,Llevar,Efectivo,1400,0,224,0
3580,2024-07-04,2024,7,July,Thursday,False,27,18,tarde,Llevar,Efectivo,15200,0,0,0
3581,2024-07-04,2024,7,July,Thursday,False,27,18,tarde,Llevar,Debito,5600,0,894,0
3582,2024-07-04,2024,7,July,Thursday,False,27,18,tarde,Llevar,Debito,5000,0,0,0
3583,2024-07-04,2024,7,July,Thursday,False,27,18,tarde,Llevar,Efectivo,1400,0,224,0
3584,2024-07-04,2024,7,July,Thursday,False,27,18,tarde,Llevar,Debito,5800,0,926,0
3585,2024-07-04,2024,7,July,Thursday,False,27,18,tarde,Llevar,Efectivo,2200,0,0,0
3586,2024-07-04,2024,7,July,Thursday,False,27,18,tarde,Servir,Debito,8300,0,0,0
3587,2024-07-04,2024,7,July,Thursday,False,27,18,tarde,Servir,Debito,7500,0,1197,0
3588,2024-07-04,2024,7,July,Thursday,False,27,18,tarde,Llevar,Efectivo,5200,0,0,0
3589,2024-07-04,2024,7,July,Thursday,False,27,18,tarde,Llevar,Efectivo,2000,0,319,0
3590,2024-07-04,2024,7,July,Thursday,False,27,18,tarde,Llevar,Efectivo,4000,0,639,0
3591,2024-07-04,2024,7,July,Thursday,False,27,18,tarde,Llevar,Efectivo,10000,0,0,0
3592,2024-07-04,2024,7,July,Thursday,False,27,18,tarde,Llevar,Debito,6500,0,1038,0
3593,2024-07-04,2024,7,July,Thursday,False,27,18,tarde,Llevar,Credito,5500,0,878,0
3594,2024-07-04,2024,7,July,Thursday,False,27,18,tarde,Servir,Efectivo,4000,0,639,0
3595,2024-07-04,2024,7,July,Thursday,False,27,18,tarde,Llevar,Debito,8800,0,1405,0
3596,2024-07-04,2024,7,July,Thursday,False,27,18,tarde,Llevar,Credito,4500,0,718,0
3597,2024-07-04,2024,7,July,Thursday,False,27,18,tarde,Llevar,Credito,2800,0,447,0
3598,2024-07-04,2024,7,July,Thursday,False,27,19,cierre,Llevar,Efectivo,6800,0,0,0
3599,2024-07-04,2024,7,July,Thursday,False,27,19,cierre,Llevar,Debito,13800,0,2203,0
3600,2024-07-04,2024,7,July,Thursday,False,27,19,cierre,Llevar,Debito,1300,0,208,0
3601,2024-07-04,2024,7,July,Thursday,False,27,19,cierre,Servir,Debito,19700,0,3145,0
3602,2024-07-04,2024,7,July,Thursday,False,27,19,cierre,Servir,Efectivo,10200,0,0,0
3603,2024-07-04,2024,7,July,Thursday,False,27,19,cierre,Llevar,Debito,10300,0,1645,0
3604,2024-07-04,2024,7,July,Thursday,False,27,19,cierre,Llevar,Debito,6100,0,974,0
3605,2024-07-04,2024,7,July,Thursday,False,27,19,cierre,Llevar,Debito,5000,0,798,0
3606,2024-07-04,2024,7,July,Thursday,False,27,19,cierre,Llevar,Debito,6400,0,1022,0
3607,2024-07-04,2024,7,July,Thursday,False,27,19,cierre,Llevar,Debito,1000,0,160,0
3608,2024-07-04,2024,7,July,Thursday,False,27,20,cierre,Llevar,Debito,3200,0,511,0
3609,2024-07-05,2024,7,July,Friday,False,27,11,manana,Servir,Debito,16500,0,0,0
3610,2024-07-05,2024,7,July,Friday,False,27,12,manana,Servir,Edenred,13900,0,2219,0
3611,2024-07-05,2024,7,July,Friday,False,27,12,manana,Servir,Debito,3000,0,479,0
3612,2024-07-05,2024,7,July,Friday,False,27,13,almuerzo,Servir,Efectivo,10600,0,1692,0
3613,2024-07-05,2024,7,July,Friday,False,27,13,almuerzo,Llevar,Debito,3000,0,0,0
3614,2024-07-05,2024,7,July,Friday,False,27,13,almuerzo,Llevar,Transferencia,5800,0,0,0
3615,2024-07-05,2024,7,July,Friday,False,27,13,almuerzo,Servir,Debito,6000,0,958,0
3616,2024-07-05,2024,7,July,Friday,False,27,13,almuerzo,Llevar,Debito,5500,0,878,0
3617,2024-07-05,2024,7,July,Friday,False,27,14,almuerzo,Servir,Debito,5000,0,798,0
3618,2024-07-05,2024,7,July,Friday,False,27,14,almuerzo,Llevar,Debito,5500,0,878,0
3619,2024-07-05,2024,7,July,Friday,False,27,15,almuerzo,Llevar,Debito,4000,0,639,0
3620,2024-07-05,2024,7,July,Friday,False,27,15,almuerzo,Llevar,Debito,5200,0,830,0
3621,2024-07-05,2024,7,July,Friday,False,27,15,almuerzo,Llevar,Debito,10600,0,1692,0
3622,2024-07-05,2024,7,July,Friday,False,27,15,almuerzo,Llevar,Debito,2800,0,447,0
3623,2024-07-05,2024,7,July,Friday,False,27,15,almuerzo,Servir,Debito,6700,0,1070,0
3624,2024-07-05,2024,7,July,Friday,False,27,15,almuerzo,Llevar,Debito,2200,0,351,0
3625,2024-07-05,2024,7,July,Friday,False,27,15,almuerzo,Servir,Efectivo,10500,0,0,0
3626,2024-07-05,2024,7,July,Friday,False,27,15,almuerzo,Servir,Debito,9400,0,1501,0
3627,2024-07-05,2024,7,July,Friday,False,27,15,almuerzo,Servir,Efectivo,10000,0,0,0
3628,2024-07-05,2024,7,July,Friday,False,27,15,almuerzo,Servir,Credito,29800,0,4758,0
3629,2024-07-05,2024,7,July,Friday,False,27,15,almuerzo,Llevar,Debito,10500,0,1676,0
3630,2024-07-05,2024,7,July,Friday,False,27,16,tarde,Llevar,Efectivo,4000,0,639,0
3631,2024-07-05,2024,7,July,Friday,False,27,16,tarde,Servir,Credito,14700,0,2347,0
3632,2024-07-05,2024,7,July,Friday,False,27,16,tarde,Servir,Debito,8400,0,1341,0
3633,2024-07-05,2024,7,July,Friday,False,27,16,tarde,Llevar,Debito,4000,0,639,0
3634,2024-07-05,2024,7,July,Friday,False,27,16,tarde,Llevar,Credito,5000,0,798,0
3635,2024-07-05,2024,7,July,Friday,False,27,16,tarde,Servir,Debito,3000,0,479,0
3636,2024-07-05,2024,7,July,Friday,False,27,16,tarde,Llevar,Edenred,4000,0,0,0
3637,2024-07-05,2024,7,July,Friday,False,27,16,tarde,Llevar,Debito,5500,0,878,0
3638,2024-07-05,2024,7,July,Friday,False,27,16,tarde,Servir,Debito,16000,0,2555,0
3639,2024-07-05,2024,7,July,Friday,False,27,16,tarde,Servir,Efectivo,2000,0,319,0
3640,2024-07-05,2024,7,July,Friday,False,27,16,tarde,Servir,Debito,3000,0,479,0
3641,2024-07-05,2024,7,July,Friday,False,27,16,tarde,Servir,Debito,2500,0,399,0
3642,2024-07-05,2024,7,July,Friday,False,27,17,tarde,Servir,Debito,16400,0,2618,0
3643,2024-07-05,2024,7,July,Friday,False,27,17,tarde,Servir,Debito,28800,2000,4598,0
3644,2024-07-05,2024,7,July,Friday,False,27,17,tarde,Llevar,Debito,9600,0,1533,0
3645,2024-07-05,2024,7,July,Friday,False,27,17,tarde,Llevar,Debito,7000,0,1118,0
3647,2024-07-05,2024,7,July,Friday,False,27,17,tarde,Llevar,Debito,4000,0,639,0
3648,2024-07-05,2024,7,July,Friday,False,27,17,tarde,Llevar,Debito,3000,0,479,0
3649,2024-07-05,2024,7,July,Friday,False,27,17,tarde,Servir,Debito,14200,0,2267,0
3650,2024-07-05,2024,7,July,Friday,False,27,17,tarde,Servir,Debito,21600,0,3449,0
3651,2024-07-05,2024,7,July,Friday,False,27,17,tarde,Llevar,Debito,9200,0,1469,0
3652,2024-07-05,2024,7,July,Friday,False,27,17,tarde,Servir,Debito,7500,0,1197,0
3653,2024-07-05,2024,7,July,Friday,False,27,17,tarde,Llevar,Debito,4200,0,671,0
3654,2024-07-05,2024,7,July,Friday,False,27,17,tarde,Servir,Debito,16700,0,2666,0
3655,2024-07-05,2024,7,July,Friday,False,27,17,tarde,Llevar,Debito,7800,0,1245,0
3656,2024-07-05,2024,7,July,Friday,False,27,18,tarde,Servir,Debito,20200,0,3225,0
3657,2024-07-05,2024,7,July,Friday,False,27,18,tarde,Llevar,Debito,3100,0,495,0
3658,2024-07-05,2024,7,July,Friday,False,27,18,tarde,Llevar,Debito,8000,0,1277,0
3659,2024-07-05,2024,7,July,Friday,False,27,18,tarde,Llevar,Credito,4600,0,734,0
3660,2024-07-05,2024,7,July,Friday,False,27,18,tarde,Servir,Debito,11760,2940,1878,0
3661,2024-07-05,2024,7,July,Friday,False,27,18,tarde,Llevar,Efectivo,6000,0,958,0
3662,2024-07-05,2024,7,July,Friday,False,27,18,tarde,Servir,Debito,26400,0,4215,0
3663,2024-07-05,2024,7,July,Friday,False,27,18,tarde,Llevar,Debito,4800,0,766,0
3664,2024-07-05,2024,7,July,Friday,False,27,19,cierre,Llevar,Debito,8900,0,1421,0
3665,2024-07-05,2024,7,July,Friday,False,27,19,cierre,Servir,Debito,12800,0,2044,0
3666,2024-07-05,2024,7,July,Friday,False,27,19,cierre,Llevar,Debito,7800,0,1245,0
3667,2024-07-05,2024,7,July,Friday,False,27,19,cierre,Llevar,Debito,5000,0,798,0
3668,2024-07-05,2024,7,July,Friday,False,27,19,cierre,Servir,Debito,10000,0,1597,0
3669,2024-07-05,2024,7,July,Friday,False,27,19,cierre,Servir,Efectivo,4200,0,0,0
3670,2024-07-05,2024,7,July,Friday,False,27,19,cierre,Llevar,Credito,2340,0,374,0
3671,2024-07-05,2024,7,July,Friday,False,27,19,cierre,Llevar,Credito,2780,0,444,0
3672,2024-07-05,2024,7,July,Friday,False,27,19,cierre,Llevar,Debito,4400,0,703,0
3673,2024-07-05,2024,7,July,Friday,False,27,20,cierre,Llevar,Debito,13500,0,0,0
3674,2024-07-05,2024,7,July,Friday,False,27,20,cierre,Llevar,Debito,4490,0,717,0
3675,2024-07-05,2024,7,July,Friday,False,27,20,cierre,Llevar,Debito,13100,0,0,0
3676,2024-07-05,2024,7,July,Friday,False,27,20,cierre,Llevar,Credito,2000,0,319,0
3677,2024-07-06,2024,7,July,Saturday,True,27,12,manana,Llevar,Debito,4500,0,718,0
3678,2024-07-06,2024,7,July,Saturday,True,27,12,manana,Llevar,Debito,11200,0,1788,0
3679,2024-07-06,2024,7,July,Saturday,True,27,12,manana,Servir,Debito,12100,0,1932,0
3680,2024-07-06,2024,7,July,Saturday,True,27,12,manana,Servir,Debito,14400,0,2299,0
3681,2024-07-06,2024,7,July,Saturday,True,27,12,manana,Llevar,Debito,3600,0,575,0
3682,2024-07-06,2024,7,July,Saturday,True,27,13,almuerzo,Llevar,Credito,5100,0,814,0
3683,2024-07-06,2024,7,July,Saturday,True,27,13,almuerzo,Llevar,Debito,4500,0,718,0
3684,2024-07-06,2024,7,July,Saturday,True,27,13,almuerzo,Servir,Debito,15700,0,2507,0
3685,2024-07-06,2024,7,July,Saturday,True,27,13,almuerzo,Llevar,Debito,2200,0,351,0
3686,2024-07-06,2024,7,July,Saturday,True,27,13,almuerzo,Llevar,Debito,5100,0,814,0
3687,2024-07-06,2024,7,July,Saturday,True,27,13,almuerzo,Llevar,Debito,10300,0,1645,0
3688,2024-07-06,2024,7,July,Saturday,True,27,14,almuerzo,Servir,Debito,13200,0,2108,0
3689,2024-07-06,2024,7,July,Saturday,True,27,14,almuerzo,Servir,Debito,10500,0,1676,0
3690,2024-07-06,2024,7,July,Saturday,True,27,14,almuerzo,Llevar,Debito,3000,0,479,0
3691,2024-07-06,2024,7,July,Saturday,True,27,14,almuerzo,Servir,Efectivo,26800,0,4279,0
3692,2024-07-06,2024,7,July,Saturday,True,27,14,almuerzo,Llevar,Debito,5500,0,878,0
3693,2024-07-06,2024,7,July,Saturday,True,27,15,almuerzo,Llevar,Debito,3500,0,559,0
3694,2024-07-06,2024,7,July,Saturday,True,27,15,almuerzo,Servir,Debito,14800,0,2363,0
3695,2024-07-06,2024,7,July,Saturday,True,27,15,almuerzo,Servir,Efectivo,21300,0,3401,0
3696,2024-07-06,2024,7,July,Saturday,True,27,15,almuerzo,Llevar,Debito,5100,0,814,0
3697,2024-07-06,2024,7,July,Saturday,True,27,16,tarde,Servir,Efectivo,23100,0,0,0
3698,2024-07-06,2024,7,July,Saturday,True,27,16,tarde,Llevar,Debito,5600,0,894,0
3699,2024-07-06,2024,7,July,Saturday,True,27,16,tarde,Llevar,Credito,8800,0,1405,0
3700,2024-07-06,2024,7,July,Saturday,True,27,16,tarde,Servir,Debito,27400,0,4375,0
3701,2024-07-06,2024,7,July,Saturday,True,27,16,tarde,Servir,Debito,11800,0,1884,0
3702,2024-07-06,2024,7,July,Saturday,True,27,16,tarde,Llevar,Edenred,15400,0,2459,0
3703,2024-07-06,2024,7,July,Saturday,True,27,16,tarde,Llevar,Debito,4800,0,766,0
3704,2024-07-06,2024,7,July,Saturday,True,27,16,tarde,Servir,Debito,4000,0,639,0
3705,2024-07-06,2024,7,July,Saturday,True,27,17,tarde,Servir,Efectivo,10800,0,0,0
3706,2024-07-06,2024,7,July,Saturday,True,27,17,tarde,Llevar,Debito,10600,0,1692,0
3707,2024-07-06,2024,7,July,Saturday,True,27,17,tarde,Servir,Debito,15200,0,2427,0
3708,2024-07-06,2024,7,July,Saturday,True,27,17,tarde,Llevar,Debito,4100,0,655,0
3709,2024-07-06,2024,7,July,Saturday,True,27,17,tarde,Llevar,Debito,5000,0,798,0
3711,2024-07-06,2024,7,July,Saturday,True,27,17,tarde,Servir,Debito,8500,0,1357,0
3712,2024-07-06,2024,7,July,Saturday,True,27,17,tarde,Llevar,Debito,6700,0,1070,0
3713,2024-07-06,2024,7,July,Saturday,True,27,17,tarde,Servir,Edenred,10900,0,0,0
3714,2024-07-06,2024,7,July,Saturday,True,27,17,tarde,Llevar,Debito,2000,0,319,0
3715,2024-07-06,2024,7,July,Saturday,True,27,17,tarde,Servir,Debito,12300,0,1964,0
3716,2024-07-06,2024,7,July,Saturday,True,27,18,tarde,Servir,Debito,16900,0,2698,0
3717,2024-07-06,2024,7,July,Saturday,True,27,18,tarde,Llevar,Efectivo,3500,0,559,0
3718,2024-07-06,2024,7,July,Saturday,True,27,19,cierre,Llevar,Efectivo,5000,0,798,0
3719,2024-07-06,2024,7,July,Saturday,True,27,19,cierre,Servir,Credito,9600,0,1533,0
3720,2024-07-06,2024,7,July,Saturday,True,27,19,cierre,Servir,Debito,11700,0,1868,0
3721,2024-07-07,2024,7,July,Sunday,True,27,12,manana,Llevar,Debito,2900,0,463,0
3722,2024-07-07,2024,7,July,Sunday,True,27,12,manana,Servir,Debito,14200,0,2267,0
3723,2024-07-07,2024,7,July,Sunday,True,27,12,manana,Llevar,Debito,5000,0,798,0
3724,2024-07-07,2024,7,July,Sunday,True,27,14,almuerzo,Servir,Efectivo,12500,0,1996,1250
3725,2024-07-07,2024,7,July,Sunday,True,27,14,almuerzo,Llevar,Debito,6800,0,1086,0
3726,2024-07-07,2024,7,July,Sunday,True,27,15,almuerzo,Llevar,Debito,2700,0,431,0
3727,2024-07-07,2024,7,July,Sunday,True,27,15,almuerzo,Llevar,Debito,5500,0,878,0
3728,2024-07-07,2024,7,July,Sunday,True,27,15,almuerzo,Servir,Efectivo,15200,0,0,0
3729,2024-07-07,2024,7,July,Sunday,True,27,16,tarde,Llevar,Debito,1500,0,239,0
3730,2024-07-07,2024,7,July,Sunday,True,27,16,tarde,Llevar,Efectivo,1600,0,255,0
3731,2024-07-07,2024,7,July,Sunday,True,27,16,tarde,Servir,Debito,12000,0,1916,0
3732,2024-07-07,2024,7,July,Sunday,True,27,16,tarde,Llevar,Debito,17300,0,2762,0
3733,2024-07-07,2024,7,July,Sunday,True,27,16,tarde,Servir,Efectivo,16100,0,0,1610
3734,2024-07-07,2024,7,July,Sunday,True,27,17,tarde,Servir,Debito,10300,0,1645,0
3735,2024-07-07,2024,7,July,Sunday,True,27,17,tarde,Servir,Debito,15100,0,2411,0
3736,2024-07-07,2024,7,July,Sunday,True,27,17,tarde,Llevar,Credito,2500,0,399,0
3737,2024-07-07,2024,7,July,Sunday,True,27,18,tarde,Llevar,Credito,5800,0,926,0
3738,2024-07-07,2024,7,July,Sunday,True,27,18,tarde,Llevar,Efectivo,2000,0,319,0
3739,2024-07-07,2024,7,July,Sunday,True,27,18,tarde,Llevar,Debito,5700,0,910,0
3740,2024-07-07,2024,7,July,Sunday,True,27,18,tarde,Llevar,Debito,4400,0,703,0
3741,2024-07-07,2024,7,July,Sunday,True,27,18,tarde,Servir,Debito,5000,0,798,0
3742,2024-07-07,2024,7,July,Sunday,True,27,19,cierre,Llevar,Debito,19300,0,3082,0
3743,2024-07-07,2024,7,July,Sunday,True,27,21,cierre,Llevar,Transferencia,36000,6000,0,0
3744,2024-07-08,2024,7,July,Monday,False,28,11,manana,Llevar,Debito,3000,0,479,0
3745,2024-07-08,2024,7,July,Monday,False,28,12,manana,Llevar,Debito,5100,0,814,0
3746,2024-07-08,2024,7,July,Monday,False,28,13,almuerzo,Servir,Debito,9500,0,1517,0
3747,2024-07-08,2024,7,July,Monday,False,28,13,almuerzo,Llevar,Debito,4000,0,639,0
3748,2024-07-08,2024,7,July,Monday,False,28,13,almuerzo,Servir,Debito,18600,0,2970,0
3749,2024-07-08,2024,7,July,Monday,False,28,13,almuerzo,Llevar,Debito,9200,0,1469,0
3750,2024-07-08,2024,7,July,Monday,False,28,14,almuerzo,Llevar,Debito,2900,0,463,0
3751,2024-07-08,2024,7,July,Monday,False,28,14,almuerzo,Servir,Efectivo,2700,0,431,0
3752,2024-07-08,2024,7,July,Monday,False,28,14,almuerzo,Llevar,Debito,5600,0,894,0
3753,2024-07-08,2024,7,July,Monday,False,28,14,almuerzo,Servir,Debito,6800,0,1086,0
3754,2024-07-08,2024,7,July,Monday,False,28,14,almuerzo,Servir,Efectivo,2000,0,319,0
3755,2024-07-08,2024,7,July,Monday,False,28,14,almuerzo,Delivery,Transferencia,17945,0,0,0
3756,2024-07-08,2024,7,July,Monday,False,28,15,almuerzo,Llevar,Edenred,4200,0,0,0
3757,2024-07-08,2024,7,July,Monday,False,28,15,almuerzo,Llevar,Edenred,2900,0,0,0
3758,2024-07-08,2024,7,July,Monday,False,28,15,almuerzo,Llevar,Debito,4800,0,0,0
3759,2024-07-08,2024,7,July,Monday,False,28,15,almuerzo,Servir,Edenred,4800,0,0,0
3760,2024-07-08,2024,7,July,Monday,False,28,15,almuerzo,Llevar,Edenred,3800,0,0,0
3761,2024-07-08,2024,7,July,Monday,False,28,15,almuerzo,Llevar,Edenred,2000,0,0,0
3762,2024-07-08,2024,7,July,Monday,False,28,15,almuerzo,Llevar,Debito,2900,0,463,0
3763,2024-07-08,2024,7,July,Monday,False,28,15,almuerzo,Llevar,Debito,2000,0,319,0
3764,2024-07-08,2024,7,July,Monday,False,28,15,almuerzo,Servir,Edenred,7900,0,0,0
3765,2024-07-08,2024,7,July,Monday,False,28,15,almuerzo,Servir,Edenred,5900,0,0,0
3766,2024-07-08,2024,7,July,Monday,False,28,15,almuerzo,Llevar,Debito,3100,0,495,0
3767,2024-07-08,2024,7,July,Monday,False,28,16,tarde,Servir,Debito,16700,0,2666,0
3768,2024-07-08,2024,7,July,Monday,False,28,16,tarde,Llevar,Debito,5400,0,862,0
3769,2024-07-08,2024,7,July,Monday,False,28,16,tarde,Llevar,Edenred,1400,0,0,0
3770,2024-07-08,2024,7,July,Monday,False,28,16,tarde,Llevar,Credito,11000,0,0,0
3771,2024-07-08,2024,7,July,Monday,False,28,16,tarde,Llevar,Debito,2500,0,399,0
3772,2024-07-08,2024,7,July,Monday,False,28,16,tarde,Llevar,Debito,2631,0,0,0
3773,2024-07-08,2024,7,July,Monday,False,28,16,tarde,Llevar,Debito,6300,0,1006,0
3774,2024-07-08,2024,7,July,Monday,False,28,16,tarde,Llevar,Debito,2800,0,447,0
3775,2024-07-08,2024,7,July,Monday,False,28,16,tarde,Servir,Debito,5500,0,878,0
3776,2024-07-08,2024,7,July,Monday,False,28,16,tarde,Servir,Debito,3500,0,559,0
3777,2024-07-08,2024,7,July,Monday,False,28,17,tarde,Llevar,Debito,3836,0,0,0
3778,2024-07-08,2024,7,July,Monday,False,28,17,tarde,Llevar,Debito,1500,0,239,0
3779,2024-07-08,2024,7,July,Monday,False,28,17,tarde,Llevar,Credito,4800,0,766,0
3780,2024-07-08,2024,7,July,Monday,False,28,17,tarde,Llevar,Debito,11200,0,1788,0
3781,2024-07-08,2024,7,July,Monday,False,28,17,tarde,Llevar,Efectivo,10800,0,1724,0
3782,2024-07-08,2024,7,July,Monday,False,28,17,tarde,Llevar,Debito,4800,0,766,0
3783,2024-07-08,2024,7,July,Monday,False,28,17,tarde,Llevar,Debito,3100,0,495,0
3784,2024-07-08,2024,7,July,Monday,False,28,17,tarde,Servir,Credito,6400,0,1022,0
3785,2024-07-08,2024,7,July,Monday,False,28,17,tarde,Llevar,Credito,4300,0,687,0
3786,2024-07-08,2024,7,July,Monday,False,28,17,tarde,Servir,Debito,11700,0,1868,0
3787,2024-07-08,2024,7,July,Monday,False,28,17,tarde,Llevar,Debito,10600,0,1692,0
3788,2024-07-08,2024,7,July,Monday,False,28,17,tarde,Llevar,Debito,1400,0,224,0
3789,2024-07-08,2024,7,July,Monday,False,28,17,tarde,Servir,Debito,11900,0,1900,0
3790,2024-07-08,2024,7,July,Monday,False,28,18,tarde,Llevar,Efectivo,3100,0,0,0
3791,2024-07-08,2024,7,July,Monday,False,28,18,tarde,Llevar,Debito,4000,0,639,0
3792,2024-07-08,2024,7,July,Monday,False,28,18,tarde,Servir,Debito,13800,0,2203,0
3793,2024-07-08,2024,7,July,Monday,False,28,18,tarde,Llevar,Debito,19100,0,3050,0
3794,2024-07-08,2024,7,July,Monday,False,28,18,tarde,Llevar,Debito,5000,0,798,0
3795,2024-07-08,2024,7,July,Monday,False,28,18,tarde,Llevar,Debito,9200,0,1469,0
3796,2024-07-08,2024,7,July,Monday,False,28,18,tarde,Servir,Debito,5000,0,798,0
3797,2024-07-08,2024,7,July,Monday,False,28,18,tarde,Llevar,Efectivo,3400,0,543,0
3798,2024-07-08,2024,7,July,Monday,False,28,18,tarde,Llevar,Edenred,4900,0,0,0
3799,2024-07-08,2024,7,July,Monday,False,28,19,cierre,Llevar,Credito,2000,0,319,0
3800,2024-07-08,2024,7,July,Monday,False,28,19,cierre,Llevar,Debito,5000,0,798,0
3801,2024-07-08,2024,7,July,Monday,False,28,19,cierre,Llevar,Debito,7000,0,1118,0
3802,2024-07-08,2024,7,July,Monday,False,28,19,cierre,Llevar,Debito,3100,0,495,0
3803,2024-07-08,2024,7,July,Monday,False,28,19,cierre,Llevar,Debito,3400,0,543,0
3804,2024-07-09,2024,7,July,Tuesday,False,28,12,manana,Llevar,Efectivo,7800,0,0,0
3805,2024-07-09,2024,7,July,Tuesday,False,28,12,manana,Servir,Credito,7600,0,1213,0
3806,2024-07-09,2024,7,July,Tuesday,False,28,12,manana,Llevar,Debito,7500,0,1197,0
3807,2024-07-09,2024,7,July,Tuesday,False,28,12,manana,Llevar,Debito,5500,0,878,0
3808,2024-07-09,2024,7,July,Tuesday,False,28,12,manana,Llevar,Credito,9000,0,1437,0
3809,2024-07-09,2024,7,July,Tuesday,False,28,14,almuerzo,Llevar,Credito,9000,0,1437,0
3810,2024-07-09,2024,7,July,Tuesday,False,28,14,almuerzo,Llevar,Transferencia,104560,0,0,0
3811,2024-07-09,2024,7,July,Tuesday,False,28,14,almuerzo,Llevar,Debito,2500,0,399,0
3812,2024-07-09,2024,7,July,Tuesday,False,28,15,almuerzo,Llevar,Credito,2500,0,399,0
3813,2024-07-09,2024,7,July,Tuesday,False,28,15,almuerzo,Llevar,Debito,3500,0,559,0
3814,2024-07-09,2024,7,July,Tuesday,False,28,15,almuerzo,Llevar,Debito,1500,0,239,0
3815,2024-07-09,2024,7,July,Tuesday,False,28,15,almuerzo,Llevar,Efectivo,1500,0,239,0
3816,2024-07-09,2024,7,July,Tuesday,False,28,15,almuerzo,Servir,Debito,13600,0,0,0
3817,2024-07-09,2024,7,July,Tuesday,False,28,16,tarde,Llevar,Efectivo,1500,0,239,0
3818,2024-07-09,2024,7,July,Tuesday,False,28,16,tarde,Llevar,Efectivo,8900,0,1421,0
3819,2024-07-09,2024,7,July,Tuesday,False,28,16,tarde,Llevar,Efectivo,2800,0,447,0
3820,2024-07-09,2024,7,July,Tuesday,False,28,16,tarde,Llevar,Debito,5900,0,942,0
3821,2024-07-09,2024,7,July,Tuesday,False,28,16,tarde,Llevar,Debito,3000,0,479,0
3822,2024-07-09,2024,7,July,Tuesday,False,28,16,tarde,Servir,Debito,6000,0,0,0
3823,2024-07-09,2024,7,July,Tuesday,False,28,16,tarde,Llevar,Debito,7600,0,1213,0
3824,2024-07-09,2024,7,July,Tuesday,False,28,16,tarde,Servir,Debito,2800,0,447,0
3825,2024-07-09,2024,7,July,Tuesday,False,28,16,tarde,Llevar,Credito,7800,0,1245,0
3826,2024-07-09,2024,7,July,Tuesday,False,28,16,tarde,Llevar,Debito,1400,0,0,0
3827,2024-07-09,2024,7,July,Tuesday,False,28,17,tarde,Llevar,Edenred,7500,0,0,0
3828,2024-07-09,2024,7,July,Tuesday,False,28,17,tarde,Llevar,Debito,1500,0,239,0
3829,2024-07-09,2024,7,July,Tuesday,False,28,17,tarde,Llevar,Debito,5200,0,830,0
3830,2024-07-09,2024,7,July,Tuesday,False,28,17,tarde,Llevar,Efectivo,3000,0,479,0
3831,2024-07-09,2024,7,July,Tuesday,False,28,17,tarde,Llevar,Debito,1500,0,0,0
3832,2024-07-09,2024,7,July,Tuesday,False,28,17,tarde,Llevar,Debito,500,0,80,0
3833,2024-07-09,2024,7,July,Tuesday,False,28,17,tarde,Servir,Debito,9800,0,1565,0
3834,2024-07-09,2024,7,July,Tuesday,False,28,17,tarde,Llevar,Debito,3500,0,559,0
3835,2024-07-09,2024,7,July,Tuesday,False,28,17,tarde,Llevar,Debito,3500,0,559,0
3836,2024-07-09,2024,7,July,Tuesday,False,28,17,tarde,Servir,Debito,13200,0,2108,0
3837,2024-07-09,2024,7,July,Tuesday,False,28,17,tarde,Llevar,Debito,2900,0,0,0
3838,2024-07-09,2024,7,July,Tuesday,False,28,17,tarde,Servir,Credito,10000,0,1597,0
3839,2024-07-09,2024,7,July,Tuesday,False,28,17,tarde,Servir,Efectivo,13300,0,2124,0
3840,2024-07-09,2024,7,July,Tuesday,False,28,17,tarde,Llevar,Debito,4000,0,639,0
3841,2024-07-09,2024,7,July,Tuesday,False,28,18,tarde,Servir,Debito,9100,0,1453,0
3842,2024-07-09,2024,7,July,Tuesday,False,28,18,tarde,Llevar,Debito,4100,0,0,0
3843,2024-07-09,2024,7,July,Tuesday,False,28,18,tarde,Llevar,Debito,4000,0,639,0
3844,2024-07-09,2024,7,July,Tuesday,False,28,18,tarde,Llevar,Credito,2000,0,0,0
3845,2024-07-09,2024,7,July,Tuesday,False,28,18,tarde,Llevar,Debito,4500,0,718,0
3846,2024-07-09,2024,7,July,Tuesday,False,28,18,tarde,Llevar,Debito,3400,0,543,0
3847,2024-07-09,2024,7,July,Tuesday,False,28,18,tarde,Llevar,Debito,4000,0,639,0
3848,2024-07-09,2024,7,July,Tuesday,False,28,18,tarde,Llevar,Credito,2800,0,447,0
3849,2024-07-09,2024,7,July,Tuesday,False,28,18,tarde,Llevar,Debito,6500,0,0,0
3850,2024-07-09,2024,7,July,Tuesday,False,28,18,tarde,Llevar,Debito,1400,0,0,0
3851,2024-07-09,2024,7,July,Tuesday,False,28,19,cierre,Servir,Debito,9400,0,1501,0
3852,2024-07-09,2024,7,July,Tuesday,False,28,19,cierre,Llevar,Debito,1400,0,224,0
3853,2024-07-09,2024,7,July,Tuesday,False,28,19,cierre,Llevar,Debito,1500,0,0,0
3854,2024-07-09,2024,7,July,Tuesday,False,28,19,cierre,Llevar,Debito,3500,0,559,0
3855,2024-07-09,2024,7,July,Tuesday,False,28,19,cierre,Servir,Debito,3800,0,0,0
3856,2024-07-09,2024,7,July,Tuesday,False,28,19,cierre,Llevar,Efectivo,3800,0,607,0
3857,2024-07-09,2024,7,July,Tuesday,False,28,19,cierre,Llevar,Debito,4600,0,734,0
3858,2024-07-09,2024,7,July,Tuesday,False,28,19,cierre,Llevar,Debito,3000,0,0,0
3859,2024-07-10,2024,7,July,Wednesday,False,28,12,manana,Llevar,Efectivo,8600,0,0,0
3860,2024-07-10,2024,7,July,Wednesday,False,28,12,manana,Llevar,Debito,5000,0,798,0
3861,2024-07-10,2024,7,July,Wednesday,False,28,12,manana,Llevar,Efectivo,2000,0,319,0
3862,2024-07-10,2024,7,July,Wednesday,False,28,12,manana,Llevar,Debito,4200,0,671,0
3863,2024-07-10,2024,7,July,Wednesday,False,28,12,manana,Llevar,Debito,2000,0,319,0
3864,2024-07-10,2024,7,July,Wednesday,False,28,12,manana,Llevar,Credito,14600,0,2331,0
3865,2024-07-10,2024,7,July,Wednesday,False,28,12,manana,Servir,Efectivo,6000,0,958,0
3866,2024-07-10,2024,7,July,Wednesday,False,28,12,manana,Servir,Edenred,7000,0,0,0
3867,2024-07-10,2024,7,July,Wednesday,False,28,12,manana,Servir,Edenred,5500,0,0,0
3868,2024-07-10,2024,7,July,Wednesday,False,28,13,almuerzo,Llevar,Debito,11800,0,1884,0
3869,2024-07-10,2024,7,July,Wednesday,False,28,13,almuerzo,Servir,Debito,12500,0,1996,0
3870,2024-07-10,2024,7,July,Wednesday,False,28,13,almuerzo,Servir,Edenred,3200,0,0,0
3871,2024-07-10,2024,7,July,Wednesday,False,28,13,almuerzo,Llevar,Debito,2800,0,447,0
3872,2024-07-10,2024,7,July,Wednesday,False,28,13,almuerzo,Llevar,Credito,9600,0,1533,0
3873,2024-07-10,2024,7,July,Wednesday,False,28,15,almuerzo,Llevar,Debito,4500,0,718,0
3874,2024-07-10,2024,7,July,Wednesday,False,28,15,almuerzo,Llevar,Efectivo,4600,0,734,0
3875,2024-07-10,2024,7,July,Wednesday,False,28,15,almuerzo,Servir,Efectivo,3500,0,0,0
3876,2024-07-10,2024,7,July,Wednesday,False,28,15,almuerzo,Llevar,Debito,3700,0,591,0
3877,2024-07-10,2024,7,July,Wednesday,False,28,16,tarde,Servir,Debito,11200,0,1788,0
3878,2024-07-10,2024,7,July,Wednesday,False,28,16,tarde,Llevar,Debito,3200,0,511,0
3879,2024-07-10,2024,7,July,Wednesday,False,28,16,tarde,Servir,Debito,11500,0,1836,0
3880,2024-07-10,2024,7,July,Wednesday,False,28,16,tarde,Llevar,Efectivo,1510,0,241,0
3881,2024-07-10,2024,7,July,Wednesday,False,28,16,tarde,Llevar,Efectivo,4000,0,639,0
3882,2024-07-10,2024,7,July,Wednesday,False,28,16,tarde,Llevar,Debito,5800,0,0,0
3883,2024-07-10,2024,7,July,Wednesday,False,28,16,tarde,Llevar,Debito,2000,0,319,0
3884,2024-07-10,2024,7,July,Wednesday,False,28,16,tarde,Servir,Debito,20399,10,0,0
3885,2024-07-10,2024,7,July,Wednesday,False,28,17,tarde,Llevar,Debito,3000,0,479,0
3886,2024-07-10,2024,7,July,Wednesday,False,28,17,tarde,Servir,Debito,4700,0,750,0
3887,2024-07-10,2024,7,July,Wednesday,False,28,17,tarde,Servir,Debito,5900,0,942,0
3888,2024-07-10,2024,7,July,Wednesday,False,28,17,tarde,Servir,Credito,9200,0,1469,0
3889,2024-07-10,2024,7,July,Wednesday,False,28,17,tarde,Llevar,Efectivo,2000,0,0,0
3890,2024-07-10,2024,7,July,Wednesday,False,28,17,tarde,Servir,Debito,12700,0,2028,0
3891,2024-07-10,2024,7,July,Wednesday,False,28,17,tarde,Llevar,Debito,1500,0,239,0
3892,2024-07-10,2024,7,July,Wednesday,False,28,17,tarde,Servir,Debito,3100,0,495,0
3893,2024-07-10,2024,7,July,Wednesday,False,28,17,tarde,Llevar,Debito,3100,0,495,0
3894,2024-07-10,2024,7,July,Wednesday,False,28,17,tarde,Llevar,Credito,6000,0,958,0
3895,2024-07-10,2024,7,July,Wednesday,False,28,17,tarde,Llevar,Debito,8400,0,1341,0
3896,2024-07-10,2024,7,July,Wednesday,False,28,17,tarde,Llevar,Debito,7000,0,1118,0
3898,2024-07-10,2024,7,July,Wednesday,False,28,17,tarde,Servir,Debito,9500,0,1517,0
3899,2024-07-10,2024,7,July,Wednesday,False,28,17,tarde,Servir,Debito,10300,0,1645,0
3900,2024-07-10,2024,7,July,Wednesday,False,28,18,tarde,Servir,Efectivo,12700,0,0,0
3901,2024-07-10,2024,7,July,Wednesday,False,28,18,tarde,Servir,Debito,8000,0,1277,0
3902,2024-07-10,2024,7,July,Wednesday,False,28,18,tarde,Llevar,Debito,4500,0,718,0
3903,2024-07-10,2024,7,July,Wednesday,False,28,18,tarde,Servir,Efectivo,8400,0,1341,0
3904,2024-07-10,2024,7,July,Wednesday,False,28,18,tarde,Servir,Edenred,9700,0,0,0
3905,2024-07-10,2024,7,July,Wednesday,False,28,18,tarde,Llevar,Debito,5600,0,894,0
3906,2024-07-10,2024,7,July,Wednesday,False,28,18,tarde,Servir,Debito,10000,0,1597,0
3907,2024-07-10,2024,7,July,Wednesday,False,28,18,tarde,Llevar,Debito,3000,0,479,0
3908,2024-07-10,2024,7,July,Wednesday,False,28,18,tarde,Servir,Debito,15400,0,2459,0
3909,2024-07-10,2024,7,July,Wednesday,False,28,18,tarde,Servir,Debito,9200,0,1469,0
3910,2024-07-10,2024,7,July,Wednesday,False,28,19,cierre,Servir,Debito,4700,0,750,0
3911,2024-07-10,2024,7,July,Wednesday,False,28,19,cierre,Llevar,Edenred,4700,0,0,0
3912,2024-07-10,2024,7,July,Wednesday,False,28,19,cierre,Llevar,Debito,3100,0,495,0
3913,2024-07-10,2024,7,July,Wednesday,False,28,19,cierre,Llevar,Debito,3000,0,479,0
3914,2024-07-10,2024,7,July,Wednesday,False,28,19,cierre,Llevar,Debito,4770,1,0,0
3915,2024-07-10,2024,7,July,Wednesday,False,28,19,cierre,Llevar,Debito,1000,0,0,0
3916,2024-07-10,2024,7,July,Wednesday,False,28,19,cierre,Llevar,Debito,3200,0,511,0
3917,2024-07-11,2024,7,July,Thursday,False,28,11,manana,Servir,Debito,4000,0,639,0
3918,2024-07-11,2024,7,July,Thursday,False,28,12,manana,Llevar,Debito,5000,0,798,0
3919,2024-07-11,2024,7,July,Thursday,False,28,12,manana,Llevar,Debito,4400,0,703,0
3920,2024-07-11,2024,7,July,Thursday,False,28,12,manana,Llevar,Debito,7800,0,1245,0
3921,2024-07-11,2024,7,July,Thursday,False,28,12,manana,Llevar,Credito,3100,0,495,0
3922,2024-07-11,2024,7,July,Thursday,False,28,13,almuerzo,Llevar,Debito,3000,0,479,0
3923,2024-07-11,2024,7,July,Thursday,False,28,14,almuerzo,Servir,Debito,5300,0,846,0
3924,2024-07-11,2024,7,July,Thursday,False,28,15,almuerzo,Servir,Debito,10400,0,1661,0
3925,2024-07-11,2024,7,July,Thursday,False,28,15,almuerzo,Llevar,Debito,1400,0,224,0
3926,2024-07-11,2024,7,July,Thursday,False,28,15,almuerzo,Llevar,Debito,4800,0,766,0
3927,2024-07-11,2024,7,July,Thursday,False,28,15,almuerzo,Llevar,Debito,2200,0,351,0
3928,2024-07-11,2024,7,July,Thursday,False,28,15,almuerzo,Llevar,Debito,2000,0,0,0
3929,2024-07-11,2024,7,July,Thursday,False,28,15,almuerzo,Llevar,Debito,3500,0,559,0
3930,2024-07-11,2024,7,July,Thursday,False,28,15,almuerzo,Llevar,Debito,9300,0,1485,0
3931,2024-07-11,2024,7,July,Thursday,False,28,16,tarde,Servir,Debito,6500,0,1038,0
3932,2024-07-11,2024,7,July,Thursday,False,28,16,tarde,Servir,Efectivo,10400,0,1661,1040
3933,2024-07-11,2024,7,July,Thursday,False,28,16,tarde,Llevar,Efectivo,13500,0,0,0
3934,2024-07-11,2024,7,July,Thursday,False,28,16,tarde,Servir,Debito,9600,0,1533,0
3935,2024-07-11,2024,7,July,Thursday,False,28,16,tarde,Llevar,Efectivo,9700,0,0,0
3936,2024-07-11,2024,7,July,Thursday,False,28,16,tarde,Llevar,Efectivo,5000,0,798,0
3937,2024-07-11,2024,7,July,Thursday,False,28,16,tarde,Llevar,Debito,11400,0,1820,0
3938,2024-07-11,2024,7,July,Thursday,False,28,16,tarde,Llevar,Debito,5700,0,910,0
3939,2024-07-11,2024,7,July,Thursday,False,28,16,tarde,Llevar,Credito,10400,0,1661,0
3940,2024-07-11,2024,7,July,Thursday,False,28,16,tarde,Llevar,Debito,7000,0,1118,0
3941,2024-07-11,2024,7,July,Thursday,False,28,16,tarde,Llevar,Debito,9800,0,0,0
3942,2024-07-11,2024,7,July,Thursday,False,28,17,tarde,Llevar,Edenred,7000,0,0,0
3943,2024-07-11,2024,7,July,Thursday,False,28,17,tarde,Llevar,Debito,3000,0,0,0
3944,2024-07-11,2024,7,July,Thursday,False,28,17,tarde,Servir,Debito,6900,0,1102,0
3945,2024-07-11,2024,7,July,Thursday,False,28,17,tarde,Llevar,Debito,4000,0,639,0
3946,2024-07-11,2024,7,July,Thursday,False,28,17,tarde,Llevar,Debito,3500,0,559,0
3947,2024-07-11,2024,7,July,Thursday,False,28,17,tarde,Llevar,Debito,3100,0,495,0
3948,2024-07-11,2024,7,July,Thursday,False,28,17,tarde,Llevar,Efectivo,6700,0,0,0
3949,2024-07-11,2024,7,July,Thursday,False,28,17,tarde,Servir,Efectivo,18300,0,2922,1830
3950,2024-07-11,2024,7,July,Thursday,False,28,17,tarde,Servir,Debito,6200,0,990,0
3951,2024-07-11,2024,7,July,Thursday,False,28,17,tarde,Llevar,Efectivo,9600,0,1533,0
3952,2024-07-11,2024,7,July,Thursday,False,28,17,tarde,Llevar,Debito,3400,0,543,0
3953,2024-07-11,2024,7,July,Thursday,False,28,17,tarde,Llevar,Debito,6700,0,1070,0
3954,2024-07-11,2024,7,July,Thursday,False,28,18,tarde,Llevar,Credito,25600,0,4087,0
3955,2024-07-11,2024,7,July,Thursday,False,28,18,tarde,Servir,Debito,13200,0,2108,0
3956,2024-07-11,2024,7,July,Thursday,False,28,18,tarde,Llevar,Credito,3000,0,479,0
3957,2024-07-11,2024,7,July,Thursday,False,28,18,tarde,Llevar,Efectivo,1000,0,160,0
3958,2024-07-11,2024,7,July,Thursday,False,28,18,tarde,Llevar,Debito,9000,0,1437,0
3959,2024-07-11,2024,7,July,Thursday,False,28,18,tarde,Llevar,Debito,3700,0,591,0
3960,2024-07-11,2024,7,July,Thursday,False,28,18,tarde,Llevar,Debito,3500,0,559,0
3961,2024-07-11,2024,7,July,Thursday,False,28,18,tarde,Llevar,Credito,4200,0,671,0
3962,2024-07-11,2024,7,July,Thursday,False,28,18,tarde,Llevar,Debito,3500,0,0,0
3963,2024-07-11,2024,7,July,Thursday,False,28,18,tarde,Servir,Debito,6000,0,958,0
3964,2024-07-11,2024,7,July,Thursday,False,28,18,tarde,Llevar,Efectivo,11400,0,1820,0
3965,2024-07-11,2024,7,July,Thursday,False,28,19,cierre,Llevar,Debito,9200,0,1469,0
3966,2024-07-11,2024,7,July,Thursday,False,28,19,cierre,Servir,Efectivo,17000,0,0,0
3967,2024-07-11,2024,7,July,Thursday,False,28,19,cierre,Servir,Debito,1400,0,224,0
3968,2024-07-11,2024,7,July,Thursday,False,28,19,cierre,Llevar,Debito,6400,0,1022,0
3969,2024-07-11,2024,7,July,Thursday,False,28,19,cierre,Llevar,Debito,6647,0,0,0
3970,2024-07-11,2024,7,July,Thursday,False,28,19,cierre,Llevar,Debito,3000,0,479,0
3971,2024-07-11,2024,7,July,Thursday,False,28,19,cierre,Llevar,Credito,7200,0,1150,0
3972,2024-07-11,2024,7,July,Thursday,False,28,19,cierre,Llevar,Debito,12920,1,0,0
3973,2024-07-11,2024,7,July,Thursday,False,28,19,cierre,Llevar,Debito,6500,0,1038,0
3974,2024-07-11,2024,7,July,Thursday,False,28,19,cierre,Llevar,Debito,8400,0,0,0
3975,2024-07-11,2024,7,July,Thursday,False,28,19,cierre,Llevar,Transferencia,36000,6000,0,0
3976,2024-07-12,2024,7,July,Friday,False,28,11,manana,Llevar,Debito,3400,0,543,0
3977,2024-07-12,2024,7,July,Friday,False,28,11,manana,Llevar,Debito,5000,0,798,0
3978,2024-07-12,2024,7,July,Friday,False,28,12,manana,Servir,Edenred,6400,0,0,0
3979,2024-07-12,2024,7,July,Friday,False,28,12,manana,Servir,Debito,9700,0,1549,0
3980,2024-07-12,2024,7,July,Friday,False,28,12,manana,Llevar,Debito,4500,0,718,0
3981,2024-07-12,2024,7,July,Friday,False,28,12,manana,Servir,Debito,5500,0,0,0
3982,2024-07-12,2024,7,July,Friday,False,28,12,manana,Llevar,Debito,4500,0,718,0
3983,2024-07-12,2024,7,July,Friday,False,28,12,manana,Servir,Debito,6000,0,958,0
3984,2024-07-12,2024,7,July,Friday,False,28,12,manana,Llevar,Efectivo,1500,0,239,0
3985,2024-07-12,2024,7,July,Friday,False,28,13,almuerzo,Llevar,Debito,2000,0,319,0
3986,2024-07-12,2024,7,July,Friday,False,28,13,almuerzo,Llevar,Debito,5000,0,798,0
3987,2024-07-12,2024,7,July,Friday,False,28,13,almuerzo,Servir,Debito,5500,0,878,0
3988,2024-07-12,2024,7,July,Friday,False,28,13,almuerzo,Servir,Debito,4800,0,766,0
3989,2024-07-12,2024,7,July,Friday,False,28,13,almuerzo,Servir,Debito,10000,0,1597,0
3990,2024-07-12,2024,7,July,Friday,False,28,14,almuerzo,Llevar,Debito,7600,0,1213,0
3991,2024-07-12,2024,7,July,Friday,False,28,14,almuerzo,Llevar,Debito,6300,0,1006,0
3992,2024-07-12,2024,7,July,Friday,False,28,14,almuerzo,Servir,Debito,9600,0,1533,0
3993,2024-07-12,2024,7,July,Friday,False,28,14,almuerzo,Llevar,Debito,3500,0,559,0
3994,2024-07-12,2024,7,July,Friday,False,28,15,almuerzo,Llevar,Debito,3900,0,623,0
3995,2024-07-12,2024,7,July,Friday,False,28,15,almuerzo,Llevar,Debito,5500,0,878,0
3996,2024-07-12,2024,7,July,Friday,False,28,15,almuerzo,Servir,Debito,17100,0,2730,0
3997,2024-07-12,2024,7,July,Friday,False,28,15,almuerzo,Servir,Debito,11600,0,1852,0
3998,2024-07-12,2024,7,July,Friday,False,28,15,almuerzo,Servir,Debito,11500,0,1836,0
3999,2024-07-12,2024,7,July,Friday,False,28,16,tarde,Llevar,Debito,9900,0,1581,0
4000,2024-07-12,2024,7,July,Friday,False,28,16,tarde,Llevar,Debito,6300,0,1006,0
4001,2024-07-12,2024,7,July,Friday,False,28,16,tarde,Llevar,Debito,5400,0,862,0
4002,2024-07-12,2024,7,July,Friday,False,28,16,tarde,Servir,Debito,9800,0,1565,0
4003,2024-07-12,2024,7,July,Friday,False,28,16,tarde,Llevar,Debito,2000,0,319,0
4004,2024-07-12,2024,7,July,Friday,False,28,16,tarde,Llevar,Debito,6000,0,958,0
4005,2024-07-12,2024,7,July,Friday,False,28,16,tarde,Servir,Debito,11000,0,1756,0
4006,2024-07-12,2024,7,July,Friday,False,28,16,tarde,Llevar,Debito,4000,0,639,0
4007,2024-07-12,2024,7,July,Friday,False,28,16,tarde,Servir,Debito,15000,0,2395,0
4008,2024-07-12,2024,7,July,Friday,False,28,16,tarde,Llevar,Efectivo,3100,0,0,0
4009,2024-07-12,2024,7,July,Friday,False,28,17,tarde,Servir,Debito,10300,0,1645,0
4010,2024-07-12,2024,7,July,Friday,False,28,17,tarde,Llevar,Debito,8000,0,1277,0
4011,2024-07-12,2024,7,July,Friday,False,28,17,tarde,Llevar,Efectivo,4280,0,0,0
4012,2024-07-12,2024,7,July,Friday,False,28,17,tarde,Llevar,Debito,6000,0,958,0
4013,2024-07-12,2024,7,July,Friday,False,28,17,tarde,Llevar,Credito,12300,0,1964,0
4014,2024-07-12,2024,7,July,Friday,False,28,17,tarde,Llevar,Efectivo,3400,0,543,0
4015,2024-07-12,2024,7,July,Friday,False,28,17,tarde,Llevar,Efectivo,2000,0,319,0
4016,2024-07-12,2024,7,July,Friday,False,28,17,tarde,Servir,Debito,9200,0,1469,0
4017,2024-07-12,2024,7,July,Friday,False,28,17,tarde,Servir,Credito,18900,0,3018,0
4018,2024-07-12,2024,7,July,Friday,False,28,17,tarde,Llevar,Debito,5600,0,894,0
4019,2024-07-12,2024,7,July,Friday,False,28,18,tarde,Llevar,Debito,5700,0,910,0
4020,2024-07-12,2024,7,July,Friday,False,28,18,tarde,Servir,Efectivo,17600,0,2810,0
4021,2024-07-12,2024,7,July,Friday,False,28,18,tarde,Servir,Debito,6300,0,1006,0
4022,2024-07-12,2024,7,July,Friday,False,28,18,tarde,Llevar,Debito,2900,0,0,0
4023,2024-07-12,2024,7,July,Friday,False,28,18,tarde,Servir,Debito,10400,0,1661,0
4024,2024-07-12,2024,7,July,Friday,False,28,18,tarde,Llevar,Debito,9200,0,0,0
4025,2024-07-12,2024,7,July,Friday,False,28,18,tarde,Llevar,Debito,12000,0,0,0
4026,2024-07-12,2024,7,July,Friday,False,28,18,tarde,Servir,Debito,13700,0,0,0
4027,2024-07-12,2024,7,July,Friday,False,28,19,cierre,Llevar,Debito,5000,0,798,0
4028,2024-07-12,2024,7,July,Friday,False,28,19,cierre,Llevar,Debito,2900,0,463,0
4029,2024-07-12,2024,7,July,Friday,False,28,19,cierre,Llevar,Debito,8000,0,1277,0
4030,2024-07-12,2024,7,July,Friday,False,28,19,cierre,Llevar,Debito,3500,0,559,0
4031,2024-07-12,2024,7,July,Friday,False,28,19,cierre,Servir,Debito,19600,0,3129,0
4032,2024-07-12,2024,7,July,Friday,False,28,19,cierre,Llevar,Efectivo,2000,0,319,0
4033,2024-07-12,2024,7,July,Friday,False,28,19,cierre,Servir,Debito,11800,0,1884,0
4034,2024-07-12,2024,7,July,Friday,False,28,19,cierre,Servir,Efectivo,10700,0,0,0
4035,2024-07-12,2024,7,July,Friday,False,28,19,cierre,Servir,Debito,5970,0,953,0
4036,2024-07-12,2024,7,July,Friday,False,28,19,cierre,Llevar,Debito,4600,0,0,0
4037,2024-07-12,2024,7,July,Friday,False,28,19,cierre,Llevar,Debito,3000,0,0,0
4038,2024-07-12,2024,7,July,Friday,False,28,19,cierre,Llevar,Credito,23500,0,3752,0
4039,2024-07-12,2024,7,July,Friday,False,28,19,cierre,Llevar,Debito,2800,0,0,0
4040,2024-07-13,2024,7,July,Saturday,True,28,12,manana,Llevar,Debito,9000,0,1437,0
4041,2024-07-13,2024,7,July,Saturday,True,28,12,manana,Servir,Credito,14400,0,2299,0
4042,2024-07-13,2024,7,July,Saturday,True,28,13,almuerzo,Llevar,Debito,17100,0,2730,0
4043,2024-07-13,2024,7,July,Saturday,True,28,13,almuerzo,Llevar,Debito,4000,0,639,0
4044,2024-07-13,2024,7,July,Saturday,True,28,15,almuerzo,Servir,Debito,9800,0,1565,0
4045,2024-07-13,2024,7,July,Saturday,True,28,15,almuerzo,Servir,Debito,25000,0,3992,0
4046,2024-07-13,2024,7,July,Saturday,True,28,15,almuerzo,Servir,Efectivo,8000,0,0,0
4047,2024-07-13,2024,7,July,Saturday,True,28,15,almuerzo,Servir,Debito,6800,0,1086,0
4048,2024-07-13,2024,7,July,Saturday,True,28,16,tarde,Servir,Debito,9200,0,1469,0
4049,2024-07-13,2024,7,July,Saturday,True,28,16,tarde,Servir,Efectivo,6700,0,1070,0
4050,2024-07-13,2024,7,July,Saturday,True,28,16,tarde,Llevar,Efectivo,4500,0,718,0
4051,2024-07-13,2024,7,July,Saturday,True,28,16,tarde,Llevar,Debito,2000,0,319,0
4052,2024-07-13,2024,7,July,Saturday,True,28,16,tarde,Servir,Efectivo,2800,0,0,0
4053,2024-07-13,2024,7,July,Saturday,True,28,16,tarde,Llevar,Efectivo,8800,0,1405,0
4054,2024-07-13,2024,7,July,Saturday,True,28,16,tarde,Llevar,Transferencia,42000,0,0,0
4055,2024-07-13,2024,7,July,Saturday,True,28,17,tarde,Llevar,Efectivo,2900,0,0,0
4056,2024-07-13,2024,7,July,Saturday,True,28,17,tarde,Llevar,Debito,1100,0,0,0
4057,2024-07-13,2024,7,July,Saturday,True,28,17,tarde,Servir,Efectivo,19400,0,3097,0
4058,2024-07-13,2024,7,July,Saturday,True,28,17,tarde,Llevar,Debito,3000,0,479,0
4059,2024-07-13,2024,7,July,Saturday,True,28,17,tarde,Llevar,Debito,11500,0,1836,0
4060,2024-07-13,2024,7,July,Saturday,True,28,17,tarde,Llevar,Debito,3500,0,559,0
4061,2024-07-13,2024,7,July,Saturday,True,28,17,tarde,Llevar,Debito,8000,0,1277,0
4062,2024-07-13,2024,7,July,Saturday,True,28,17,tarde,Llevar,Credito,6000,0,958,0
4063,2024-07-13,2024,7,July,Saturday,True,28,17,tarde,Llevar,Debito,6400,0,1022,0
4064,2024-07-13,2024,7,July,Saturday,True,28,17,tarde,Servir,Efectivo,2500,0,399,0
4065,2024-07-13,2024,7,July,Saturday,True,28,17,tarde,Llevar,Efectivo,710,0,113,0
4066,2024-07-13,2024,7,July,Saturday,True,28,17,tarde,Llevar,Efectivo,4460,0,712,0
4067,2024-07-13,2024,7,July,Saturday,True,28,17,tarde,Servir,Debito,12800,0,2044,0
4068,2024-07-13,2024,7,July,Saturday,True,28,17,tarde,Llevar,Debito,11200,0,1788,0
4069,2024-07-13,2024,7,July,Saturday,True,28,17,tarde,Llevar,Edenred,4000,0,0,0
4070,2024-07-13,2024,7,July,Saturday,True,28,17,tarde,Llevar,Debito,7600,0,1213,0
4071,2024-07-13,2024,7,July,Saturday,True,28,17,tarde,Llevar,Debito,6500,0,1038,0
4072,2024-07-13,2024,7,July,Saturday,True,28,17,tarde,Servir,Debito,11800,0,1884,0
4073,2024-07-13,2024,7,July,Saturday,True,28,17,tarde,Llevar,Credito,8000,0,1277,0
4074,2024-07-13,2024,7,July,Saturday,True,28,18,tarde,Llevar,Debito,10500,0,1676,0
4075,2024-07-13,2024,7,July,Saturday,True,28,18,tarde,Llevar,Debito,10600,0,1692,0
4076,2024-07-13,2024,7,July,Saturday,True,28,18,tarde,Servir,Credito,3500,0,559,0
4077,2024-07-13,2024,7,July,Saturday,True,28,18,tarde,Servir,Debito,23100,0,3688,0
4078,2024-07-13,2024,7,July,Saturday,True,28,18,tarde,Llevar,Efectivo,1530,0,244,0
4079,2024-07-13,2024,7,July,Saturday,True,28,18,tarde,Llevar,Debito,8900,0,1421,0
4080,2024-07-13,2024,7,July,Saturday,True,28,18,tarde,Llevar,Debito,3400,0,543,0
4081,2024-07-13,2024,7,July,Saturday,True,28,18,tarde,Llevar,Credito,3500,0,559,0
4082,2024-07-13,2024,7,July,Saturday,True,28,18,tarde,Llevar,Debito,4800,0,766,0
4083,2024-07-13,2024,7,July,Saturday,True,28,18,tarde,Servir,Credito,9000,0,1437,0
4084,2024-07-13,2024,7,July,Saturday,True,28,19,cierre,Llevar,Credito,6300,0,1006,0
4085,2024-07-13,2024,7,July,Saturday,True,28,19,cierre,Llevar,Efectivo,4800,0,766,0
4086,2024-07-13,2024,7,July,Saturday,True,28,19,cierre,Llevar,Debito,1500,0,239,0
4087,2024-07-13,2024,7,July,Saturday,True,28,19,cierre,Servir,Debito,14000,0,2235,0
4088,2024-07-13,2024,7,July,Saturday,True,28,19,cierre,Servir,Debito,17200,0,2746,0
4089,2024-07-13,2024,7,July,Saturday,True,28,19,cierre,Llevar,Credito,6900,0,1102,0
4090,2024-07-13,2024,7,July,Saturday,True,28,20,cierre,Llevar,Efectivo,10600,0,0,0
4091,2024-07-14,2024,7,July,Sunday,True,28,14,almuerzo,Llevar,Debito,6600,0,1054,0
4092,2024-07-14,2024,7,July,Sunday,True,28,14,almuerzo,Llevar,Efectivo,2700,0,0,0
4093,2024-07-14,2024,7,July,Sunday,True,28,16,tarde,Llevar,Debito,10500,0,1676,0
4094,2024-07-14,2024,7,July,Sunday,True,28,16,tarde,Llevar,Efectivo,3200,0,511,0
4095,2024-07-14,2024,7,July,Sunday,True,28,16,tarde,Llevar,Debito,3500,0,559,0
4096,2024-07-14,2024,7,July,Sunday,True,28,16,tarde,Servir,Debito,5900,0,942,0
4097,2024-07-14,2024,7,July,Sunday,True,28,16,tarde,Delivery,Otro,7930,1200,0,0
4098,2024-07-14,2024,7,July,Sunday,True,28,17,tarde,Servir,Debito,6700,0,1070,0
4099,2024-07-14,2024,7,July,Sunday,True,28,17,tarde,Servir,Debito,6700,0,1070,0
4100,2024-07-14,2024,7,July,Sunday,True,28,17,tarde,Servir,Debito,9900,0,1581,0
4101,2024-07-14,2024,7,July,Sunday,True,28,18,tarde,Llevar,Credito,3500,0,559,0
4102,2024-07-15,2024,7,July,Monday,False,29,12,manana,Llevar,Credito,3500,0,559,0
4104,2024-07-15,2024,7,July,Monday,False,29,12,manana,Llevar,Debito,3500,0,559,0
4105,2024-07-15,2024,7,July,Monday,False,29,12,manana,Llevar,Credito,9600,0,1533,0
4106,2024-07-15,2024,7,July,Monday,False,29,13,almuerzo,Servir,Debito,15300,0,2443,0
4107,2024-07-15,2024,7,July,Monday,False,29,13,almuerzo,Llevar,Credito,6500,0,1038,0
4108,2024-07-15,2024,7,July,Monday,False,29,13,almuerzo,Servir,Debito,8100,0,1293,0
4109,2024-07-15,2024,7,July,Monday,False,29,13,almuerzo,Llevar,Efectivo,9500,0,1517,0
4110,2024-07-15,2024,7,July,Monday,False,29,14,almuerzo,Llevar,Debito,5200,0,830,0
4111,2024-07-15,2024,7,July,Monday,False,29,15,almuerzo,Servir,Debito,10500,0,1676,0
4112,2024-07-15,2024,7,July,Monday,False,29,15,almuerzo,Servir,Debito,14200,0,2267,1420
4113,2024-07-15,2024,7,July,Monday,False,29,16,tarde,Servir,Efectivo,12100,0,0,0
4114,2024-07-15,2024,7,July,Monday,False,29,16,tarde,Llevar,Debito,4000,0,639,0
4115,2024-07-15,2024,7,July,Monday,False,29,16,tarde,Llevar,Efectivo,2000,0,0,0
4116,2024-07-15,2024,7,July,Monday,False,29,16,tarde,Llevar,Debito,4500,0,718,0
4117,2024-07-15,2024,7,July,Monday,False,29,16,tarde,Llevar,Efectivo,3410,0,225829,0
4118,2024-07-15,2024,7,July,Monday,False,29,16,tarde,Servir,Debito,10000,0,1597,0
4119,2024-07-15,2024,7,July,Monday,False,29,16,tarde,Llevar,Debito,6400,0,1022,0
4120,2024-07-15,2024,7,July,Monday,False,29,16,tarde,Llevar,Debito,5500,0,878,0
4121,2024-07-15,2024,7,July,Monday,False,29,16,tarde,Llevar,Debito,4000,0,639,0
4122,2024-07-15,2024,7,July,Monday,False,29,16,tarde,Servir,Debito,9800,0,1565,0
4123,2024-07-15,2024,7,July,Monday,False,29,16,tarde,Llevar,Debito,6000,0,958,0
4124,2024-07-15,2024,7,July,Monday,False,29,17,tarde,Llevar,Debito,2000,0,319,0
4125,2024-07-15,2024,7,July,Monday,False,29,17,tarde,Llevar,Debito,8700,0,0,0
4126,2024-07-15,2024,7,July,Monday,False,29,17,tarde,Llevar,Debito,6500,0,1038,0
4127,2024-07-15,2024,7,July,Monday,False,29,17,tarde,Servir,Credito,3000,0,0,0
4128,2024-07-15,2024,7,July,Monday,False,29,17,tarde,Servir,Credito,3000,0,479,0
4129,2024-07-15,2024,7,July,Monday,False,29,17,tarde,Llevar,Debito,4000,0,639,0
4130,2024-07-15,2024,7,July,Monday,False,29,17,tarde,Servir,Credito,12200,0,1948,0
4131,2024-07-15,2024,7,July,Monday,False,29,17,tarde,Servir,Debito,12900,0,2060,0
4132,2024-07-15,2024,7,July,Monday,False,29,17,tarde,Servir,Credito,14400,0,2299,0
4133,2024-07-15,2024,7,July,Monday,False,29,17,tarde,Delivery,Transferencia,11730,0,0,0
4134,2024-07-15,2024,7,July,Monday,False,29,17,tarde,Servir,Debito,10500,0,1676,0
4135,2024-07-15,2024,7,July,Monday,False,29,17,tarde,Llevar,Debito,4000,0,639,0
4136,2024-07-15,2024,7,July,Monday,False,29,17,tarde,Servir,Debito,5700,0,0,0
4137,2024-07-15,2024,7,July,Monday,False,29,18,tarde,Llevar,Debito,3500,0,559,0
4138,2024-07-15,2024,7,July,Monday,False,29,18,tarde,Llevar,Credito,5500,0,878,0
4139,2024-07-15,2024,7,July,Monday,False,29,18,tarde,Llevar,Debito,2222,0,355,0
4140,2024-07-15,2024,7,July,Monday,False,29,18,tarde,Llevar,Debito,9300,0,1485,0
4141,2024-07-15,2024,7,July,Monday,False,29,18,tarde,Llevar,Debito,3800,0,607,0
4142,2024-07-15,2024,7,July,Monday,False,29,18,tarde,Llevar,Credito,12400,0,1980,0
4143,2024-07-15,2024,7,July,Monday,False,29,18,tarde,Servir,Efectivo,2000,0,319,0
4144,2024-07-15,2024,7,July,Monday,False,29,18,tarde,Servir,Debito,10000,0,1597,0
4145,2024-07-15,2024,7,July,Monday,False,29,18,tarde,Servir,Debito,11100,0,1772,0
4146,2024-07-15,2024,7,July,Monday,False,29,18,tarde,Llevar,Efectivo,2500,0,399,0
4147,2024-07-15,2024,7,July,Monday,False,29,18,tarde,Llevar,Debito,3100,0,495,0
4148,2024-07-15,2024,7,July,Monday,False,29,18,tarde,Llevar,Efectivo,3200,0,511,0
4149,2024-07-15,2024,7,July,Monday,False,29,18,tarde,Llevar,Debito,5300,0,846,0
4150,2024-07-15,2024,7,July,Monday,False,29,18,tarde,Llevar,Debito,2000,0,319,0
4151,2024-07-15,2024,7,July,Monday,False,29,18,tarde,Llevar,Debito,5500,0,878,0
4152,2024-07-15,2024,7,July,Monday,False,29,18,tarde,Llevar,Debito,3500,0,559,0
4153,2024-07-15,2024,7,July,Monday,False,29,18,tarde,Servir,Credito,17700,0,2826,0
4154,2024-07-15,2024,7,July,Monday,False,29,18,tarde,Llevar,Debito,5500,0,878,0
4155,2024-07-15,2024,7,July,Monday,False,29,18,tarde,Servir,Debito,10400,0,1661,0
4156,2024-07-15,2024,7,July,Monday,False,29,18,tarde,Servir,Efectivo,12000,0,1916,0
4157,2024-07-15,2024,7,July,Monday,False,29,18,tarde,Llevar,Debito,4000,0,639,0
4158,2024-07-15,2024,7,July,Monday,False,29,18,tarde,Llevar,Debito,4000,0,639,0
4159,2024-07-15,2024,7,July,Monday,False,29,18,tarde,Llevar,Debito,4000,0,639,0
4160,2024-07-15,2024,7,July,Monday,False,29,18,tarde,Servir,Debito,7000,0,1118,0
4161,2024-07-15,2024,7,July,Monday,False,29,19,cierre,Llevar,Debito,3000,0,0,0
4162,2024-07-15,2024,7,July,Monday,False,29,19,cierre,Servir,Efectivo,4100,0,655,0
4163,2024-07-15,2024,7,July,Monday,False,29,19,cierre,Llevar,Debito,5800,0,926,0
4164,2024-07-15,2024,7,July,Monday,False,29,19,cierre,Servir,Debito,2800,0,447,0
4165,2024-07-15,2024,7,July,Monday,False,29,19,cierre,Servir,Debito,12300,0,1964,0
4166,2024-07-15,2024,7,July,Monday,False,29,19,cierre,Llevar,Debito,2900,0,463,0
4167,2024-07-15,2024,7,July,Monday,False,29,19,cierre,Servir,Credito,11100,0,1772,0
4168,2024-07-15,2024,7,July,Monday,False,29,19,cierre,Servir,Credito,5200,0,830,0
4169,2024-07-15,2024,7,July,Monday,False,29,19,cierre,Llevar,Efectivo,5100,0,814,0
4170,2024-07-16,2024,7,July,Tuesday,False,29,12,manana,Llevar,Debito,3000,0,479,0
4171,2024-07-16,2024,7,July,Tuesday,False,29,12,manana,Servir,Debito,7800,0,1245,0
4172,2024-07-16,2024,7,July,Tuesday,False,29,12,manana,Servir,Debito,5800,0,926,0
4173,2024-07-16,2024,7,July,Tuesday,False,29,12,manana,Servir,Credito,5800,0,926,0
4174,2024-07-16,2024,7,July,Tuesday,False,29,13,almuerzo,Servir,Credito,7500,0,1197,0
4175,2024-07-16,2024,7,July,Tuesday,False,29,13,almuerzo,Servir,Credito,9000,0,1437,0
4176,2024-07-16,2024,7,July,Tuesday,False,29,13,almuerzo,Llevar,Debito,2000,0,319,0
4177,2024-07-16,2024,7,July,Tuesday,False,29,13,almuerzo,Llevar,Debito,2500,0,399,0
4178,2024-07-16,2024,7,July,Tuesday,False,29,15,almuerzo,Llevar,Debito,16200,0,2587,0
4179,2024-07-16,2024,7,July,Tuesday,False,29,15,almuerzo,Llevar,Credito,8000,0,1277,0
4180,2024-07-16,2024,7,July,Tuesday,False,29,15,almuerzo,Servir,Debito,12400,0,1980,0
4181,2024-07-16,2024,7,July,Tuesday,False,29,15,almuerzo,Servir,Efectivo,12400,0,1980,0
4182,2024-07-16,2024,7,July,Tuesday,False,29,15,almuerzo,Servir,Debito,8500,0,1357,0
4183,2024-07-16,2024,7,July,Tuesday,False,29,15,almuerzo,Servir,Efectivo,10500,0,1676,0
4184,2024-07-16,2024,7,July,Tuesday,False,29,16,tarde,Servir,Debito,38800,0,6195,0
4185,2024-07-16,2024,7,July,Tuesday,False,29,16,tarde,Servir,Debito,8500,0,1357,0
4186,2024-07-16,2024,7,July,Tuesday,False,29,16,tarde,Llevar,Efectivo,16000,0,2555,0
4187,2024-07-16,2024,7,July,Tuesday,False,29,16,tarde,Llevar,Efectivo,10500,0,0,0
4188,2024-07-16,2024,7,July,Tuesday,False,29,16,tarde,Servir,Debito,2800,0,447,0
4189,2024-07-16,2024,7,July,Tuesday,False,29,16,tarde,Llevar,Credito,5400,0,862,0
4190,2024-07-16,2024,7,July,Tuesday,False,29,16,tarde,Llevar,Debito,7600,0,1213,0
4191,2024-07-16,2024,7,July,Tuesday,False,29,16,tarde,Servir,Transferencia,75080,0,0,0
4192,2024-07-16,2024,7,July,Tuesday,False,29,16,tarde,Llevar,Debito,4800,0,766,0
4193,2024-07-16,2024,7,July,Tuesday,False,29,16,tarde,Llevar,Debito,4000,0,639,0
4194,2024-07-16,2024,7,July,Tuesday,False,29,17,tarde,Servir,Credito,23100,0,3688,0
4195,2024-07-16,2024,7,July,Tuesday,False,29,17,tarde,Llevar,Efectivo,8500,0,1357,0
4196,2024-07-16,2024,7,July,Tuesday,False,29,17,tarde,Llevar,Debito,5000,0,798,0
4197,2024-07-16,2024,7,July,Tuesday,False,29,17,tarde,Llevar,Debito,16000,0,2555,0
4198,2024-07-16,2024,7,July,Tuesday,False,29,17,tarde,Llevar,Debito,12600,0,2012,0
4199,2024-07-16,2024,7,July,Tuesday,False,29,17,tarde,Llevar,Credito,6800,0,1086,0
4200,2024-07-16,2024,7,July,Tuesday,False,29,17,tarde,Llevar,Debito,4000,0,639,0
4201,2024-07-16,2024,7,July,Tuesday,False,29,17,tarde,Llevar,Credito,7100,0,1134,0
4202,2024-07-16,2024,7,July,Tuesday,False,29,17,tarde,Llevar,Debito,2800,0,447,0
4203,2024-07-16,2024,7,July,Tuesday,False,29,17,tarde,Servir,Debito,12000,0,1916,0
4204,2024-07-16,2024,7,July,Tuesday,False,29,17,tarde,Servir,Debito,12500,0,1996,0
4205,2024-07-16,2024,7,July,Tuesday,False,29,18,tarde,Servir,Debito,9100,0,1453,0
4206,2024-07-16,2024,7,July,Tuesday,False,29,18,tarde,Llevar,Credito,8000,0,1277,0
4207,2024-07-16,2024,7,July,Tuesday,False,29,18,tarde,Llevar,Efectivo,1400,0,224,0
4208,2024-07-16,2024,7,July,Tuesday,False,29,18,tarde,Servir,Debito,16700,0,2666,0
4209,2024-07-16,2024,7,July,Tuesday,False,29,18,tarde,Servir,Debito,7600,0,1213,0
4210,2024-07-16,2024,7,July,Tuesday,False,29,18,tarde,Servir,Efectivo,11500,0,1836,1150
4211,2024-07-16,2024,7,July,Tuesday,False,29,18,tarde,Llevar,Debito,6300,0,1006,0
4212,2024-07-16,2024,7,July,Tuesday,False,29,18,tarde,Servir,Efectivo,12800,0,2044,0
4213,2024-07-16,2024,7,July,Tuesday,False,29,18,tarde,Servir,Sodexo,7800,0,1245,0
4214,2024-07-16,2024,7,July,Tuesday,False,29,18,tarde,Llevar,Debito,12300,0,1964,0
4215,2024-07-16,2024,7,July,Tuesday,False,29,19,cierre,Servir,Credito,23200,0,3704,0
4216,2024-07-16,2024,7,July,Tuesday,False,29,19,cierre,Servir,Debito,8200,0,1309,0
4217,2024-07-16,2024,7,July,Tuesday,False,29,19,cierre,Llevar,Efectivo,5000,0,798,0
4218,2024-07-16,2024,7,July,Tuesday,False,29,19,cierre,Llevar,Credito,3301,0,527,0
4219,2024-07-17,2024,7,July,Wednesday,False,29,12,manana,Llevar,Debito,3100,0,495,0
4220,2024-07-17,2024,7,July,Wednesday,False,29,12,manana,Llevar,Debito,3100,0,495,0
4221,2024-07-17,2024,7,July,Wednesday,False,29,12,manana,Llevar,Debito,7100,0,1134,0
4222,2024-07-17,2024,7,July,Wednesday,False,29,12,manana,Servir,Edenred,15000,0,0,0
4223,2024-07-17,2024,7,July,Wednesday,False,29,12,manana,Servir,Debito,18300,0,2922,0
4224,2024-07-17,2024,7,July,Wednesday,False,29,13,almuerzo,Llevar,Debito,5500,0,878,0
4225,2024-07-17,2024,7,July,Wednesday,False,29,13,almuerzo,Llevar,Debito,3000,0,479,0
4226,2024-07-17,2024,7,July,Wednesday,False,29,13,almuerzo,Llevar,Debito,9100,0,1453,0
4227,2024-07-17,2024,7,July,Wednesday,False,29,14,almuerzo,Llevar,Debito,3100,0,495,0
4228,2024-07-17,2024,7,July,Wednesday,False,29,14,almuerzo,Llevar,Debito,7800,0,1245,0
4229,2024-07-17,2024,7,July,Wednesday,False,29,14,almuerzo,Llevar,Debito,7500,0,1197,0
4230,2024-07-17,2024,7,July,Wednesday,False,29,14,almuerzo,Llevar,Credito,2000,0,319,0
4231,2024-07-17,2024,7,July,Wednesday,False,29,14,almuerzo,Llevar,Efectivo,4900,0,782,0
4232,2024-07-17,2024,7,July,Wednesday,False,29,15,almuerzo,Servir,Debito,5800,0,926,0
4233,2024-07-17,2024,7,July,Wednesday,False,29,15,almuerzo,Llevar,Debito,5400,0,862,0
4234,2024-07-17,2024,7,July,Wednesday,False,29,15,almuerzo,Llevar,Efectivo,5600,0,894,0
4235,2024-07-17,2024,7,July,Wednesday,False,29,15,almuerzo,Llevar,Debito,5500,0,878,0
4236,2024-07-17,2024,7,July,Wednesday,False,29,15,almuerzo,Llevar,Debito,3100,0,495,0
4237,2024-07-17,2024,7,July,Wednesday,False,29,16,tarde,Llevar,Debito,6200,0,990,0
4238,2024-07-17,2024,7,July,Wednesday,False,29,16,tarde,Llevar,Efectivo,5000,0,798,0
4239,2024-07-17,2024,7,July,Wednesday,False,29,16,tarde,Servir,Efectivo,2500,0,399,0
4240,2024-07-17,2024,7,July,Wednesday,False,29,16,tarde,Servir,Debito,11700,0,1868,0
4241,2024-07-17,2024,7,July,Wednesday,False,29,17,tarde,Servir,Debito,11500,0,1836,0
4242,2024-07-17,2024,7,July,Wednesday,False,29,17,tarde,Llevar,Debito,4300,0,687,0
4243,2024-07-17,2024,7,July,Wednesday,False,29,17,tarde,Llevar,Debito,1000,0,160,0
4244,2024-07-17,2024,7,July,Wednesday,False,29,17,tarde,Servir,Debito,6800,0,1086,0
4245,2024-07-17,2024,7,July,Wednesday,False,29,17,tarde,Llevar,Debito,6000,0,958,0
4246,2024-07-17,2024,7,July,Wednesday,False,29,17,tarde,Servir,Debito,14500,0,2315,0
4247,2024-07-17,2024,7,July,Wednesday,False,29,17,tarde,Servir,Debito,2000,0,319,0
4248,2024-07-17,2024,7,July,Wednesday,False,29,17,tarde,Llevar,Debito,3500,0,559,0
4249,2024-07-17,2024,7,July,Wednesday,False,29,17,tarde,Llevar,Debito,7500,0,1197,0
4250,2024-07-17,2024,7,July,Wednesday,False,29,17,tarde,Servir,Edenred,5900,0,0,0
4251,2024-07-17,2024,7,July,Wednesday,False,29,17,tarde,Servir,Edenred,3200,0,0,0
4252,2024-07-17,2024,7,July,Wednesday,False,29,17,tarde,Servir,Debito,7200,0,0,0
4253,2024-07-17,2024,7,July,Wednesday,False,29,17,tarde,Llevar,Efectivo,6500,0,1038,0
4254,2024-07-17,2024,7,July,Wednesday,False,29,17,tarde,Servir,Credito,11500,0,1836,0
4255,2024-07-17,2024,7,July,Wednesday,False,29,17,tarde,Llevar,Efectivo,2000,0,319,0
4256,2024-07-17,2024,7,July,Wednesday,False,29,18,tarde,Servir,Debito,9500,0,1517,0
4257,2024-07-17,2024,7,July,Wednesday,False,29,18,tarde,Llevar,Debito,3500,0,559,0
4258,2024-07-17,2024,7,July,Wednesday,False,29,18,tarde,Llevar,Efectivo,3660,0,584,0
4259,2024-07-17,2024,7,July,Wednesday,False,29,18,tarde,Llevar,Debito,4500,0,0,0
4260,2024-07-17,2024,7,July,Wednesday,False,29,18,tarde,Llevar,Credito,12000,0,1916,0
4261,2024-07-17,2024,7,July,Wednesday,False,29,18,tarde,Servir,Debito,3100,0,495,0
4262,2024-07-17,2024,7,July,Wednesday,False,29,18,tarde,Llevar,Debito,10894,0,1740,0
4263,2024-07-17,2024,7,July,Wednesday,False,29,18,tarde,Llevar,Debito,3100,0,495,0
4264,2024-07-17,2024,7,July,Wednesday,False,29,18,tarde,Llevar,Debito,2000,0,319,0
4265,2024-07-17,2024,7,July,Wednesday,False,29,18,tarde,Llevar,Credito,2000,0,319,0
4266,2024-07-17,2024,7,July,Wednesday,False,29,18,tarde,Llevar,Efectivo,2000,0,319,0
4267,2024-07-17,2024,7,July,Wednesday,False,29,18,tarde,Llevar,Credito,5939,0,948,0
4268,2024-07-17,2024,7,July,Wednesday,False,29,19,cierre,Llevar,Debito,6900,0,1102,0
4269,2024-07-17,2024,7,July,Wednesday,False,29,19,cierre,Llevar,Debito,10300,0,1645,0
4270,2024-07-17,2024,7,July,Wednesday,False,29,19,cierre,Servir,Debito,16900,0,2698,0
4271,2024-07-17,2024,7,July,Wednesday,False,29,19,cierre,Llevar,Debito,3100,0,495,0
4272,2024-07-17,2024,7,July,Wednesday,False,29,19,cierre,Llevar,Debito,6700,0,1070,0
4273,2024-07-17,2024,7,July,Wednesday,False,29,19,cierre,Llevar,Debito,6200,0,990,0
4274,2024-07-18,2024,7,July,Thursday,False,29,12,manana,Llevar,Debito,12900,0,2060,0
4275,2024-07-18,2024,7,July,Thursday,False,29,12,manana,Llevar,Efectivo,4800,0,766,0
4276,2024-07-18,2024,7,July,Thursday,False,29,12,manana,Llevar,Debito,1500,0,239,0
4277,2024-07-18,2024,7,July,Thursday,False,29,12,manana,Llevar,Efectivo,4800,0,766,0
4278,2024-07-18,2024,7,July,Thursday,False,29,12,manana,Servir,Efectivo,2000,0,0,0
4279,2024-07-18,2024,7,July,Thursday,False,29,12,manana,Llevar,Debito,12000,0,1916,0
4280,2024-07-18,2024,7,July,Thursday,False,29,12,manana,Servir,Credito,12000,0,1916,0
4281,2024-07-18,2024,7,July,Thursday,False,29,13,almuerzo,Llevar,Efectivo,4000,0,0,0
4282,2024-07-18,2024,7,July,Thursday,False,29,13,almuerzo,Servir,Debito,11500,0,1836,0
4283,2024-07-18,2024,7,July,Thursday,False,29,15,almuerzo,Llevar,Debito,4000,0,639,0
4284,2024-07-18,2024,7,July,Thursday,False,29,15,almuerzo,Servir,Debito,2000,0,319,0
4285,2024-07-18,2024,7,July,Thursday,False,29,15,almuerzo,Llevar,Debito,5300,0,846,0
4286,2024-07-18,2024,7,July,Thursday,False,29,15,almuerzo,Llevar,Debito,2900,0,463,0
4287,2024-07-18,2024,7,July,Thursday,False,29,15,almuerzo,Servir,Debito,10500,0,0,0
4288,2024-07-18,2024,7,July,Thursday,False,29,15,almuerzo,Llevar,Debito,1000,0,0,0
4289,2024-07-18,2024,7,July,Thursday,False,29,16,tarde,Llevar,Debito,3500,0,559,0
4290,2024-07-18,2024,7,July,Thursday,False,29,16,tarde,Llevar,Efectivo,3000,0,479,0
4291,2024-07-18,2024,7,July,Thursday,False,29,16,tarde,Llevar,Efectivo,10000,0,1597,0
4292,2024-07-18,2024,7,July,Thursday,False,29,16,tarde,Llevar,Efectivo,2000,0,319,0
4293,2024-07-18,2024,7,July,Thursday,False,29,16,tarde,Llevar,Debito,5700,0,0,0
4294,2024-07-18,2024,7,July,Thursday,False,29,16,tarde,Delivery,Otro,9050,1480,0,0
4295,2024-07-18,2024,7,July,Thursday,False,29,16,tarde,Llevar,Debito,5400,0,862,0
4296,2024-07-18,2024,7,July,Thursday,False,29,17,tarde,Llevar,Debito,5900,0,942,0
4297,2024-07-18,2024,7,July,Thursday,False,29,17,tarde,Llevar,Debito,3000,0,479,0
4298,2024-07-18,2024,7,July,Thursday,False,29,17,tarde,Llevar,Debito,3000,0,479,0
4299,2024-07-18,2024,7,July,Thursday,False,29,17,tarde,Llevar,Debito,5700,0,910,0
4300,2024-07-18,2024,7,July,Thursday,False,29,17,tarde,Llevar,Efectivo,3000,0,479,0
4301,2024-07-18,2024,7,July,Thursday,False,29,17,tarde,Llevar,Debito,4600,0,0,0
4302,2024-07-18,2024,7,July,Thursday,False,29,17,tarde,Llevar,Debito,1510,1,0,0
4303,2024-07-18,2024,7,July,Thursday,False,29,17,tarde,Servir,Efectivo,12500,0,1996,0
4304,2024-07-18,2024,7,July,Thursday,False,29,17,tarde,Servir,Debito,11600,0,1852,0
4305,2024-07-18,2024,7,July,Thursday,False,29,17,tarde,Llevar,Debito,6900,0,1102,0
4306,2024-07-18,2024,7,July,Thursday,False,29,17,tarde,Llevar,Efectivo,6000,0,958,0
4307,2024-07-18,2024,7,July,Thursday,False,29,17,tarde,Servir,Debito,12100,0,1932,0
4308,2024-07-18,2024,7,July,Thursday,False,29,17,tarde,Llevar,Efectivo,5100,0,814,0
4309,2024-07-18,2024,7,July,Thursday,False,29,18,tarde,Llevar,Debito,2000,0,0,0
4310,2024-07-18,2024,7,July,Thursday,False,29,18,tarde,Llevar,Credito,4000,0,639,0
4311,2024-07-18,2024,7,July,Thursday,False,29,18,tarde,Servir,Debito,3500,0,559,0
4312,2024-07-18,2024,7,July,Thursday,False,29,18,tarde,Servir,Credito,17800,0,2842,0
4313,2024-07-18,2024,7,July,Thursday,False,29,18,tarde,Servir,Debito,3200,0,0,0
4314,2024-07-18,2024,7,July,Thursday,False,29,18,tarde,Servir,Debito,2900,0,0,0
4315,2024-07-18,2024,7,July,Thursday,False,29,18,tarde,Llevar,Credito,12400,0,0,0
4316,2024-07-18,2024,7,July,Thursday,False,29,18,tarde,Llevar,Credito,8800,0,1405,0
4317,2024-07-18,2024,7,July,Thursday,False,29,18,tarde,Llevar,Edenred,4900,0,0,0
4318,2024-07-18,2024,7,July,Thursday,False,29,18,tarde,Servir,Debito,2800,0,0,0
4319,2024-07-18,2024,7,July,Thursday,False,29,18,tarde,Servir,Debito,9700,0,1549,0
4320,2024-07-18,2024,7,July,Thursday,False,29,18,tarde,Llevar,Debito,2000,0,319,0
4321,2024-07-18,2024,7,July,Thursday,False,29,18,tarde,Llevar,Debito,6400,0,1022,0
4322,2024-07-18,2024,7,July,Thursday,False,29,18,tarde,Llevar,Debito,8000,0,1277,0
4323,2024-07-18,2024,7,July,Thursday,False,29,18,tarde,Llevar,Debito,8000,0,0,0
4324,2024-07-18,2024,7,July,Thursday,False,29,18,tarde,Servir,Credito,10800,0,0,0
4325,2024-07-18,2024,7,July,Thursday,False,29,18,tarde,Llevar,Debito,4000,0,639,0
4326,2024-07-18,2024,7,July,Thursday,False,29,18,tarde,Llevar,Debito,4900,0,782,0
4327,2024-07-18,2024,7,July,Thursday,False,29,18,tarde,Llevar,Debito,15800,0,0,0
4328,2024-07-18,2024,7,July,Thursday,False,29,19,cierre,Servir,Credito,7500,0,1197,0
4329,2024-07-18,2024,7,July,Thursday,False,29,19,cierre,Servir,Debito,11000,0,1756,0
4330,2024-07-18,2024,7,July,Thursday,False,29,19,cierre,Servir,Debito,13700,0,2187,0
4331,2024-07-18,2024,7,July,Thursday,False,29,19,cierre,Llevar,Efectivo,6500,0,1038,0
4332,2024-07-18,2024,7,July,Thursday,False,29,19,cierre,Servir,Credito,12900,0,2060,0
4333,2024-07-18,2024,7,July,Thursday,False,29,19,cierre,Llevar,Debito,5900,0,942,0
4334,2024-07-18,2024,7,July,Thursday,False,29,19,cierre,Llevar,Debito,3200,0,511,0
4335,2024-07-18,2024,7,July,Thursday,False,29,19,cierre,Servir,Debito,1400,0,224,0
4336,2024-07-18,2024,7,July,Thursday,False,29,19,cierre,Llevar,Debito,3000,0,479,0
4337,2024-07-18,2024,7,July,Thursday,False,29,19,cierre,Llevar,Debito,12900,100,0,0
4338,2024-07-18,2024,7,July,Thursday,False,29,19,cierre,Llevar,Debito,9000,0,1437,0
4339,2024-07-18,2024,7,July,Thursday,False,29,19,cierre,Servir,Debito,3000,0,479,0
4340,2024-07-18,2024,7,July,Thursday,False,29,20,cierre,Llevar,Debito,5000,0,798,0
4341,2024-07-19,2024,7,July,Friday,False,29,12,manana,Llevar,Debito,2000,0,319,0
4342,2024-07-19,2024,7,July,Friday,False,29,13,almuerzo,Llevar,Debito,2500,0,399,0
4343,2024-07-19,2024,7,July,Friday,False,29,13,almuerzo,Llevar,Debito,7200,0,1150,0
4344,2024-07-19,2024,7,July,Friday,False,29,13,almuerzo,Llevar,Debito,3400,0,543,0
4345,2024-07-19,2024,7,July,Friday,False,29,14,almuerzo,Servir,Debito,9800,0,1565,0
4346,2024-07-19,2024,7,July,Friday,False,29,14,almuerzo,Servir,Debito,10800,0,1724,0
4347,2024-07-19,2024,7,July,Friday,False,29,14,almuerzo,Servir,Debito,2800,0,447,0
4348,2024-07-19,2024,7,July,Friday,False,29,14,almuerzo,Servir,Debito,8800,0,1405,0
4349,2024-07-19,2024,7,July,Friday,False,29,15,almuerzo,Servir,Debito,2000,0,319,0
4350,2024-07-19,2024,7,July,Friday,False,29,15,almuerzo,Servir,Debito,10800,0,1724,0
4351,2024-07-19,2024,7,July,Friday,False,29,15,almuerzo,Servir,Debito,12700,0,2028,0
4352,2024-07-19,2024,7,July,Friday,False,29,15,almuerzo,Llevar,Efectivo,2800,0,447,0
4353,2024-07-19,2024,7,July,Friday,False,29,16,tarde,Llevar,Transferencia,42000,0,0,0
4354,2024-07-19,2024,7,July,Friday,False,29,16,tarde,Llevar,Transferencia,28000,0,0,0
4355,2024-07-19,2024,7,July,Friday,False,29,16,tarde,Llevar,Debito,2000,0,319,0
4356,2024-07-19,2024,7,July,Friday,False,29,16,tarde,Servir,Debito,15100,0,2411,0
4357,2024-07-19,2024,7,July,Friday,False,29,16,tarde,Llevar,Debito,2600,0,415,0
4358,2024-07-19,2024,7,July,Friday,False,29,16,tarde,Llevar,Debito,1400,0,224,0
4359,2024-07-19,2024,7,July,Friday,False,29,16,tarde,Llevar,Debito,1761,0,281,0
4360,2024-07-19,2024,7,July,Friday,False,29,16,tarde,Servir,Debito,18900,0,3018,0
4361,2024-07-19,2024,7,July,Friday,False,29,16,tarde,Servir,Debito,10600,0,1692,0
4362,2024-07-19,2024,7,July,Friday,False,29,16,tarde,Llevar,Efectivo,1400,0,224,0
4363,2024-07-19,2024,7,July,Friday,False,29,16,tarde,Llevar,Efectivo,1500,0,239,0
4364,2024-07-19,2024,7,July,Friday,False,29,16,tarde,Llevar,Debito,9000,0,1437,0
4365,2024-07-19,2024,7,July,Friday,False,29,16,tarde,Llevar,Debito,3200,0,511,0
4366,2024-07-19,2024,7,July,Friday,False,29,16,tarde,Llevar,Debito,7100,0,1134,0
4367,2024-07-19,2024,7,July,Friday,False,29,16,tarde,Llevar,Debito,3500,0,559,0
4368,2024-07-19,2024,7,July,Friday,False,29,16,tarde,Servir,Debito,7500,0,1197,0
4369,2024-07-19,2024,7,July,Friday,False,29,16,tarde,Llevar,Debito,2000,0,319,0
4370,2024-07-19,2024,7,July,Friday,False,29,16,tarde,Llevar,Debito,6000,0,958,0
4371,2024-07-19,2024,7,July,Friday,False,29,17,tarde,Llevar,Efectivo,4000,0,639,0
4372,2024-07-19,2024,7,July,Friday,False,29,17,tarde,Llevar,Debito,5600,0,894,0
4373,2024-07-19,2024,7,July,Friday,False,29,17,tarde,Servir,Debito,10500,0,1676,0
4375,2024-07-19,2024,7,July,Friday,False,29,17,tarde,Llevar,Debito,5800,0,926,0
4376,2024-07-19,2024,7,July,Friday,False,29,17,tarde,Llevar,Efectivo,8400,0,1341,0
4377,2024-07-19,2024,7,July,Friday,False,29,17,tarde,Llevar,Debito,11200,0,1788,0
4378,2024-07-19,2024,7,July,Friday,False,29,17,tarde,Llevar,Debito,2800,0,447,0
4379,2024-07-19,2024,7,July,Friday,False,29,17,tarde,Llevar,Credito,8300,0,1325,0
4380,2024-07-19,2024,7,July,Friday,False,29,17,tarde,Servir,Debito,17600,0,2810,0
4381,2024-07-19,2024,7,July,Friday,False,29,17,tarde,Llevar,Debito,2800,0,447,0
4382,2024-07-19,2024,7,July,Friday,False,29,17,tarde,Llevar,Debito,9931,0,1586,0
4383,2024-07-19,2024,7,July,Friday,False,29,17,tarde,Servir,Debito,11000,0,1756,0
4384,2024-07-19,2024,7,July,Friday,False,29,17,tarde,Llevar,Debito,2500,0,399,0
4385,2024-07-19,2024,7,July,Friday,False,29,18,tarde,Servir,Debito,7700,0,1229,0
4386,2024-07-19,2024,7,July,Friday,False,29,18,tarde,Llevar,Credito,11900,0,1900,0
4387,2024-07-19,2024,7,July,Friday,False,29,18,tarde,Llevar,Debito,3600,0,575,0
4388,2024-07-19,2024,7,July,Friday,False,29,18,tarde,Servir,Debito,7600,0,1213,0
4389,2024-07-19,2024,7,July,Friday,False,29,18,tarde,Servir,Debito,10900,0,1740,0
4390,2024-07-19,2024,7,July,Friday,False,29,18,tarde,Llevar,Debito,6900,0,1102,0
4391,2024-07-19,2024,7,July,Friday,False,29,18,tarde,Llevar,Credito,8000,0,1277,0
4392,2024-07-19,2024,7,July,Friday,False,29,18,tarde,Llevar,Efectivo,2000,0,319,0
4393,2024-07-19,2024,7,July,Friday,False,29,18,tarde,Servir,Debito,25700,0,4103,0
4394,2024-07-19,2024,7,July,Friday,False,29,18,tarde,Servir,Debito,14300,0,2283,0
4395,2024-07-19,2024,7,July,Friday,False,29,19,cierre,Llevar,Efectivo,2000,0,319,0
4396,2024-07-19,2024,7,July,Friday,False,29,19,cierre,Llevar,Efectivo,7200,0,1150,0
4397,2024-07-19,2024,7,July,Friday,False,29,19,cierre,Llevar,Debito,2800,0,447,0
4398,2024-07-19,2024,7,July,Friday,False,29,19,cierre,Llevar,Efectivo,4900,0,782,0
4399,2024-07-19,2024,7,July,Friday,False,29,19,cierre,Servir,Efectivo,14940,0,0,0
4400,2024-07-19,2024,7,July,Friday,False,29,19,cierre,Llevar,Debito,3000,0,479,0
4401,2024-07-19,2024,7,July,Friday,False,29,19,cierre,Llevar,Debito,10000,0,1597,0
4402,2024-07-19,2024,7,July,Friday,False,29,19,cierre,Llevar,Debito,2000,0,319,0
4403,2024-07-19,2024,7,July,Friday,False,29,19,cierre,Llevar,Debito,8100,0,1293,0
4404,2024-07-19,2024,7,July,Friday,False,29,20,cierre,Servir,Debito,6500,0,1038,0
4405,2024-07-19,2024,7,July,Friday,False,29,20,cierre,Llevar,Debito,1000,0,160,0
4406,2024-07-20,2024,7,July,Saturday,True,29,12,manana,Servir,Debito,26000,0,4151,0
4407,2024-07-20,2024,7,July,Saturday,True,29,12,manana,Llevar,Debito,9200,0,1469,0
4408,2024-07-20,2024,7,July,Saturday,True,29,13,almuerzo,Llevar,Debito,1400,0,224,0
4409,2024-07-20,2024,7,July,Saturday,True,29,13,almuerzo,Llevar,Debito,5700,0,910,0
4410,2024-07-20,2024,7,July,Saturday,True,29,13,almuerzo,Llevar,Debito,5700,0,910,0
4411,2024-07-20,2024,7,July,Saturday,True,29,13,almuerzo,Llevar,Transferencia,10300,0,0,0
4412,2024-07-20,2024,7,July,Saturday,True,29,13,almuerzo,Llevar,Debito,3400,0,543,0
4413,2024-07-20,2024,7,July,Saturday,True,29,13,almuerzo,Llevar,Efectivo,2800,0,447,0
4414,2024-07-20,2024,7,July,Saturday,True,29,15,almuerzo,Llevar,Debito,5500,0,878,0
4415,2024-07-20,2024,7,July,Saturday,True,29,15,almuerzo,Llevar,Debito,6600,0,1054,0
4416,2024-07-20,2024,7,July,Saturday,True,29,15,almuerzo,Servir,Debito,12000,0,1916,0
4417,2024-07-20,2024,7,July,Saturday,True,29,15,almuerzo,Servir,Debito,16500,0,2634,0
4418,2024-07-20,2024,7,July,Saturday,True,29,15,almuerzo,Servir,Efectivo,9000,0,1437,0
4419,2024-07-20,2024,7,July,Saturday,True,29,15,almuerzo,Llevar,Debito,5400,0,862,0
4420,2024-07-20,2024,7,July,Saturday,True,29,15,almuerzo,Servir,Debito,4860,0,776,0
4421,2024-07-20,2024,7,July,Saturday,True,29,15,almuerzo,Llevar,Debito,4500,0,0,0
4422,2024-07-20,2024,7,July,Saturday,True,29,15,almuerzo,Llevar,Credito,10500,0,1676,0
4423,2024-07-20,2024,7,July,Saturday,True,29,15,almuerzo,Llevar,Debito,2000,0,319,0
4424,2024-07-20,2024,7,July,Saturday,True,29,15,almuerzo,Servir,Debito,10500,0,1676,0
4425,2024-07-20,2024,7,July,Saturday,True,29,15,almuerzo,Llevar,Debito,12300,0,1964,0
4426,2024-07-20,2024,7,July,Saturday,True,29,15,almuerzo,Servir,Debito,19700,0,0,0
4427,2024-07-20,2024,7,July,Saturday,True,29,16,tarde,Servir,Efectivo,9100,0,1453,0
4428,2024-07-20,2024,7,July,Saturday,True,29,16,tarde,Llevar,Debito,6000,0,0,0
4429,2024-07-20,2024,7,July,Saturday,True,29,16,tarde,Llevar,Debito,13400,0,2139,0
4430,2024-07-20,2024,7,July,Saturday,True,29,16,tarde,Llevar,Debito,11500,0,1836,0
4431,2024-07-20,2024,7,July,Saturday,True,29,16,tarde,Llevar,Debito,6000,0,958,0
4432,2024-07-20,2024,7,July,Saturday,True,29,16,tarde,Servir,Debito,15300,0,2443,0
4433,2024-07-20,2024,7,July,Saturday,True,29,16,tarde,Servir,Efectivo,11500,0,0,0
4434,2024-07-20,2024,7,July,Saturday,True,29,17,tarde,Servir,Efectivo,12200,0,1948,0
4435,2024-07-20,2024,7,July,Saturday,True,29,17,tarde,Llevar,Debito,4000,0,639,0
4436,2024-07-20,2024,7,July,Saturday,True,29,17,tarde,Servir,Credito,6300,0,0,0
4437,2024-07-20,2024,7,July,Saturday,True,29,17,tarde,Llevar,Efectivo,2800,0,447,0
4438,2024-07-20,2024,7,July,Saturday,True,29,17,tarde,Llevar,Debito,3200,0,511,0
4439,2024-07-20,2024,7,July,Saturday,True,29,17,tarde,Servir,Efectivo,11400,0,0,0
4440,2024-07-20,2024,7,July,Saturday,True,29,17,tarde,Servir,Efectivo,16700,0,2666,0
4441,2024-07-20,2024,7,July,Saturday,True,29,17,tarde,Llevar,Debito,2000,0,319,0
4442,2024-07-20,2024,7,July,Saturday,True,29,18,tarde,Llevar,Efectivo,10500,0,1676,0
4443,2024-07-20,2024,7,July,Saturday,True,29,18,tarde,Llevar,Debito,4000,0,639,0
4444,2024-07-20,2024,7,July,Saturday,True,29,18,tarde,Llevar,Debito,6000,0,958,0
4445,2024-07-20,2024,7,July,Saturday,True,29,18,tarde,Llevar,Debito,4500,0,0,0
4446,2024-07-20,2024,7,July,Saturday,True,29,18,tarde,Llevar,Credito,6700,0,1070,0
4447,2024-07-20,2024,7,July,Saturday,True,29,18,tarde,Servir,Debito,14600,0,2331,0
4448,2024-07-20,2024,7,July,Saturday,True,29,18,tarde,Servir,Debito,11400,0,1820,0
4449,2024-07-20,2024,7,July,Saturday,True,29,18,tarde,Llevar,Debito,7200,0,1150,0
4450,2024-07-20,2024,7,July,Saturday,True,29,18,tarde,Llevar,Debito,7800,0,1245,0
4451,2024-07-20,2024,7,July,Saturday,True,29,18,tarde,Llevar,Debito,7300,0,1166,0
4452,2024-07-20,2024,7,July,Saturday,True,29,18,tarde,Servir,Debito,5500,0,878,0
4453,2024-07-20,2024,7,July,Saturday,True,29,18,tarde,Servir,Debito,21300,0,3401,0
4454,2024-07-20,2024,7,July,Saturday,True,29,18,tarde,Servir,Debito,10300,0,1645,0
4455,2024-07-20,2024,7,July,Saturday,True,29,18,tarde,Llevar,Efectivo,8500,0,1357,0
4456,2024-07-20,2024,7,July,Saturday,True,29,18,tarde,Llevar,Debito,5600,0,894,0
4457,2024-07-20,2024,7,July,Saturday,True,29,18,tarde,Servir,Debito,3500,0,559,0
4458,2024-07-20,2024,7,July,Saturday,True,29,18,tarde,Llevar,Debito,12300,0,1964,0
4459,2024-07-20,2024,7,July,Saturday,True,29,18,tarde,Servir,Debito,9800,0,1565,0
4460,2024-07-20,2024,7,July,Saturday,True,29,18,tarde,Llevar,Efectivo,2000,0,319,0
4461,2024-07-20,2024,7,July,Saturday,True,29,19,cierre,Llevar,Debito,6000,0,958,0
4462,2024-07-20,2024,7,July,Saturday,True,29,19,cierre,Llevar,Debito,3000,0,0,0
4463,2024-07-20,2024,7,July,Saturday,True,29,19,cierre,Llevar,Efectivo,4900,0,0,0
4464,2024-07-20,2024,7,July,Saturday,True,29,19,cierre,Llevar,Debito,8700,0,1389,0
4465,2024-07-20,2024,7,July,Saturday,True,29,19,cierre,Llevar,Efectivo,2200,0,351,0
4466,2024-07-20,2024,7,July,Saturday,True,29,19,cierre,Llevar,Efectivo,1500,0,239,0
4467,2024-07-20,2024,7,July,Saturday,True,29,19,cierre,Llevar,Debito,3800,0,607,0
4468,2024-07-20,2024,7,July,Saturday,True,29,20,cierre,Llevar,Debito,9100,0,0,0
4469,2024-07-20,2024,7,July,Saturday,True,29,20,cierre,Llevar,Debito,5200,0,0,0
4470,2024-07-20,2024,7,July,Saturday,True,29,20,cierre,Llevar,Debito,11200,0,1788,0
4471,2024-07-20,2024,7,July,Saturday,True,29,20,cierre,Llevar,Debito,11300,0,1804,0
4472,2024-07-21,2024,7,July,Sunday,True,29,13,almuerzo,Servir,Credito,26000,0,4151,0
4473,2024-07-21,2024,7,July,Sunday,True,29,14,almuerzo,Llevar,Debito,5800,0,926,0
4474,2024-07-21,2024,7,July,Sunday,True,29,14,almuerzo,Llevar,Transferencia,42000,0,0,0
4475,2024-07-21,2024,7,July,Sunday,True,29,15,almuerzo,Llevar,Debito,16200,0,2587,0
4476,2024-07-21,2024,7,July,Sunday,True,29,15,almuerzo,Llevar,Debito,4000,0,639,0
4477,2024-07-21,2024,7,July,Sunday,True,29,15,almuerzo,Llevar,Debito,5300,0,846,0
4478,2024-07-21,2024,7,July,Sunday,True,29,15,almuerzo,Llevar,Debito,5600,0,0,0
4479,2024-07-21,2024,7,July,Sunday,True,29,15,almuerzo,Llevar,Debito,3500,0,559,0
4480,2024-07-21,2024,7,July,Sunday,True,29,15,almuerzo,Llevar,Debito,3400,0,543,0
4481,2024-07-21,2024,7,July,Sunday,True,29,15,almuerzo,Servir,Debito,12700,0,2028,0
4482,2024-07-21,2024,7,July,Sunday,True,29,16,tarde,Llevar,Efectivo,5900,0,942,0
4483,2024-07-21,2024,7,July,Sunday,True,29,16,tarde,Servir,Credito,19700,0,3145,0
4484,2024-07-21,2024,7,July,Sunday,True,29,16,tarde,Servir,Debito,11500,0,1836,0
4485,2024-07-21,2024,7,July,Sunday,True,29,16,tarde,Llevar,Efectivo,3500,0,559,0
4486,2024-07-21,2024,7,July,Sunday,True,29,16,tarde,Llevar,Efectivo,5800,0,926,0
4487,2024-07-21,2024,7,July,Sunday,True,29,16,tarde,Llevar,Efectivo,16600,0,2650,0
4488,2024-07-21,2024,7,July,Sunday,True,29,16,tarde,Llevar,Debito,3500,0,559,0
4489,2024-07-21,2024,7,July,Sunday,True,29,16,tarde,Llevar,Debito,3500,0,559,0
4490,2024-07-21,2024,7,July,Sunday,True,29,17,tarde,Servir,Debito,12600,0,2012,0
4491,2024-07-21,2024,7,July,Sunday,True,29,17,tarde,Llevar,Efectivo,11600,0,1852,0
4492,2024-07-21,2024,7,July,Sunday,True,29,17,tarde,Llevar,Debito,2700,0,431,0
4493,2024-07-21,2024,7,July,Sunday,True,29,17,tarde,Servir,Debito,29500,0,4710,0
4494,2024-07-21,2024,7,July,Sunday,True,29,17,tarde,Llevar,Debito,12000,0,1916,0
4495,2024-07-21,2024,7,July,Sunday,True,29,17,tarde,Servir,Debito,11800,0,1884,0
4496,2024-07-22,2024,7,July,Monday,False,30,10,manana,Llevar,Efectivo,7800,0,0,0
4497,2024-07-22,2024,7,July,Monday,False,30,11,manana,Llevar,Debito,5000,0,798,0
4498,2024-07-22,2024,7,July,Monday,False,30,13,almuerzo,Llevar,Efectivo,8000,0,0,0
4499,2024-07-22,2024,7,July,Monday,False,30,13,almuerzo,Servir,Debito,2000,0,319,0
4500,2024-07-22,2024,7,July,Monday,False,30,13,almuerzo,Llevar,Efectivo,3100,0,0,0
4501,2024-07-22,2024,7,July,Monday,False,30,13,almuerzo,Servir,Credito,6500,0,1038,0
4502,2024-07-22,2024,7,July,Monday,False,30,13,almuerzo,Llevar,Debito,3400,0,543,0
4503,2024-07-22,2024,7,July,Monday,False,30,13,almuerzo,Llevar,Debito,1500,0,239,0
4504,2024-07-22,2024,7,July,Monday,False,30,13,almuerzo,Llevar,Debito,4300,0,687,0
4505,2024-07-22,2024,7,July,Monday,False,30,15,almuerzo,Llevar,Debito,5100,0,814,0
4506,2024-07-22,2024,7,July,Monday,False,30,15,almuerzo,Llevar,Debito,2000,0,319,0
4507,2024-07-22,2024,7,July,Monday,False,30,15,almuerzo,Llevar,Debito,4900,0,782,0
4508,2024-07-22,2024,7,July,Monday,False,30,15,almuerzo,Llevar,Debito,3400,0,543,0
4509,2024-07-22,2024,7,July,Monday,False,30,15,almuerzo,Llevar,Debito,6200,0,990,0
4510,2024-07-22,2024,7,July,Monday,False,30,16,tarde,Llevar,Debito,1400,0,224,0
4511,2024-07-22,2024,7,July,Monday,False,30,16,tarde,Servir,Debito,11000,0,1756,0
4512,2024-07-22,2024,7,July,Monday,False,30,16,tarde,Servir,Debito,7200,0,1150,0
4513,2024-07-22,2024,7,July,Monday,False,30,16,tarde,Servir,Credito,8700,0,1389,0
4514,2024-07-22,2024,7,July,Monday,False,30,16,tarde,Llevar,Debito,3400,0,543,0
4515,2024-07-22,2024,7,July,Monday,False,30,16,tarde,Llevar,Debito,5000,0,798,0
4516,2024-07-22,2024,7,July,Monday,False,30,16,tarde,Servir,Debito,10000,0,1597,0
4517,2024-07-22,2024,7,July,Monday,False,30,16,tarde,Llevar,Debito,3000,0,479,0
4518,2024-07-22,2024,7,July,Monday,False,30,16,tarde,Servir,Debito,2000,0,319,0
4519,2024-07-22,2024,7,July,Monday,False,30,16,tarde,Servir,Debito,3200,0,511,0
4520,2024-07-22,2024,7,July,Monday,False,30,16,tarde,Llevar,Efectivo,12000,0,0,0
4521,2024-07-22,2024,7,July,Monday,False,30,17,tarde,Llevar,Efectivo,2300,0,367,0
4522,2024-07-22,2024,7,July,Monday,False,30,17,tarde,Llevar,Efectivo,6200,0,0,0
4523,2024-07-22,2024,7,July,Monday,False,30,17,tarde,Servir,Debito,12500,0,1996,0
4524,2024-07-22,2024,7,July,Monday,False,30,17,tarde,Llevar,Debito,5600,0,894,0
4525,2024-07-22,2024,7,July,Monday,False,30,17,tarde,Servir,Debito,15000,0,2395,0
4526,2024-07-22,2024,7,July,Monday,False,30,17,tarde,Servir,Debito,10700,0,0,0
4527,2024-07-22,2024,7,July,Monday,False,30,17,tarde,Llevar,Credito,2000,0,319,0
4528,2024-07-22,2024,7,July,Monday,False,30,17,tarde,Llevar,Debito,2000,0,319,0
4529,2024-07-22,2024,7,July,Monday,False,30,17,tarde,Llevar,Debito,5200,0,830,0
4530,2024-07-22,2024,7,July,Monday,False,30,17,tarde,Llevar,Debito,19800,0,3161,0
4531,2024-07-22,2024,7,July,Monday,False,30,18,tarde,Servir,Debito,18400,0,2938,0
4532,2024-07-22,2024,7,July,Monday,False,30,18,tarde,Servir,Debito,9000,0,1437,0
4533,2024-07-22,2024,7,July,Monday,False,30,18,tarde,Llevar,Efectivo,7100,0,1134,0
4534,2024-07-22,2024,7,July,Monday,False,30,18,tarde,Llevar,Efectivo,3100,0,0,0
4535,2024-07-22,2024,7,July,Monday,False,30,18,tarde,Llevar,Efectivo,4000,0,639,0
4536,2024-07-22,2024,7,July,Monday,False,30,18,tarde,Llevar,Efectivo,2700,0,0,0
4537,2024-07-22,2024,7,July,Monday,False,30,18,tarde,Llevar,Debito,8500,0,1357,0
4538,2024-07-22,2024,7,July,Monday,False,30,18,tarde,Servir,Debito,8000,0,1277,0
4539,2024-07-22,2024,7,July,Monday,False,30,18,tarde,Llevar,Debito,2500,0,399,0
4540,2024-07-22,2024,7,July,Monday,False,30,18,tarde,Llevar,Debito,5800,0,926,0
4541,2024-07-22,2024,7,July,Monday,False,30,18,tarde,Llevar,Debito,3100,0,495,0
4542,2024-07-22,2024,7,July,Monday,False,30,18,tarde,Llevar,Debito,2000,0,319,0
4543,2024-07-22,2024,7,July,Monday,False,30,18,tarde,Llevar,Credito,4500,0,0,0
4544,2024-07-22,2024,7,July,Monday,False,30,19,cierre,Llevar,Debito,2000,0,319,0
4545,2024-07-22,2024,7,July,Monday,False,30,19,cierre,Llevar,Debito,24900,0,3976,0
4546,2024-07-22,2024,7,July,Monday,False,30,19,cierre,Servir,Debito,17700,0,0,0
4547,2024-07-22,2024,7,July,Monday,False,30,19,cierre,Servir,Debito,12200,0,1948,0
4548,2024-07-22,2024,7,July,Monday,False,30,19,cierre,Llevar,Debito,3400,0,543,0
4549,2024-07-22,2024,7,July,Monday,False,30,19,cierre,Llevar,Debito,5900,0,942,0
4550,2024-07-22,2024,7,July,Monday,False,30,19,cierre,Llevar,Debito,5000,0,798,0
4551,2024-07-22,2024,7,July,Monday,False,30,20,cierre,Servir,Efectivo,7600,0,1213,0
4552,2024-07-23,2024,7,July,Tuesday,False,30,11,manana,Llevar,Debito,2500,0,399,0
4553,2024-07-23,2024,7,July,Tuesday,False,30,12,manana,Servir,Debito,6000,0,958,0
4554,2024-07-23,2024,7,July,Tuesday,False,30,12,manana,Llevar,Efectivo,5600,0,894,0
4555,2024-07-23,2024,7,July,Tuesday,False,30,12,manana,Llevar,Efectivo,8300,0,1325,0
4556,2024-07-23,2024,7,July,Tuesday,False,30,13,almuerzo,Llevar,Debito,4500,0,718,0
4557,2024-07-23,2024,7,July,Tuesday,False,30,13,almuerzo,Llevar,Debito,2000,0,319,0
4558,2024-07-23,2024,7,July,Tuesday,False,30,13,almuerzo,Servir,Debito,8800,0,1405,0
4559,2024-07-23,2024,7,July,Tuesday,False,30,13,almuerzo,Llevar,Debito,1400,0,224,0
4560,2024-07-23,2024,7,July,Tuesday,False,30,13,almuerzo,Llevar,Debito,2800,0,447,0
4561,2024-07-23,2024,7,July,Tuesday,False,30,13,almuerzo,Llevar,Debito,2500,0,399,0
4562,2024-07-23,2024,7,July,Tuesday,False,30,13,almuerzo,Llevar,Debito,3400,0,543,0
4563,2024-07-23,2024,7,July,Tuesday,False,30,14,almuerzo,Servir,Debito,10600,0,1692,0
4564,2024-07-23,2024,7,July,Tuesday,False,30,15,almuerzo,Llevar,Debito,8000,0,1277,0
4565,2024-07-23,2024,7,July,Tuesday,False,30,15,almuerzo,Llevar,Debito,3400,0,543,0
4566,2024-07-23,2024,7,July,Tuesday,False,30,15,almuerzo,Llevar,Debito,6300,0,1006,0
4567,2024-07-23,2024,7,July,Tuesday,False,30,15,almuerzo,Llevar,Efectivo,5500,0,0,0
4568,2024-07-23,2024,7,July,Tuesday,False,30,15,almuerzo,Llevar,Efectivo,2000,0,0,0
4569,2024-07-23,2024,7,July,Tuesday,False,30,15,almuerzo,Llevar,Debito,10000,0,1597,0
4570,2024-07-23,2024,7,July,Tuesday,False,30,15,almuerzo,Llevar,Debito,3500,0,559,0
4571,2024-07-23,2024,7,July,Tuesday,False,30,15,almuerzo,Llevar,Debito,2000,0,319,0
4572,2024-07-23,2024,7,July,Tuesday,False,30,15,almuerzo,Llevar,Efectivo,1500,0,0,0
4573,2024-07-23,2024,7,July,Tuesday,False,30,16,tarde,Llevar,Efectivo,2800,0,0,0
4574,2024-07-23,2024,7,July,Tuesday,False,30,16,tarde,Llevar,Debito,9000,0,1437,0
4575,2024-07-23,2024,7,July,Tuesday,False,30,16,tarde,Servir,Debito,13400,0,2139,0
4576,2024-07-23,2024,7,July,Tuesday,False,30,16,tarde,Llevar,Debito,2000,0,319,0
4577,2024-07-23,2024,7,July,Tuesday,False,30,16,tarde,Llevar,Efectivo,1400,0,224,0
4578,2024-07-23,2024,7,July,Tuesday,False,30,16,tarde,Llevar,Debito,2000,0,319,0
4579,2024-07-23,2024,7,July,Tuesday,False,30,16,tarde,Servir,Efectivo,22200,0,3545,0
4580,2024-07-23,2024,7,July,Tuesday,False,30,17,tarde,Llevar,Debito,2000,0,319,0
4581,2024-07-23,2024,7,July,Tuesday,False,30,17,tarde,Llevar,Debito,4800,0,766,0
4582,2024-07-23,2024,7,July,Tuesday,False,30,17,tarde,Llevar,Debito,12800,0,0,0
4583,2024-07-23,2024,7,July,Tuesday,False,30,17,tarde,Servir,Credito,17300,0,2762,0
4584,2024-07-23,2024,7,July,Tuesday,False,30,17,tarde,Llevar,Debito,3100,0,495,0
4585,2024-07-23,2024,7,July,Tuesday,False,30,17,tarde,Servir,Debito,11100,0,1772,0
4586,2024-07-23,2024,7,July,Tuesday,False,30,17,tarde,Llevar,Debito,4000,0,639,0
4587,2024-07-23,2024,7,July,Tuesday,False,30,17,tarde,Llevar,Efectivo,1600,0,255,0
4588,2024-07-23,2024,7,July,Tuesday,False,30,17,tarde,Servir,Credito,12900,0,2060,0
4589,2024-07-23,2024,7,July,Tuesday,False,30,17,tarde,Llevar,Debito,4000,0,0,0
4590,2024-07-23,2024,7,July,Tuesday,False,30,17,tarde,Llevar,Debito,3500,0,559,0
4591,2024-07-23,2024,7,July,Tuesday,False,30,18,tarde,Llevar,Credito,7800,0,1245,0
4592,2024-07-23,2024,7,July,Tuesday,False,30,18,tarde,Llevar,Debito,5500,0,878,0
4593,2024-07-23,2024,7,July,Tuesday,False,30,18,tarde,Servir,Debito,20100,0,3209,0
4594,2024-07-23,2024,7,July,Tuesday,False,30,18,tarde,Servir,Credito,5800,0,926,0
4595,2024-07-23,2024,7,July,Tuesday,False,30,18,tarde,Servir,Debito,9100,0,1453,0
4596,2024-07-23,2024,7,July,Tuesday,False,30,18,tarde,Servir,Debito,9200,0,1469,0
4597,2024-07-23,2024,7,July,Tuesday,False,30,18,tarde,Llevar,Debito,6000,0,958,0
4598,2024-07-23,2024,7,July,Tuesday,False,30,18,tarde,Servir,Debito,21200,0,3385,0
4599,2024-07-23,2024,7,July,Tuesday,False,30,18,tarde,Servir,Credito,18100,0,2890,0
4600,2024-07-23,2024,7,July,Tuesday,False,30,19,cierre,Servir,Debito,16700,0,2666,0
4601,2024-07-23,2024,7,July,Tuesday,False,30,19,cierre,Llevar,Efectivo,4500,0,718,0
4602,2024-07-23,2024,7,July,Tuesday,False,30,19,cierre,Llevar,Debito,11400,0,0,0
4603,2024-07-23,2024,7,July,Tuesday,False,30,19,cierre,Llevar,Edenred,7000,0,0,0
4604,2024-07-23,2024,7,July,Tuesday,False,30,19,cierre,Llevar,Debito,2000,0,319,0
4605,2024-07-23,2024,7,July,Tuesday,False,30,19,cierre,Llevar,Debito,1500,0,0,0
4606,2024-07-23,2024,7,July,Tuesday,False,30,19,cierre,Servir,Debito,14700,0,2347,0
4607,2024-07-23,2024,7,July,Tuesday,False,30,19,cierre,Llevar,Efectivo,1500,0,239,0
4608,2024-07-23,2024,7,July,Tuesday,False,30,19,cierre,Llevar,Efectivo,4600,0,734,0
4609,2024-07-23,2024,7,July,Tuesday,False,30,19,cierre,Llevar,Debito,4400,0,703,0
4610,2024-07-23,2024,7,July,Tuesday,False,30,19,cierre,Servir,Debito,8900,0,1421,0
4611,2024-07-23,2024,7,July,Tuesday,False,30,19,cierre,Llevar,Debito,2800,0,447,0
4612,2024-07-23,2024,7,July,Tuesday,False,30,19,cierre,Servir,Efectivo,3500,0,0,0
4613,2024-07-23,2024,7,July,Tuesday,False,30,19,cierre,Llevar,Efectivo,6600,0,0,0
4614,2024-07-23,2024,7,July,Tuesday,False,30,19,cierre,Llevar,Efectivo,3000,0,479,0
4615,2024-07-23,2024,7,July,Tuesday,False,30,19,cierre,Servir,Debito,10600,0,1692,0
4616,2024-07-24,2024,7,July,Wednesday,False,30,11,manana,Llevar,Debito,42100,0,6722,0
4617,2024-07-24,2024,7,July,Wednesday,False,30,12,manana,Servir,Debito,7300,0,1166,0
4618,2024-07-24,2024,7,July,Wednesday,False,30,12,manana,Llevar,Debito,1500,0,239,0
4619,2024-07-24,2024,7,July,Wednesday,False,30,12,manana,Llevar,Debito,1400,0,224,0
4620,2024-07-24,2024,7,July,Wednesday,False,30,12,manana,Llevar,Debito,3500,0,559,0
4621,2024-07-24,2024,7,July,Wednesday,False,30,13,almuerzo,Llevar,Debito,5100,0,814,0
4622,2024-07-24,2024,7,July,Wednesday,False,30,13,almuerzo,Llevar,Debito,2000,0,319,0
4623,2024-07-24,2024,7,July,Wednesday,False,30,13,almuerzo,Servir,Debito,10500,0,1676,0
4624,2024-07-24,2024,7,July,Wednesday,False,30,13,almuerzo,Llevar,Debito,2900,0,463,0
4625,2024-07-24,2024,7,July,Wednesday,False,30,14,almuerzo,Llevar,Debito,5800,0,926,0
4626,2024-07-24,2024,7,July,Wednesday,False,30,15,almuerzo,Servir,Debito,5900,0,942,0
4627,2024-07-24,2024,7,July,Wednesday,False,30,15,almuerzo,Servir,Debito,14900,0,2379,0
4628,2024-07-24,2024,7,July,Wednesday,False,30,15,almuerzo,Llevar,Debito,5000,0,798,0
4629,2024-07-24,2024,7,July,Wednesday,False,30,15,almuerzo,Servir,Efectivo,10200,0,1629,1020
4630,2024-07-24,2024,7,July,Wednesday,False,30,15,almuerzo,Llevar,Efectivo,7800,0,0,0
4631,2024-07-24,2024,7,July,Wednesday,False,30,15,almuerzo,Delivery,Otro,14235,2540,0,0
4632,2024-07-24,2024,7,July,Wednesday,False,30,16,tarde,Servir,Debito,11100,0,1772,0
4633,2024-07-24,2024,7,July,Wednesday,False,30,16,tarde,Llevar,Efectivo,1500,0,239,0
4634,2024-07-24,2024,7,July,Wednesday,False,30,16,tarde,Servir,Debito,4000,0,639,0
4635,2024-07-24,2024,7,July,Wednesday,False,30,16,tarde,Llevar,Debito,3500,0,559,0
4636,2024-07-24,2024,7,July,Wednesday,False,30,16,tarde,Llevar,Efectivo,6000,0,958,0
4637,2024-07-24,2024,7,July,Wednesday,False,30,16,tarde,Servir,Efectivo,35400,0,5652,0
4638,2024-07-24,2024,7,July,Wednesday,False,30,17,tarde,Servir,Debito,11500,0,1836,0
4639,2024-07-24,2024,7,July,Wednesday,False,30,17,tarde,Llevar,Debito,3200,0,511,0
4640,2024-07-24,2024,7,July,Wednesday,False,30,17,tarde,Llevar,Debito,4000,0,639,0
4641,2024-07-24,2024,7,July,Wednesday,False,30,17,tarde,Servir,Debito,3800,0,607,0
4642,2024-07-24,2024,7,July,Wednesday,False,30,17,tarde,Llevar,Efectivo,4000,0,0,0
4643,2024-07-24,2024,7,July,Wednesday,False,30,17,tarde,Llevar,Debito,4800,0,766,0
4644,2024-07-24,2024,7,July,Wednesday,False,30,17,tarde,Llevar,Debito,9200,0,1469,0
4645,2024-07-24,2024,7,July,Wednesday,False,30,17,tarde,Llevar,Debito,9721,0,1552,0
4646,2024-07-24,2024,7,July,Wednesday,False,30,17,tarde,Llevar,Debito,5000,0,798,0
4647,2024-07-24,2024,7,July,Wednesday,False,30,17,tarde,Llevar,Debito,9000,0,1437,0
4648,2024-07-24,2024,7,July,Wednesday,False,30,18,tarde,Llevar,Debito,8400,0,1341,0
4649,2024-07-24,2024,7,July,Wednesday,False,30,18,tarde,Llevar,Efectivo,3500,0,559,0
4650,2024-07-24,2024,7,July,Wednesday,False,30,18,tarde,Llevar,Credito,10200,0,1629,0
4651,2024-07-24,2024,7,July,Wednesday,False,30,18,tarde,Servir,Debito,4500,0,718,0
4652,2024-07-24,2024,7,July,Wednesday,False,30,18,tarde,Llevar,Debito,2400,0,383,0
4653,2024-07-24,2024,7,July,Wednesday,False,30,18,tarde,Llevar,Efectivo,5000,0,798,0
4654,2024-07-24,2024,7,July,Wednesday,False,30,18,tarde,Servir,Debito,21800,0,3481,0
4655,2024-07-24,2024,7,July,Wednesday,False,30,18,tarde,Llevar,Debito,4400,0,703,0
4656,2024-07-24,2024,7,July,Wednesday,False,30,18,tarde,Servir,Debito,4000,0,639,0
4657,2024-07-24,2024,7,July,Wednesday,False,30,19,cierre,Servir,Efectivo,8800,0,1405,0
4658,2024-07-24,2024,7,July,Wednesday,False,30,19,cierre,Llevar,Debito,3500,0,559,0
4659,2024-07-24,2024,7,July,Wednesday,False,30,19,cierre,Llevar,Debito,6600,0,1054,0
4660,2024-07-24,2024,7,July,Wednesday,False,30,19,cierre,Llevar,Credito,6200,0,990,0
4661,2024-07-24,2024,7,July,Wednesday,False,30,19,cierre,Llevar,Debito,5600,0,894,0
4662,2024-07-24,2024,7,July,Wednesday,False,30,19,cierre,Llevar,Efectivo,3500,0,559,0
4663,2024-07-24,2024,7,July,Wednesday,False,30,19,cierre,Servir,Credito,14400,0,0,0
4664,2024-07-24,2024,7,July,Wednesday,False,30,19,cierre,Llevar,Debito,1400,0,0,0
4665,2024-07-24,2024,7,July,Wednesday,False,30,19,cierre,Servir,Credito,2000,0,319,0
4666,2024-07-24,2024,7,July,Wednesday,False,30,19,cierre,Llevar,Debito,2800,0,0,0
4667,2024-07-24,2024,7,July,Wednesday,False,30,19,cierre,Llevar,Debito,8000,0,1277,0
4668,2024-07-24,2024,7,July,Wednesday,False,30,19,cierre,Llevar,Efectivo,2200,0,351,0
4669,2024-07-24,2024,7,July,Wednesday,False,30,20,cierre,Llevar,Debito,7000,0,1118,0
4670,2024-07-24,2024,7,July,Wednesday,False,30,20,cierre,Llevar,Debito,1771,0,283,0
4671,2024-07-24,2024,7,July,Wednesday,False,30,20,cierre,Llevar,Credito,11600,0,0,0
4672,2024-07-25,2024,7,July,Thursday,False,30,11,manana,Servir,Debito,5700,0,910,0
4673,2024-07-25,2024,7,July,Thursday,False,30,11,manana,Servir,Debito,3200,0,511,0
4674,2024-07-25,2024,7,July,Thursday,False,30,12,manana,Llevar,Debito,9500,0,1517,0
4675,2024-07-25,2024,7,July,Thursday,False,30,12,manana,Llevar,Credito,3000,0,479,0
4676,2024-07-25,2024,7,July,Thursday,False,30,12,manana,Servir,Debito,10600,0,1692,0
4677,2024-07-25,2024,7,July,Thursday,False,30,12,manana,Llevar,Efectivo,3200,0,511,0
4678,2024-07-25,2024,7,July,Thursday,False,30,13,almuerzo,Llevar,Efectivo,3400,0,543,0
4679,2024-07-25,2024,7,July,Thursday,False,30,13,almuerzo,Llevar,Debito,4000,0,639,0
4680,2024-07-25,2024,7,July,Thursday,False,30,14,almuerzo,Llevar,Debito,1400,0,224,0
4681,2024-07-25,2024,7,July,Thursday,False,30,14,almuerzo,Llevar,Debito,17000,0,2714,0
4682,2024-07-25,2024,7,July,Thursday,False,30,14,almuerzo,Llevar,Debito,11400,0,1820,0
4683,2024-07-25,2024,7,July,Thursday,False,30,15,almuerzo,Llevar,Debito,6000,0,958,0
4684,2024-07-25,2024,7,July,Thursday,False,30,15,almuerzo,Llevar,Debito,2000,0,319,0
4685,2024-07-25,2024,7,July,Thursday,False,30,15,almuerzo,Llevar,Credito,3500,0,559,0
4686,2024-07-25,2024,7,July,Thursday,False,30,15,almuerzo,Llevar,Credito,3100,0,495,0
4687,2024-07-25,2024,7,July,Thursday,False,30,15,almuerzo,Servir,Debito,6000,0,958,0
4688,2024-07-25,2024,7,July,Thursday,False,30,15,almuerzo,Llevar,Debito,10600,0,1692,0
4689,2024-07-25,2024,7,July,Thursday,False,30,15,almuerzo,Llevar,Efectivo,4000,0,639,0
4690,2024-07-25,2024,7,July,Thursday,False,30,15,almuerzo,Llevar,Debito,3900,0,623,0
4691,2024-07-25,2024,7,July,Thursday,False,30,15,almuerzo,Servir,Efectivo,8200,0,1309,0
4692,2024-07-25,2024,7,July,Thursday,False,30,15,almuerzo,Servir,Debito,6200,0,990,0
4693,2024-07-25,2024,7,July,Thursday,False,30,15,almuerzo,Llevar,Debito,4000,0,639,0
4694,2024-07-25,2024,7,July,Thursday,False,30,16,tarde,Llevar,Debito,1400,0,224,0
4695,2024-07-25,2024,7,July,Thursday,False,30,16,tarde,Servir,Debito,6600,0,1054,0
4696,2024-07-25,2024,7,July,Thursday,False,30,16,tarde,Servir,Debito,9000,0,1437,0
4697,2024-07-25,2024,7,July,Thursday,False,30,16,tarde,Servir,Debito,6600,0,1054,0
4698,2024-07-25,2024,7,July,Thursday,False,30,16,tarde,Llevar,Debito,5600,0,0,0
4699,2024-07-25,2024,7,July,Thursday,False,30,16,tarde,Llevar,Debito,2800,0,447,0
4700,2024-07-25,2024,7,July,Thursday,False,30,16,tarde,Servir,Debito,3200,0,511,0
4701,2024-07-25,2024,7,July,Thursday,False,30,17,tarde,Llevar,Credito,5000,0,798,0
4702,2024-07-25,2024,7,July,Thursday,False,30,17,tarde,Llevar,Debito,7600,0,1213,0
4703,2024-07-25,2024,7,July,Thursday,False,30,17,tarde,Servir,Debito,9000,0,1437,0
4704,2024-07-25,2024,7,July,Thursday,False,30,17,tarde,Llevar,Credito,11400,0,0,0
4705,2024-07-25,2024,7,July,Thursday,False,30,17,tarde,Llevar,Debito,4300,0,0,0
4706,2024-07-25,2024,7,July,Thursday,False,30,18,tarde,Llevar,Debito,5100,0,814,0
4707,2024-07-25,2024,7,July,Thursday,False,30,18,tarde,Servir,Debito,11800,0,1884,0
4708,2024-07-25,2024,7,July,Thursday,False,30,18,tarde,Llevar,Debito,5700,0,910,0
4709,2024-07-25,2024,7,July,Thursday,False,30,18,tarde,Llevar,Debito,6300,0,1006,0
4710,2024-07-25,2024,7,July,Thursday,False,30,18,tarde,Servir,Debito,6000,0,958,0
4711,2024-07-25,2024,7,July,Thursday,False,30,18,tarde,Llevar,Credito,5000,0,798,0
4712,2024-07-25,2024,7,July,Thursday,False,30,18,tarde,Servir,Credito,4622,0,0,0
4713,2024-07-25,2024,7,July,Thursday,False,30,18,tarde,Llevar,Transferencia,5600,0,0,0
4714,2024-07-25,2024,7,July,Thursday,False,30,18,tarde,Servir,Credito,6600,0,0,0
4715,2024-07-25,2024,7,July,Thursday,False,30,18,tarde,Llevar,Debito,3100,0,495,0
4716,2024-07-25,2024,7,July,Thursday,False,30,18,tarde,Llevar,Efectivo,18100,0,0,0
4717,2024-07-25,2024,7,July,Thursday,False,30,18,tarde,Llevar,Debito,1500,0,239,0
4718,2024-07-25,2024,7,July,Thursday,False,30,18,tarde,Servir,Efectivo,5500,0,878,0
4719,2024-07-25,2024,7,July,Thursday,False,30,18,tarde,Servir,Debito,6000,0,0,0
4720,2024-07-25,2024,7,July,Thursday,False,30,18,tarde,Llevar,Efectivo,3500,0,0,0
4721,2024-07-25,2024,7,July,Thursday,False,30,18,tarde,Llevar,Debito,2000,0,0,0
4722,2024-07-25,2024,7,July,Thursday,False,30,18,tarde,Servir,Debito,13200,0,0,0
4723,2024-07-25,2024,7,July,Thursday,False,30,18,tarde,Servir,Debito,7800,0,1245,0
4724,2024-07-25,2024,7,July,Thursday,False,30,19,cierre,Llevar,Debito,3100,0,495,0
4725,2024-07-25,2024,7,July,Thursday,False,30,19,cierre,Llevar,Credito,6400,0,1022,0
4726,2024-07-25,2024,7,July,Thursday,False,30,19,cierre,Llevar,Credito,17600,0,2810,0
4727,2024-07-25,2024,7,July,Thursday,False,30,19,cierre,Llevar,Debito,4500,0,718,0
4728,2024-07-25,2024,7,July,Thursday,False,30,19,cierre,Llevar,Debito,2500,0,399,0
4729,2024-07-25,2024,7,July,Thursday,False,30,20,cierre,Llevar,Debito,3860,0,0,0
4730,2024-07-26,2024,7,July,Friday,False,30,13,almuerzo,Llevar,Debito,8400,0,1341,0
4731,2024-07-26,2024,7,July,Friday,False,30,13,almuerzo,Llevar,Debito,7629,0,1218,0
4732,2024-07-26,2024,7,July,Friday,False,30,13,almuerzo,Delivery,Otro,22125,0,0,0
4733,2024-07-26,2024,7,July,Friday,False,30,14,almuerzo,Llevar,Credito,2500,0,399,0
4734,2024-07-26,2024,7,July,Friday,False,30,15,almuerzo,Servir,Efectivo,8900,0,1421,0
4735,2024-07-26,2024,7,July,Friday,False,30,15,almuerzo,Servir,Debito,8700,0,1389,0
4736,2024-07-26,2024,7,July,Friday,False,30,15,almuerzo,Llevar,Debito,8000,0,1277,0
4737,2024-07-26,2024,7,July,Friday,False,30,15,almuerzo,Llevar,Efectivo,5800,0,926,0
4738,2024-07-26,2024,7,July,Friday,False,30,15,almuerzo,Llevar,Transferencia,1500,0,239,0
4739,2024-07-26,2024,7,July,Friday,False,30,16,tarde,Llevar,Debito,4700,0,750,0
4740,2024-07-26,2024,7,July,Friday,False,30,16,tarde,Llevar,Debito,13000,0,2076,0
4741,2024-07-26,2024,7,July,Friday,False,30,16,tarde,Llevar,Debito,3000,0,479,0
4742,2024-07-26,2024,7,July,Friday,False,30,16,tarde,Llevar,Debito,2500,0,399,0
4743,2024-07-26,2024,7,July,Friday,False,30,16,tarde,Llevar,Debito,7000,0,1118,0
4744,2024-07-26,2024,7,July,Friday,False,30,17,tarde,Llevar,Debito,5400,0,862,0
4745,2024-07-26,2024,7,July,Friday,False,30,17,tarde,Llevar,Credito,6500,0,1038,0
4746,2024-07-26,2024,7,July,Friday,False,30,17,tarde,Servir,Efectivo,770,0,124,0
4747,2024-07-26,2024,7,July,Friday,False,30,17,tarde,Servir,Debito,8600,0,1373,0
4748,2024-07-26,2024,7,July,Friday,False,30,17,tarde,Servir,Debito,7700,0,1229,0
4749,2024-07-26,2024,7,July,Friday,False,30,17,tarde,Servir,Debito,12800,0,2044,0
4750,2024-07-26,2024,7,July,Friday,False,30,17,tarde,Llevar,Debito,6100,0,974,0
4751,2024-07-26,2024,7,July,Friday,False,30,17,tarde,Servir,Debito,7700,0,1229,0
4752,2024-07-26,2024,7,July,Friday,False,30,17,tarde,Llevar,Debito,13600,0,2171,0
4753,2024-07-26,2024,7,July,Friday,False,30,17,tarde,Servir,Debito,7700,0,1229,0
4754,2024-07-26,2024,7,July,Friday,False,30,17,tarde,Llevar,Debito,5200,0,830,0
4755,2024-07-26,2024,7,July,Friday,False,30,17,tarde,Llevar,Debito,2000,0,319,0
4756,2024-07-26,2024,7,July,Friday,False,30,17,tarde,Llevar,Debito,9800,0,1565,0
4757,2024-07-26,2024,7,July,Friday,False,30,17,tarde,Llevar,Debito,7400,0,1182,0
4758,2024-07-26,2024,7,July,Friday,False,30,17,tarde,Servir,Debito,11600,0,1852,0
4759,2024-07-26,2024,7,July,Friday,False,30,17,tarde,Servir,Debito,25800,0,4119,0
4760,2024-07-26,2024,7,July,Friday,False,30,18,tarde,Servir,Debito,32900,0,5253,0
4761,2024-07-26,2024,7,July,Friday,False,30,18,tarde,Llevar,Debito,4200,0,671,0
4762,2024-07-26,2024,7,July,Friday,False,30,18,tarde,Servir,Sodexo,13200,0,0,0
4763,2024-07-26,2024,7,July,Friday,False,30,18,tarde,Llevar,Debito,3000,0,479,0
4764,2024-07-26,2024,7,July,Friday,False,30,18,tarde,Llevar,Debito,1500,0,239,0
4765,2024-07-26,2024,7,July,Friday,False,30,18,tarde,Llevar,Debito,4700,0,750,0
4766,2024-07-26,2024,7,July,Friday,False,30,18,tarde,Llevar,Debito,4800,0,766,0
4767,2024-07-26,2024,7,July,Friday,False,30,18,tarde,Llevar,Credito,4900,0,782,0
4768,2024-07-26,2024,7,July,Friday,False,30,18,tarde,Llevar,Debito,11700,0,1868,0
4769,2024-07-26,2024,7,July,Friday,False,30,18,tarde,Llevar,Debito,5900,0,942,0
4770,2024-07-26,2024,7,July,Friday,False,30,19,cierre,Llevar,Debito,5200,0,830,0
4771,2024-07-26,2024,7,July,Friday,False,30,19,cierre,Llevar,Debito,5400,0,862,0
4772,2024-07-26,2024,7,July,Friday,False,30,19,cierre,Servir,Sodexo,22800,0,0,0
4773,2024-07-26,2024,7,July,Friday,False,30,19,cierre,Llevar,Debito,8800,0,1405,0
4774,2024-07-26,2024,7,July,Friday,False,30,19,cierre,Llevar,Debito,8500,0,0,0
4775,2024-07-26,2024,7,July,Friday,False,30,19,cierre,Servir,Debito,4000,0,639,0
4776,2024-07-26,2024,7,July,Friday,False,30,19,cierre,Llevar,Debito,12100,0,1932,0
4777,2024-07-26,2024,7,July,Friday,False,30,19,cierre,Llevar,Debito,3200,0,511,0
4778,2024-07-26,2024,7,July,Friday,False,30,19,cierre,Llevar,Efectivo,5000,0,798,0
4779,2024-07-27,2024,7,July,Saturday,True,30,12,manana,Llevar,Transferencia,42000,0,0,0
4780,2024-07-27,2024,7,July,Saturday,True,30,12,manana,Llevar,Credito,11800,0,1884,0
4781,2024-07-27,2024,7,July,Saturday,True,30,12,manana,Servir,Efectivo,9100,0,1453,0
4782,2024-07-27,2024,7,July,Saturday,True,30,12,manana,Servir,Debito,14700,0,2347,0
4783,2024-07-27,2024,7,July,Saturday,True,30,12,manana,Llevar,Debito,6500,0,1038,0
4784,2024-07-27,2024,7,July,Saturday,True,30,12,manana,Llevar,Debito,6300,0,1006,0
4785,2024-07-27,2024,7,July,Saturday,True,30,12,manana,Servir,Debito,22600,0,3608,0
4786,2024-07-27,2024,7,July,Saturday,True,30,13,almuerzo,Servir,Debito,8900,0,1421,0
4787,2024-07-27,2024,7,July,Saturday,True,30,13,almuerzo,Llevar,Efectivo,4800,0,766,0
4788,2024-07-27,2024,7,July,Saturday,True,30,13,almuerzo,Llevar,Debito,4900,0,782,0
4789,2024-07-27,2024,7,July,Saturday,True,30,13,almuerzo,Llevar,Debito,1500,0,239,0
4790,2024-07-27,2024,7,July,Saturday,True,30,13,almuerzo,Llevar,Debito,1500,0,239,0
4791,2024-07-27,2024,7,July,Saturday,True,30,13,almuerzo,Servir,Debito,8900,0,1421,0
4792,2024-07-27,2024,7,July,Saturday,True,30,14,almuerzo,Llevar,Efectivo,3600,0,575,0
4793,2024-07-27,2024,7,July,Saturday,True,30,15,almuerzo,Llevar,Debito,2200,0,351,0
4794,2024-07-27,2024,7,July,Saturday,True,30,15,almuerzo,Llevar,Credito,14500,0,2315,0
4795,2024-07-27,2024,7,July,Saturday,True,30,15,almuerzo,Llevar,Efectivo,2000,0,319,0
4796,2024-07-27,2024,7,July,Saturday,True,30,15,almuerzo,Llevar,Debito,4800,0,766,0
4797,2024-07-27,2024,7,July,Saturday,True,30,15,almuerzo,Llevar,Debito,1500,0,239,0
4798,2024-07-27,2024,7,July,Saturday,True,30,15,almuerzo,Llevar,Debito,14700,0,2347,0
4799,2024-07-27,2024,7,July,Saturday,True,30,15,almuerzo,Servir,Debito,13300,0,2124,0
4800,2024-07-27,2024,7,July,Saturday,True,30,15,almuerzo,Llevar,Debito,5800,0,926,0
4801,2024-07-27,2024,7,July,Saturday,True,30,15,almuerzo,Servir,Debito,3600,0,575,0
4802,2024-07-27,2024,7,July,Saturday,True,30,15,almuerzo,Llevar,Debito,1500,0,239,0
4803,2024-07-27,2024,7,July,Saturday,True,30,16,tarde,Llevar,Debito,2000,0,319,0
4804,2024-07-27,2024,7,July,Saturday,True,30,16,tarde,Llevar,Debito,14000,0,2235,0
4805,2024-07-27,2024,7,July,Saturday,True,30,16,tarde,Servir,Efectivo,8200,0,1309,0
4806,2024-07-27,2024,7,July,Saturday,True,30,16,tarde,Llevar,Debito,4000,0,639,0
4807,2024-07-27,2024,7,July,Saturday,True,30,16,tarde,Llevar,Debito,2700,0,431,0
4808,2024-07-27,2024,7,July,Saturday,True,30,16,tarde,Llevar,Efectivo,4400,0,703,0
4809,2024-07-27,2024,7,July,Saturday,True,30,16,tarde,Llevar,Debito,2000,0,319,0
4810,2024-07-27,2024,7,July,Saturday,True,30,16,tarde,Llevar,Debito,5900,0,942,0
4811,2024-07-27,2024,7,July,Saturday,True,30,16,tarde,Servir,Sodexo,8000,0,1277,0
4812,2024-07-27,2024,7,July,Saturday,True,30,16,tarde,Servir,Efectivo,9400,0,1501,0
4813,2024-07-27,2024,7,July,Saturday,True,30,16,tarde,Llevar,Debito,5400,0,862,0
4814,2024-07-27,2024,7,July,Saturday,True,30,16,tarde,Servir,Debito,2934,0,468,0
4815,2024-07-27,2024,7,July,Saturday,True,30,16,tarde,Llevar,Efectivo,6500,0,1038,0
4816,2024-07-27,2024,7,July,Saturday,True,30,16,tarde,Llevar,Efectivo,3200,0,511,0
4817,2024-07-27,2024,7,July,Saturday,True,30,16,tarde,Servir,Debito,14900,0,2379,0
4818,2024-07-27,2024,7,July,Saturday,True,30,17,tarde,Servir,Debito,8200,0,1309,0
4819,2024-07-27,2024,7,July,Saturday,True,30,17,tarde,Llevar,Debito,4300,0,687,0
4820,2024-07-27,2024,7,July,Saturday,True,30,17,tarde,Servir,Debito,9300,0,1485,0
4821,2024-07-27,2024,7,July,Saturday,True,30,17,tarde,Servir,Efectivo,1500,0,239,0
4822,2024-07-27,2024,7,July,Saturday,True,30,17,tarde,Llevar,Debito,7100,0,1134,0
4823,2024-07-27,2024,7,July,Saturday,True,30,17,tarde,Servir,Debito,13100,0,2092,0
4824,2024-07-27,2024,7,July,Saturday,True,30,17,tarde,Servir,Efectivo,21000,0,3353,0
4825,2024-07-27,2024,7,July,Saturday,True,30,17,tarde,Llevar,Efectivo,3900,0,623,0
4826,2024-07-27,2024,7,July,Saturday,True,30,17,tarde,Llevar,Debito,6200,0,990,0
4827,2024-07-27,2024,7,July,Saturday,True,30,17,tarde,Llevar,Debito,5300,0,846,0
4828,2024-07-27,2024,7,July,Saturday,True,30,17,tarde,Llevar,Credito,10500,0,1676,0
4829,2024-07-27,2024,7,July,Saturday,True,30,17,tarde,Llevar,Efectivo,3000,0,479,0
4830,2024-07-27,2024,7,July,Saturday,True,30,17,tarde,Servir,Efectivo,8500,0,1357,0
4831,2024-07-27,2024,7,July,Saturday,True,30,18,tarde,Llevar,Debito,6000,0,958,0
4832,2024-07-27,2024,7,July,Saturday,True,30,18,tarde,Servir,Debito,13900,0,2219,0
4833,2024-07-27,2024,7,July,Saturday,True,30,18,tarde,Servir,Debito,4700,0,750,0
4835,2024-07-27,2024,7,July,Saturday,True,30,18,tarde,Llevar,Credito,8700,0,1389,0
4836,2024-07-27,2024,7,July,Saturday,True,30,18,tarde,Servir,Efectivo,2000,0,319,0
4837,2024-07-27,2024,7,July,Saturday,True,30,18,tarde,Llevar,Debito,3500,0,559,0
4838,2024-07-27,2024,7,July,Saturday,True,30,18,tarde,Llevar,Debito,2000,0,319,0
4839,2024-07-27,2024,7,July,Saturday,True,30,19,cierre,Servir,Debito,10900,0,1740,0
4840,2024-07-27,2024,7,July,Saturday,True,30,19,cierre,Llevar,Debito,18800,0,3002,0
4842,2024-07-27,2024,7,July,Saturday,True,30,19,cierre,Servir,Debito,19500,0,3113,0
4843,2024-07-27,2024,7,July,Saturday,True,30,19,cierre,Llevar,Debito,3000,0,479,0
4844,2024-07-27,2024,7,July,Saturday,True,30,19,cierre,Llevar,Debito,4400,0,703,0
4845,2024-07-27,2024,7,July,Saturday,True,30,19,cierre,Llevar,Debito,6100,0,974,0
4846,2024-07-27,2024,7,July,Saturday,True,30,19,cierre,Llevar,Debito,2700,0,431,0
4847,2024-07-27,2024,7,July,Saturday,True,30,19,cierre,Llevar,Debito,8200,0,1309,0
4848,2024-07-27,2024,7,July,Saturday,True,30,19,cierre,Servir,Debito,8600,0,1373,0
4849,2024-07-27,2024,7,July,Saturday,True,30,19,cierre,Llevar,Efectivo,1500,0,239,0
4850,2024-07-27,2024,7,July,Saturday,True,30,19,cierre,Servir,Debito,5000,0,798,0
4851,2024-07-28,2024,7,July,Sunday,True,30,14,almuerzo,Llevar,Debito,5800,0,926,0
4852,2024-07-28,2024,7,July,Sunday,True,30,15,almuerzo,Llevar,Debito,2000,0,319,0
4853,2024-07-28,2024,7,July,Sunday,True,30,15,almuerzo,Llevar,Debito,12300,0,1964,0
4854,2024-07-28,2024,7,July,Sunday,True,30,16,tarde,Llevar,Debito,4000,0,639,0
4855,2024-07-28,2024,7,July,Sunday,True,30,16,tarde,Servir,Efectivo,15000,0,2395,0
4856,2024-07-28,2024,7,July,Sunday,True,30,16,tarde,Servir,Credito,19800,0,3161,0
4857,2024-07-28,2024,7,July,Sunday,True,30,16,tarde,Llevar,Debito,9300,0,1485,0
4858,2024-07-28,2024,7,July,Sunday,True,30,17,tarde,Llevar,Efectivo,5600,0,894,0
4859,2024-07-28,2024,7,July,Sunday,True,30,17,tarde,Servir,Debito,12400,0,1980,0
4860,2024-07-28,2024,7,July,Sunday,True,30,17,tarde,Llevar,Efectivo,3500,0,559,0
4861,2024-07-28,2024,7,July,Sunday,True,30,17,tarde,Servir,Debito,4000,0,639,0
4862,2024-07-28,2024,7,July,Sunday,True,30,18,tarde,Llevar,Efectivo,5500,0,878,0
4863,2024-07-28,2024,7,July,Sunday,True,30,18,tarde,Llevar,Efectivo,1900,0,303,0
4864,2024-07-28,2024,7,July,Sunday,True,30,18,tarde,Llevar,Debito,6700,0,1070,0
4865,2024-07-28,2024,7,July,Sunday,True,30,18,tarde,Servir,Debito,15300,0,2443,0
4866,2024-07-28,2024,7,July,Sunday,True,30,18,tarde,Llevar,Efectivo,17400,0,2778,0
4867,2024-07-28,2024,7,July,Sunday,True,30,18,tarde,Llevar,Debito,3500,0,559,0
4868,2024-07-28,2024,7,July,Sunday,True,30,18,tarde,Llevar,Debito,5000,0,798,0
4869,2024-07-28,2024,7,July,Sunday,True,30,18,tarde,Llevar,Debito,3500,0,559,0
4870,2024-07-29,2024,7,July,Monday,False,31,10,manana,Servir,Efectivo,5200,0,0,0
4871,2024-07-29,2024,7,July,Monday,False,31,12,manana,Llevar,Debito,4000,0,639,0
4872,2024-07-29,2024,7,July,Monday,False,31,12,manana,Llevar,Debito,8300,0,1325,0
4873,2024-07-29,2024,7,July,Monday,False,31,12,manana,Llevar,Debito,2000,0,319,0
4874,2024-07-29,2024,7,July,Monday,False,31,12,manana,Llevar,Edenred,8800,0,0,0
4875,2024-07-29,2024,7,July,Monday,False,31,12,manana,Servir,Edenred,7900,0,0,0
4876,2024-07-29,2024,7,July,Monday,False,31,12,manana,Servir,Debito,14000,0,2235,0
4877,2024-07-29,2024,7,July,Monday,False,31,13,almuerzo,Servir,Efectivo,7300,0,1166,0
4878,2024-07-29,2024,7,July,Monday,False,31,13,almuerzo,Llevar,Efectivo,5800,0,926,0
4879,2024-07-29,2024,7,July,Monday,False,31,15,almuerzo,Llevar,Debito,13000,0,2076,0
4880,2024-07-29,2024,7,July,Monday,False,31,15,almuerzo,Llevar,Debito,5700,0,910,0
4881,2024-07-29,2024,7,July,Monday,False,31,15,almuerzo,Llevar,Debito,3100,0,495,0
4882,2024-07-29,2024,7,July,Monday,False,31,15,almuerzo,Llevar,Debito,4000,0,639,0
4883,2024-07-29,2024,7,July,Monday,False,31,15,almuerzo,Llevar,Debito,7800,0,1245,0
4884,2024-07-29,2024,7,July,Monday,False,31,15,almuerzo,Llevar,Debito,2500,0,399,0
4885,2024-07-29,2024,7,July,Monday,False,31,15,almuerzo,Servir,Debito,12300,0,1964,0
4886,2024-07-29,2024,7,July,Monday,False,31,15,almuerzo,Llevar,Debito,3500,0,559,0
4887,2024-07-29,2024,7,July,Monday,False,31,15,almuerzo,Llevar,Debito,5800,0,926,0
4888,2024-07-29,2024,7,July,Monday,False,31,15,almuerzo,Llevar,Debito,2800,0,447,0
4889,2024-07-29,2024,7,July,Monday,False,31,16,tarde,Llevar,Debito,7000,0,1118,0
4890,2024-07-29,2024,7,July,Monday,False,31,16,tarde,Llevar,Debito,2330,2,0,0
4891,2024-07-29,2024,7,July,Monday,False,31,16,tarde,Llevar,Debito,8200,0,1309,0
4892,2024-07-29,2024,7,July,Monday,False,31,16,tarde,Servir,Debito,4900,0,782,0
4893,2024-07-29,2024,7,July,Monday,False,31,16,tarde,Servir,Debito,11300,0,1804,0
4894,2024-07-29,2024,7,July,Monday,False,31,16,tarde,Llevar,Debito,4800,0,766,0
4895,2024-07-29,2024,7,July,Monday,False,31,17,tarde,Servir,Debito,8300,0,1325,0
4896,2024-07-29,2024,7,July,Monday,False,31,17,tarde,Servir,Debito,9300,0,1485,0
4897,2024-07-29,2024,7,July,Monday,False,31,17,tarde,Servir,Efectivo,7400,0,0,0
4898,2024-07-29,2024,7,July,Monday,False,31,17,tarde,Servir,Debito,11900,0,1900,0
4899,2024-07-29,2024,7,July,Monday,False,31,17,tarde,Llevar,Debito,3100,0,495,0
4900,2024-07-29,2024,7,July,Monday,False,31,17,tarde,Llevar,Efectivo,4000,0,639,0
4901,2024-07-29,2024,7,July,Monday,False,31,17,tarde,Llevar,Debito,2800,0,447,0
4902,2024-07-29,2024,7,July,Monday,False,31,17,tarde,Llevar,Credito,2000,0,319,0
4903,2024-07-29,2024,7,July,Monday,False,31,17,tarde,Llevar,Debito,4000,0,639,0
4904,2024-07-29,2024,7,July,Monday,False,31,17,tarde,Servir,Efectivo,14000,0,2235,0
4905,2024-07-29,2024,7,July,Monday,False,31,18,tarde,Llevar,Debito,6800,0,1086,0
4906,2024-07-29,2024,7,July,Monday,False,31,18,tarde,Llevar,Efectivo,8000,0,1277,0
4907,2024-07-29,2024,7,July,Monday,False,31,18,tarde,Llevar,Debito,5180,0,827,0
4908,2024-07-29,2024,7,July,Monday,False,31,18,tarde,Llevar,Debito,3500,0,559,0
4909,2024-07-29,2024,7,July,Monday,False,31,18,tarde,Servir,Debito,3100,0,495,0
4910,2024-07-29,2024,7,July,Monday,False,31,18,tarde,Llevar,Debito,8700,0,1389,0
4911,2024-07-29,2024,7,July,Monday,False,31,18,tarde,Servir,Debito,23700,0,0,0
4912,2024-07-29,2024,7,July,Monday,False,31,18,tarde,Llevar,Debito,1400,0,224,0
4913,2024-07-29,2024,7,July,Monday,False,31,18,tarde,Llevar,Efectivo,2800,0,447,0
4914,2024-07-29,2024,7,July,Monday,False,31,18,tarde,Llevar,Debito,2200,0,351,0
4915,2024-07-29,2024,7,July,Monday,False,31,19,cierre,Llevar,Efectivo,3100,0,0,0
4916,2024-07-29,2024,7,July,Monday,False,31,19,cierre,Servir,Debito,9500,0,1517,0
4917,2024-07-29,2024,7,July,Monday,False,31,19,cierre,Llevar,Efectivo,5100,0,814,0
4918,2024-07-29,2024,7,July,Monday,False,31,19,cierre,Llevar,Debito,3100,0,495,0
4921,2024-07-30,2024,7,July,Tuesday,False,31,11,manana,Llevar,Transferencia,42000,0,0,0
4922,2024-07-30,2024,7,July,Tuesday,False,31,13,almuerzo,Servir,Efectivo,8300,0,0,0
4923,2024-07-30,2024,7,July,Tuesday,False,31,13,almuerzo,Servir,Debito,12800,0,2044,0
4924,2024-07-30,2024,7,July,Tuesday,False,31,13,almuerzo,Servir,Debito,9400,0,1501,0
4925,2024-07-30,2024,7,July,Tuesday,False,31,13,almuerzo,Servir,Efectivo,10400,0,0,1040
4926,2024-07-30,2024,7,July,Tuesday,False,31,13,almuerzo,Llevar,Debito,5200,0,830,0
4927,2024-07-30,2024,7,July,Tuesday,False,31,13,almuerzo,Llevar,Edenred,4400,0,0,0
4928,2024-07-30,2024,7,July,Tuesday,False,31,13,almuerzo,Llevar,Debito,12100,0,1932,0
4929,2024-07-30,2024,7,July,Tuesday,False,31,15,almuerzo,Llevar,Debito,1400,0,224,0
4930,2024-07-30,2024,7,July,Tuesday,False,31,15,almuerzo,Llevar,Debito,8900,0,0,0
4931,2024-07-30,2024,7,July,Tuesday,False,31,15,almuerzo,Llevar,Debito,5700,0,910,0
4932,2024-07-30,2024,7,July,Tuesday,False,31,15,almuerzo,Llevar,Efectivo,4000,0,0,0
4933,2024-07-30,2024,7,July,Tuesday,False,31,15,almuerzo,Llevar,Debito,1400,0,224,0
4934,2024-07-30,2024,7,July,Tuesday,False,31,16,tarde,Llevar,Efectivo,2800,0,0,0
4935,2024-07-30,2024,7,July,Tuesday,False,31,16,tarde,Llevar,Credito,1400,0,224,0
4936,2024-07-30,2024,7,July,Tuesday,False,31,16,tarde,Llevar,Debito,7900,0,1261,0
4937,2024-07-30,2024,7,July,Tuesday,False,31,16,tarde,Llevar,Transferencia,114840,0,0,0
4938,2024-07-30,2024,7,July,Tuesday,False,31,16,tarde,Llevar,Efectivo,1400,0,224,0
4939,2024-07-30,2024,7,July,Tuesday,False,31,16,tarde,Llevar,Credito,3800,0,607,0
4940,2024-07-30,2024,7,July,Tuesday,False,31,16,tarde,Servir,Credito,10000,0,1597,0
4941,2024-07-30,2024,7,July,Tuesday,False,31,16,tarde,Servir,Credito,10710,1190,1710,0
4942,2024-07-30,2024,7,July,Tuesday,False,31,17,tarde,Llevar,Debito,5000,0,798,0
4943,2024-07-30,2024,7,July,Tuesday,False,31,17,tarde,Llevar,Debito,6900,0,1102,0
4944,2024-07-30,2024,7,July,Tuesday,False,31,17,tarde,Servir,Debito,5800,0,926,0
4945,2024-07-30,2024,7,July,Tuesday,False,31,17,tarde,Llevar,Debito,2500,0,0,0
4946,2024-07-30,2024,7,July,Tuesday,False,31,17,tarde,Servir,Debito,3100,0,495,0
4947,2024-07-30,2024,7,July,Tuesday,False,31,17,tarde,Llevar,Debito,5500,0,0,0
4948,2024-07-30,2024,7,July,Tuesday,False,31,17,tarde,Llevar,Efectivo,3500,0,559,0
4949,2024-07-30,2024,7,July,Tuesday,False,31,17,tarde,Llevar,Efectivo,8000,0,1277,0
4950,2024-07-30,2024,7,July,Tuesday,False,31,17,tarde,Llevar,Efectivo,4500,0,718,0
4951,2024-07-30,2024,7,July,Tuesday,False,31,17,tarde,Llevar,Credito,10400,0,1661,0
4952,2024-07-30,2024,7,July,Tuesday,False,31,18,tarde,Servir,Debito,5900,0,942,0
4953,2024-07-30,2024,7,July,Tuesday,False,31,18,tarde,Servir,Debito,13700,0,0,0
4954,2024-07-30,2024,7,July,Tuesday,False,31,18,tarde,Llevar,Debito,10500,0,1676,0
4955,2024-07-30,2024,7,July,Tuesday,False,31,18,tarde,Llevar,Debito,8152,0,0,0
4956,2024-07-30,2024,7,July,Tuesday,False,31,18,tarde,Llevar,Debito,2230,0,0,0
4957,2024-07-30,2024,7,July,Tuesday,False,31,18,tarde,Llevar,Efectivo,7260,0,0,0
4958,2024-07-30,2024,7,July,Tuesday,False,31,18,tarde,Llevar,Efectivo,7000,0,1118,0
4959,2024-07-30,2024,7,July,Tuesday,False,31,18,tarde,Servir,Debito,8900,0,0,0
4960,2024-07-30,2024,7,July,Tuesday,False,31,18,tarde,Llevar,Debito,3500,0,559,0
4961,2024-07-30,2024,7,July,Tuesday,False,31,18,tarde,Llevar,Efectivo,1530,0,0,0
4962,2024-07-30,2024,7,July,Tuesday,False,31,18,tarde,Servir,Debito,16700,0,2666,0
4963,2024-07-30,2024,7,July,Tuesday,False,31,18,tarde,Llevar,Debito,8200,0,1309,0
4964,2024-07-30,2024,7,July,Tuesday,False,31,19,cierre,Servir,Credito,9500,0,1517,0
4965,2024-07-30,2024,7,July,Tuesday,False,31,19,cierre,Llevar,Debito,4000,0,0,0
4966,2024-07-30,2024,7,July,Tuesday,False,31,19,cierre,Llevar,Debito,8700,0,0,0
4967,2024-07-30,2024,7,July,Tuesday,False,31,19,cierre,Llevar,Credito,9700,0,1549,0
4968,2024-07-30,2024,7,July,Tuesday,False,31,19,cierre,Llevar,Credito,3200,0,511,0
4969,2024-07-30,2024,7,July,Tuesday,False,31,19,cierre,Llevar,Debito,6500,0,1038,0
4970,2024-07-30,2024,7,July,Tuesday,False,31,19,cierre,Llevar,Efectivo,6500,0,1038,0
4971,2024-07-30,2024,7,July,Tuesday,False,31,19,cierre,Llevar,Debito,4300,0,687,0
4972,2024-07-31,2024,7,July,Wednesday,False,31,11,manana,Llevar,Debito,4000,0,639,0
4973,2024-07-31,2024,7,July,Wednesday,False,31,11,manana,Llevar,Debito,5800,0,926,0
4974,2024-07-31,2024,7,July,Wednesday,False,31,12,manana,Llevar,Debito,2000,0,319,0
4975,2024-07-31,2024,7,July,Wednesday,False,31,12,manana,Llevar,Efectivo,2000,0,319,0
4976,2024-07-31,2024,7,July,Wednesday,False,31,12,manana,Delivery,Otro,23370,0,0,0
4977,2024-07-31,2024,7,July,Wednesday,False,31,12,manana,Llevar,Debito,2000,0,319,0
4978,2024-07-31,2024,7,July,Wednesday,False,31,12,manana,Llevar,Debito,4000,0,639,0
4979,2024-07-31,2024,7,July,Wednesday,False,31,13,almuerzo,Llevar,Efectivo,3000,0,479,0
4980,2024-07-31,2024,7,July,Wednesday,False,31,13,almuerzo,Servir,Debito,5300,0,846,0
4981,2024-07-31,2024,7,July,Wednesday,False,31,13,almuerzo,Llevar,Debito,3100,0,495,0
4982,2024-07-31,2024,7,July,Wednesday,False,31,13,almuerzo,Servir,Debito,7400,0,1182,0
4983,2024-07-31,2024,7,July,Wednesday,False,31,13,almuerzo,Servir,Debito,2000,0,319,0
4984,2024-07-31,2024,7,July,Wednesday,False,31,13,almuerzo,Llevar,Debito,8300,0,1325,0
4985,2024-07-31,2024,7,July,Wednesday,False,31,13,almuerzo,Llevar,Efectivo,3500,0,559,0
4986,2024-07-31,2024,7,July,Wednesday,False,31,13,almuerzo,Llevar,Debito,6000,0,958,0
4987,2024-07-31,2024,7,July,Wednesday,False,31,13,almuerzo,Llevar,Debito,2000,0,319,0
4988,2024-07-31,2024,7,July,Wednesday,False,31,13,almuerzo,Servir,Debito,7400,0,1182,0
4989,2024-07-31,2024,7,July,Wednesday,False,31,15,almuerzo,Servir,Debito,22300,0,3561,0
4990,2024-07-31,2024,7,July,Wednesday,False,31,15,almuerzo,Llevar,Debito,4900,0,782,0
4991,2024-07-31,2024,7,July,Wednesday,False,31,15,almuerzo,Llevar,Debito,5900,0,0,0
4992,2024-07-31,2024,7,July,Wednesday,False,31,15,almuerzo,Servir,Debito,12900,0,2060,0
4993,2024-07-31,2024,7,July,Wednesday,False,31,16,tarde,Llevar,Efectivo,2800,0,0,0
4994,2024-07-31,2024,7,July,Wednesday,False,31,16,tarde,Llevar,Debito,9100,0,1453,0
4995,2024-07-31,2024,7,July,Wednesday,False,31,16,tarde,Llevar,Debito,3500,0,559,0
4996,2024-07-31,2024,7,July,Wednesday,False,31,16,tarde,Llevar,Debito,5000,0,798,0
4997,2024-07-31,2024,7,July,Wednesday,False,31,16,tarde,Servir,Efectivo,7200,0,1150,720
4998,2024-07-31,2024,7,July,Wednesday,False,31,16,tarde,Llevar,Debito,5000,0,798,0
4999,2024-07-31,2024,7,July,Wednesday,False,31,16,tarde,Llevar,Debito,3500,0,559,0
5000,2024-07-31,2024,7,July,Wednesday,False,31,16,tarde,Servir,Debito,15900,0,2539,0
5001,2024-07-31,2024,7,July,Wednesday,False,31,17,tarde,Llevar,Efectivo,4000,0,0,0
5002,2024-07-31,2024,7,July,Wednesday,False,31,17,tarde,Servir,Debito,8200,0,1309,0
5003,2024-07-31,2024,7,July,Wednesday,False,31,17,tarde,Llevar,Debito,7500,0,0,0
5004,2024-07-31,2024,7,July,Wednesday,False,31,17,tarde,Llevar,Debito,3500,0,0,0
5005,2024-07-31,2024,7,July,Wednesday,False,31,17,tarde,Llevar,Debito,3500,0,0,0
5006,2024-07-31,2024,7,July,Wednesday,False,31,17,tarde,Llevar,Debito,17500,0,2794,0
5007,2024-07-31,2024,7,July,Wednesday,False,31,17,tarde,Llevar,Efectivo,2000,0,319,0
5008,2024-07-31,2024,7,July,Wednesday,False,31,17,tarde,Llevar,Debito,3800,0,607,0
5009,2024-07-31,2024,7,July,Wednesday,False,31,17,tarde,Llevar,Debito,6000,0,0,0
5010,2024-07-31,2024,7,July,Wednesday,False,31,17,tarde,Llevar,Efectivo,4800,0,766,0
5011,2024-07-31,2024,7,July,Wednesday,False,31,17,tarde,Llevar,Debito,3500,0,0,0
5012,2024-07-31,2024,7,July,Wednesday,False,31,18,tarde,Llevar,Debito,2800,0,0,0
5013,2024-07-31,2024,7,July,Wednesday,False,31,18,tarde,Llevar,Debito,1500,0,239,0
5014,2024-07-31,2024,7,July,Wednesday,False,31,18,tarde,Llevar,Credito,4300,0,0,0
5015,2024-07-31,2024,7,July,Wednesday,False,31,18,tarde,Servir,Debito,6200,0,0,0
5016,2024-07-31,2024,7,July,Wednesday,False,31,18,tarde,Llevar,Debito,7500,0,1197,0
5017,2024-07-31,2024,7,July,Wednesday,False,31,18,tarde,Llevar,Efectivo,3100,0,0,0
5018,2024-07-31,2024,7,July,Wednesday,False,31,18,tarde,Llevar,Debito,6500,0,1038,0
5019,2024-07-31,2024,7,July,Wednesday,False,31,18,tarde,Servir,Debito,28000,0,4471,0
5020,2024-07-31,2024,7,July,Wednesday,False,31,19,cierre,Servir,Efectivo,10500,0,1676,0
5021,2024-07-31,2024,7,July,Wednesday,False,31,19,cierre,Llevar,Debito,3100,0,495,0
5022,2024-07-31,2024,7,July,Wednesday,False,31,19,cierre,Llevar,Credito,9600,0,1533,0
5023,2024-07-31,2024,7,July,Wednesday,False,31,19,cierre,Servir,Debito,4800,0,766,0
5024,2024-08-01,2024,8,August,Thursday,False,31,12,manana,Delivery,Transferencia,12530,0,0,0
5025,2024-08-01,2024,8,August,Thursday,False,31,12,manana,Llevar,Edenred,13900,0,0,0
5026,2024-08-01,2024,8,August,Thursday,False,31,13,almuerzo,Llevar,Efectivo,16800,0,2682,0
5027,2024-08-01,2024,8,August,Thursday,False,31,15,almuerzo,Llevar,Efectivo,10200,0,1629,0
5028,2024-08-01,2024,8,August,Thursday,False,31,15,almuerzo,Llevar,Debito,9500,0,1517,0
5029,2024-08-01,2024,8,August,Thursday,False,31,15,almuerzo,Llevar,Debito,11300,0,0,0
5030,2024-08-01,2024,8,August,Thursday,False,31,15,almuerzo,Servir,Debito,17100,0,2730,0
5031,2024-08-01,2024,8,August,Thursday,False,31,16,tarde,Servir,Debito,15800,0,2523,0
5032,2024-08-01,2024,8,August,Thursday,False,31,17,tarde,Llevar,Debito,6200,0,990,0
5033,2024-08-01,2024,8,August,Thursday,False,31,17,tarde,Llevar,Efectivo,2000,0,0,0
5034,2024-08-01,2024,8,August,Thursday,False,31,17,tarde,Servir,Debito,1500,0,0,0
5035,2024-08-01,2024,8,August,Thursday,False,31,17,tarde,Llevar,Debito,7400,0,0,0
5036,2024-08-01,2024,8,August,Thursday,False,31,17,tarde,Llevar,Transferencia,13300,0,0,0
5037,2024-08-01,2024,8,August,Thursday,False,31,17,tarde,Llevar,Debito,3600,0,0,0
5038,2024-08-01,2024,8,August,Thursday,False,31,18,tarde,Llevar,Efectivo,1470,0,0,0
5039,2024-08-01,2024,8,August,Thursday,False,31,18,tarde,Llevar,Debito,6800,0,1086,0
5040,2024-08-01,2024,8,August,Thursday,False,31,18,tarde,Servir,Credito,7500,0,1197,0
5041,2024-08-01,2024,8,August,Thursday,False,31,18,tarde,Llevar,Debito,4500,0,718,0
5042,2024-08-01,2024,8,August,Thursday,False,31,19,cierre,Llevar,Credito,6500,0,0,0
5043,2024-08-01,2024,8,August,Thursday,False,31,19,cierre,Llevar,Debito,5700,0,0,0
5044,2024-08-01,2024,8,August,Thursday,False,31,19,cierre,Llevar,Efectivo,2920,0,0,0
5045,2024-08-02,2024,8,August,Friday,False,31,12,manana,Llevar,Debito,1400,0,224,0
5046,2024-08-02,2024,8,August,Friday,False,31,12,manana,Servir,Efectivo,12700,0,2028,0
5047,2024-08-02,2024,8,August,Friday,False,31,12,manana,Llevar,Debito,4900,0,782,0
5048,2024-08-02,2024,8,August,Friday,False,31,13,almuerzo,Llevar,Debito,4200,0,671,0
5049,2024-08-02,2024,8,August,Friday,False,31,13,almuerzo,Servir,Credito,12300,0,1964,0
5050,2024-08-02,2024,8,August,Friday,False,31,13,almuerzo,Llevar,Efectivo,1500,0,0,0
5051,2024-08-02,2024,8,August,Friday,False,31,13,almuerzo,Llevar,Debito,5600,0,894,0
5052,2024-08-02,2024,8,August,Friday,False,31,13,almuerzo,Llevar,Debito,5600,0,894,0
5053,2024-08-02,2024,8,August,Friday,False,31,13,almuerzo,Llevar,Debito,2000,0,319,0
5054,2024-08-02,2024,8,August,Friday,False,31,13,almuerzo,Llevar,Debito,1500,0,239,0
5055,2024-08-02,2024,8,August,Friday,False,31,13,almuerzo,Llevar,Debito,1500,0,239,0
5056,2024-08-02,2024,8,August,Friday,False,31,13,almuerzo,Llevar,Debito,3600,0,575,0
5057,2024-08-02,2024,8,August,Friday,False,31,15,almuerzo,Llevar,Debito,4000,0,639,0
5058,2024-08-02,2024,8,August,Friday,False,31,15,almuerzo,Servir,Debito,11500,0,1836,0
5059,2024-08-02,2024,8,August,Friday,False,31,15,almuerzo,Servir,Debito,2800,0,447,0
5060,2024-08-02,2024,8,August,Friday,False,31,15,almuerzo,Llevar,Transferencia,4000,0,639,0
5061,2024-08-02,2024,8,August,Friday,False,31,15,almuerzo,Servir,Edenred,13200,0,0,0
5062,2024-08-02,2024,8,August,Friday,False,31,15,almuerzo,Llevar,Efectivo,6000,0,958,0
5063,2024-08-02,2024,8,August,Friday,False,31,15,almuerzo,Servir,Debito,9100,0,1453,0
5064,2024-08-02,2024,8,August,Friday,False,31,15,almuerzo,Servir,Debito,10800,0,1724,0
5065,2024-08-02,2024,8,August,Friday,False,31,16,tarde,Llevar,Debito,3861,0,616,0
5066,2024-08-02,2024,8,August,Friday,False,31,16,tarde,Llevar,Debito,6000,0,958,0
5067,2024-08-02,2024,8,August,Friday,False,31,16,tarde,Llevar,Efectivo,7100,0,1134,0
5068,2024-08-02,2024,8,August,Friday,False,31,16,tarde,Llevar,Debito,4400,0,703,0
5069,2024-08-02,2024,8,August,Friday,False,31,16,tarde,Llevar,Edenred,6600,0,0,0
5070,2024-08-02,2024,8,August,Friday,False,31,16,tarde,Llevar,Debito,7600,0,1213,0
5071,2024-08-02,2024,8,August,Friday,False,31,16,tarde,Llevar,Debito,6800,0,1086,0
5072,2024-08-02,2024,8,August,Friday,False,31,16,tarde,Servir,Debito,1500,0,239,0
5073,2024-08-02,2024,8,August,Friday,False,31,16,tarde,Llevar,Efectivo,1500,0,239,0
5074,2024-08-02,2024,8,August,Friday,False,31,16,tarde,Llevar,Debito,11100,0,1772,0
5075,2024-08-02,2024,8,August,Friday,False,31,16,tarde,Servir,Efectivo,12000,0,1916,0
5076,2024-08-02,2024,8,August,Friday,False,31,17,tarde,Servir,Debito,11400,0,1820,0
5077,2024-08-02,2024,8,August,Friday,False,31,17,tarde,Servir,Efectivo,16200,0,2587,0
5078,2024-08-02,2024,8,August,Friday,False,31,17,tarde,Servir,Efectivo,18800,0,3002,0
5079,2024-08-02,2024,8,August,Friday,False,31,17,tarde,Servir,Debito,12000,0,1916,0
5080,2024-08-02,2024,8,August,Friday,False,31,17,tarde,Llevar,Debito,8800,0,1405,0
5081,2024-08-02,2024,8,August,Friday,False,31,17,tarde,Llevar,Debito,4000,0,639,0
5082,2024-08-02,2024,8,August,Friday,False,31,17,tarde,Llevar,Debito,7900,0,1261,0
5083,2024-08-02,2024,8,August,Friday,False,31,17,tarde,Servir,Debito,6000,0,958,0
5084,2024-08-02,2024,8,August,Friday,False,31,17,tarde,Llevar,Debito,5765,0,920,0
5085,2024-08-02,2024,8,August,Friday,False,31,17,tarde,Servir,Debito,38500,0,6147,0
5086,2024-08-02,2024,8,August,Friday,False,31,17,tarde,Llevar,Debito,7400,0,1182,0
5087,2024-08-02,2024,8,August,Friday,False,31,17,tarde,Servir,Debito,24900,0,3976,0
5088,2024-08-02,2024,8,August,Friday,False,31,17,tarde,Llevar,Debito,1500,0,239,0
5089,2024-08-02,2024,8,August,Friday,False,31,17,tarde,Llevar,Debito,11200,0,1788,0
5090,2024-08-02,2024,8,August,Friday,False,31,18,tarde,Llevar,Debito,9700,0,1549,0
5091,2024-08-02,2024,8,August,Friday,False,31,18,tarde,Llevar,Debito,2000,0,319,0
5092,2024-08-02,2024,8,August,Friday,False,31,18,tarde,Llevar,Efectivo,1500,0,239,0
5093,2024-08-02,2024,8,August,Friday,False,31,18,tarde,Llevar,Credito,5100,0,814,0
5094,2024-08-02,2024,8,August,Friday,False,31,18,tarde,Servir,Debito,2000,0,319,0
5096,2024-08-02,2024,8,August,Friday,False,31,19,cierre,Llevar,Debito,3200,0,511,0
5097,2024-08-02,2024,8,August,Friday,False,31,19,cierre,Servir,Efectivo,151500,0,0,0
5098,2024-08-02,2024,8,August,Friday,False,31,19,cierre,Llevar,Debito,1500,0,239,0
5099,2024-08-02,2024,8,August,Friday,False,31,19,cierre,Llevar,Debito,5000,0,798,0
5100,2024-08-02,2024,8,August,Friday,False,31,19,cierre,Llevar,Debito,4199,0,670,0
5101,2024-08-02,2024,8,August,Friday,False,31,19,cierre,Servir,Debito,4500,0,718,0
5102,2024-08-02,2024,8,August,Friday,False,31,19,cierre,Llevar,Efectivo,9000,0,1437,0
5103,2024-08-02,2024,8,August,Friday,False,31,19,cierre,Llevar,Debito,8000,0,0,0
5104,2024-08-02,2024,8,August,Friday,False,31,19,cierre,Servir,Efectivo,18200,0,2906,0
5105,2024-08-02,2024,8,August,Friday,False,31,20,cierre,Llevar,Debito,1500,0,239,0
5106,2024-08-02,2024,8,August,Friday,False,31,20,cierre,Servir,Debito,1300,0,208,0
5107,2024-08-02,2024,8,August,Friday,False,31,20,cierre,Servir,Debito,5300,0,846,0
5108,2024-08-02,2024,8,August,Friday,False,31,20,cierre,Servir,Debito,6000,0,958,0
5109,2024-08-03,2024,8,August,Saturday,True,31,12,manana,Llevar,Efectivo,5700,0,910,0
5110,2024-08-03,2024,8,August,Saturday,True,31,12,manana,Servir,Edenred,17900,0,0,0
5111,2024-08-03,2024,8,August,Saturday,True,31,12,manana,Llevar,Debito,2000,0,319,0
5112,2024-08-03,2024,8,August,Saturday,True,31,12,manana,Llevar,Debito,3500,0,559,0
5113,2024-08-03,2024,8,August,Saturday,True,31,14,almuerzo,Llevar,Debito,12000,0,1916,0
5114,2024-08-03,2024,8,August,Saturday,True,31,14,almuerzo,Llevar,Debito,7700,0,1229,0
5115,2024-08-03,2024,8,August,Saturday,True,31,15,almuerzo,Llevar,Debito,4200,0,671,0
5116,2024-08-03,2024,8,August,Saturday,True,31,15,almuerzo,Llevar,Debito,3500,0,559,0
5117,2024-08-03,2024,8,August,Saturday,True,31,15,almuerzo,Llevar,Credito,7700,0,1229,0
5118,2024-08-03,2024,8,August,Saturday,True,31,15,almuerzo,Servir,Efectivo,10400,0,1661,0
5119,2024-08-03,2024,8,August,Saturday,True,31,15,almuerzo,Llevar,Debito,2200,0,351,0
5120,2024-08-03,2024,8,August,Saturday,True,31,15,almuerzo,Llevar,Debito,2900,0,463,0
5121,2024-08-03,2024,8,August,Saturday,True,31,16,tarde,Llevar,Transferencia,16500,0,2634,0
5122,2024-08-03,2024,8,August,Saturday,True,31,16,tarde,Servir,Debito,9200,0,0,0
5123,2024-08-03,2024,8,August,Saturday,True,31,16,tarde,Servir,Edenred,11800,0,0,0
5124,2024-08-03,2024,8,August,Saturday,True,31,16,tarde,Servir,Efectivo,15500,0,2475,0
5125,2024-08-03,2024,8,August,Saturday,True,31,16,tarde,Llevar,Debito,7500,0,1197,0
5126,2024-08-03,2024,8,August,Saturday,True,31,16,tarde,Llevar,Debito,2800,0,447,0
5127,2024-08-03,2024,8,August,Saturday,True,31,16,tarde,Servir,Credito,12000,0,0,0
5128,2024-08-03,2024,8,August,Saturday,True,31,16,tarde,Llevar,Debito,3200,0,511,0
5129,2024-08-03,2024,8,August,Saturday,True,31,17,tarde,Llevar,Credito,5500,0,878,0
5130,2024-08-03,2024,8,August,Saturday,True,31,17,tarde,Llevar,Debito,3500,0,559,0
5131,2024-08-03,2024,8,August,Saturday,True,31,17,tarde,Servir,Efectivo,6500,0,1038,0
5132,2024-08-03,2024,8,August,Saturday,True,31,17,tarde,Llevar,Debito,6600,0,1054,0
5133,2024-08-03,2024,8,August,Saturday,True,31,17,tarde,Llevar,Debito,6200,0,990,0
5134,2024-08-03,2024,8,August,Saturday,True,31,17,tarde,Servir,Debito,15700,0,0,0
5135,2024-08-03,2024,8,August,Saturday,True,31,17,tarde,Servir,Credito,17300,0,2762,0
5136,2024-08-03,2024,8,August,Saturday,True,31,17,tarde,Servir,Debito,6200,0,990,0
5137,2024-08-03,2024,8,August,Saturday,True,31,17,tarde,Servir,Debito,12800,0,2044,0
5138,2024-08-03,2024,8,August,Saturday,True,31,17,tarde,Llevar,Debito,6600,0,1054,0
5139,2024-08-03,2024,8,August,Saturday,True,31,18,tarde,Servir,Edenred,7500,0,0,0
5140,2024-08-03,2024,8,August,Saturday,True,31,18,tarde,Servir,Efectivo,5200,0,0,0
5141,2024-08-03,2024,8,August,Saturday,True,31,18,tarde,Servir,Debito,10000,0,1597,0
5142,2024-08-03,2024,8,August,Saturday,True,31,18,tarde,Servir,Debito,8100,0,1293,0
5143,2024-08-03,2024,8,August,Saturday,True,31,18,tarde,Servir,Credito,19300,0,3082,0
5144,2024-08-03,2024,8,August,Saturday,True,31,18,tarde,Servir,Edenred,10500,0,0,0
5145,2024-08-03,2024,8,August,Saturday,True,31,18,tarde,Llevar,Edenred,4400,0,0,0
5146,2024-08-03,2024,8,August,Saturday,True,31,18,tarde,Llevar,Sodexo,4200,0,0,0
5147,2024-08-03,2024,8,August,Saturday,True,31,18,tarde,Llevar,Efectivo,2720,0,435,0
5148,2024-08-03,2024,8,August,Saturday,True,31,18,tarde,Llevar,Debito,5000,0,798,0
5149,2024-08-03,2024,8,August,Saturday,True,31,18,tarde,Llevar,Transferencia,42000,0,0,0
5150,2024-08-03,2024,8,August,Saturday,True,31,18,tarde,Servir,Debito,8700,0,1389,0
5151,2024-08-03,2024,8,August,Saturday,True,31,18,tarde,Llevar,Debito,2000,0,319,0
5152,2024-08-03,2024,8,August,Saturday,True,31,18,tarde,Llevar,Debito,7574,0,1209,0
5153,2024-08-03,2024,8,August,Saturday,True,31,18,tarde,Llevar,Debito,10800,0,1724,0
5154,2024-08-03,2024,8,August,Saturday,True,31,18,tarde,Servir,Debito,10200,0,1629,0
5155,2024-08-03,2024,8,August,Saturday,True,31,19,cierre,Servir,Debito,12900,0,2060,0
5156,2024-08-03,2024,8,August,Saturday,True,31,19,cierre,Llevar,Debito,9500,0,1517,0
5157,2024-08-03,2024,8,August,Saturday,True,31,19,cierre,Llevar,Efectivo,9700,0,1549,0
5158,2024-08-03,2024,8,August,Saturday,True,31,19,cierre,Llevar,Debito,4000,0,639,0
5159,2024-08-03,2024,8,August,Saturday,True,31,19,cierre,Llevar,Credito,2000,0,319,0
5160,2024-08-03,2024,8,August,Saturday,True,31,20,cierre,Llevar,Debito,4000,0,0,0
5161,2024-08-04,2024,8,August,Sunday,True,31,13,almuerzo,Llevar,Credito,3200,0,511,0
5163,2024-08-04,2024,8,August,Sunday,True,31,14,almuerzo,Servir,Edenred,3500,0,0,0
5164,2024-08-04,2024,8,August,Sunday,True,31,14,almuerzo,Llevar,Debito,8300,0,1325,0
5166,2024-08-04,2024,8,August,Sunday,True,31,15,almuerzo,Servir,Debito,11700,0,1868,0
5167,2024-08-04,2024,8,August,Sunday,True,31,15,almuerzo,Servir,Edenred,5000,0,0,0
5168,2024-08-04,2024,8,August,Sunday,True,31,15,almuerzo,Llevar,Debito,4900,0,782,0
5169,2024-08-04,2024,8,August,Sunday,True,31,15,almuerzo,Servir,Edenred,6700,0,0,0
5170,2024-08-04,2024,8,August,Sunday,True,31,15,almuerzo,Llevar,Efectivo,2800,0,447,0
5171,2024-08-04,2024,8,August,Sunday,True,31,15,almuerzo,Servir,Edenred,6700,0,0,0
5172,2024-08-04,2024,8,August,Sunday,True,31,16,tarde,Llevar,Edenred,7000,0,0,0
5173,2024-08-04,2024,8,August,Sunday,True,31,16,tarde,Servir,Debito,8600,0,1373,0
5174,2024-08-04,2024,8,August,Sunday,True,31,16,tarde,Servir,Efectivo,3000,0,479,0
5175,2024-08-04,2024,8,August,Sunday,True,31,17,tarde,Llevar,Credito,5500,0,878,0
5176,2024-08-04,2024,8,August,Sunday,True,31,17,tarde,Servir,Debito,46400,0,7408,0
5177,2024-08-04,2024,8,August,Sunday,True,31,17,tarde,Servir,Credito,9800,0,1565,0
5178,2024-08-04,2024,8,August,Sunday,True,31,17,tarde,Llevar,Debito,8200,0,1309,0
5179,2024-08-04,2024,8,August,Sunday,True,31,18,tarde,Llevar,Efectivo,4800,0,766,0
5180,2024-08-04,2024,8,August,Sunday,True,31,18,tarde,Llevar,Debito,5700,0,910,0
5181,2024-08-04,2024,8,August,Sunday,True,31,19,cierre,Llevar,Debito,2000,0,319,0
5182,2024-08-04,2024,8,August,Sunday,True,31,19,cierre,Servir,Debito,10000,0,1597,0
5183,2024-08-04,2024,8,August,Sunday,True,31,19,cierre,Llevar,Efectivo,3500,0,559,0
5184,2024-08-04,2024,8,August,Sunday,True,31,19,cierre,Llevar,Debito,3500,0,559,0
5185,2024-08-05,2024,8,August,Monday,False,32,12,manana,Servir,Edenred,9900,0,0,0
5186,2024-08-05,2024,8,August,Monday,False,32,12,manana,Llevar,Debito,3500,0,559,0
5187,2024-08-05,2024,8,August,Monday,False,32,12,manana,Servir,Edenred,7700,0,0,0
5188,2024-08-05,2024,8,August,Monday,False,32,12,manana,Servir,Edenred,5500,0,0,0
5189,2024-08-05,2024,8,August,Monday,False,32,12,manana,Llevar,Debito,4800,0,766,0
5190,2024-08-05,2024,8,August,Monday,False,32,13,almuerzo,Servir,Debito,16400,0,2618,0
5191,2024-08-05,2024,8,August,Monday,False,32,13,almuerzo,Llevar,Debito,6300,0,1006,0
5192,2024-08-05,2024,8,August,Monday,False,32,13,almuerzo,Llevar,Debito,5400,0,862,0
5193,2024-08-05,2024,8,August,Monday,False,32,15,almuerzo,Llevar,Debito,3100,0,495,0
5194,2024-08-05,2024,8,August,Monday,False,32,15,almuerzo,Llevar,Edenred,7000,0,0,0
5195,2024-08-05,2024,8,August,Monday,False,32,15,almuerzo,Servir,Debito,1400,0,224,0
5196,2024-08-05,2024,8,August,Monday,False,32,16,tarde,Llevar,Debito,7300,0,1166,0
5197,2024-08-05,2024,8,August,Monday,False,32,16,tarde,Servir,Efectivo,17200,0,0,0
5198,2024-08-05,2024,8,August,Monday,False,32,16,tarde,Servir,Debito,12000,0,1916,0
5199,2024-08-05,2024,8,August,Monday,False,32,16,tarde,Llevar,Debito,5200,0,0,0
5200,2024-08-05,2024,8,August,Monday,False,32,16,tarde,Llevar,Debito,2000,0,0,0
5201,2024-08-05,2024,8,August,Monday,False,32,17,tarde,Llevar,Debito,5400,0,862,0
5202,2024-08-05,2024,8,August,Monday,False,32,17,tarde,Llevar,Debito,8000,0,0,0
5203,2024-08-05,2024,8,August,Monday,False,32,17,tarde,Llevar,Debito,2000,0,319,0
5204,2024-08-05,2024,8,August,Monday,False,32,17,tarde,Servir,Credito,12500,0,0,0
5205,2024-08-05,2024,8,August,Monday,False,32,17,tarde,Llevar,Debito,8200,0,1309,0
5206,2024-08-05,2024,8,August,Monday,False,32,17,tarde,Llevar,Debito,5400,0,862,0
5207,2024-08-05,2024,8,August,Monday,False,32,17,tarde,Servir,Debito,5400,0,862,0
5208,2024-08-05,2024,8,August,Monday,False,32,17,tarde,Llevar,Efectivo,2000,0,0,0
5209,2024-08-05,2024,8,August,Monday,False,32,17,tarde,Servir,Credito,9500,0,1517,0
5210,2024-08-05,2024,8,August,Monday,False,32,17,tarde,Servir,Edenred,12000,0,0,0
5211,2024-08-05,2024,8,August,Monday,False,32,17,tarde,Llevar,Debito,6600,0,0,0
5212,2024-08-05,2024,8,August,Monday,False,32,17,tarde,Llevar,Efectivo,1600,0,0,0
5213,2024-08-05,2024,8,August,Monday,False,32,17,tarde,Llevar,Debito,9100,0,1453,0
5214,2024-08-05,2024,8,August,Monday,False,32,17,tarde,Llevar,Debito,1500,0,239,0
5215,2024-08-05,2024,8,August,Monday,False,32,17,tarde,Llevar,Debito,2000,0,319,0
5216,2024-08-05,2024,8,August,Monday,False,32,18,tarde,Servir,Edenred,7000,0,0,0
5217,2024-08-05,2024,8,August,Monday,False,32,18,tarde,Llevar,Efectivo,3500,0,559,0
5218,2024-08-05,2024,8,August,Monday,False,32,18,tarde,Llevar,Debito,8900,0,0,0
5219,2024-08-05,2024,8,August,Monday,False,32,18,tarde,Servir,Debito,12510,1390,0,0
5220,2024-08-05,2024,8,August,Monday,False,32,18,tarde,Llevar,Debito,3100,0,0,0
5221,2024-08-05,2024,8,August,Monday,False,32,18,tarde,Servir,Credito,20200,0,0,0
5222,2024-08-05,2024,8,August,Monday,False,32,18,tarde,Servir,Debito,12000,0,1916,0
5223,2024-08-05,2024,8,August,Monday,False,32,18,tarde,Llevar,Debito,4000,0,639,0
5224,2024-08-05,2024,8,August,Monday,False,32,18,tarde,Llevar,Debito,5900,0,942,0
5225,2024-08-05,2024,8,August,Monday,False,32,18,tarde,Servir,Debito,8700,0,1389,0
5226,2024-08-05,2024,8,August,Monday,False,32,19,cierre,Servir,Efectivo,1500,0,239,0
5227,2024-08-05,2024,8,August,Monday,False,32,19,cierre,Llevar,Credito,6500,0,1038,0
5228,2024-08-05,2024,8,August,Monday,False,32,19,cierre,Servir,Efectivo,17400,0,0,0
5229,2024-08-05,2024,8,August,Monday,False,32,19,cierre,Llevar,Debito,1500,0,239,0
5230,2024-08-05,2024,8,August,Monday,False,32,19,cierre,Llevar,Debito,3100,0,495,0
5231,2024-08-05,2024,8,August,Monday,False,32,19,cierre,Servir,Efectivo,20600,0,0,0
5232,2024-08-05,2024,8,August,Monday,False,32,19,cierre,Llevar,Efectivo,8200,0,0,0
5233,2024-08-05,2024,8,August,Monday,False,32,19,cierre,Llevar,Debito,3400,0,543,0
5234,2024-08-05,2024,8,August,Monday,False,32,19,cierre,Llevar,Debito,1450,2,232,0
5235,2024-08-05,2024,8,August,Monday,False,32,19,cierre,Llevar,Debito,2150,0,343,0
5237,2024-08-05,2024,8,August,Monday,False,32,20,cierre,Llevar,Debito,3000,0,479,0
5238,2024-08-06,2024,8,August,Tuesday,False,32,12,manana,Servir,Debito,24100,0,3848,0
5239,2024-08-06,2024,8,August,Tuesday,False,32,13,almuerzo,Llevar,Efectivo,2000,0,319,0
5240,2024-08-06,2024,8,August,Tuesday,False,32,13,almuerzo,Llevar,Efectivo,4000,0,639,0
5241,2024-08-06,2024,8,August,Tuesday,False,32,13,almuerzo,Llevar,Debito,7100,0,1134,0
5242,2024-08-06,2024,8,August,Tuesday,False,32,13,almuerzo,Llevar,Debito,3400,0,543,0
5243,2024-08-06,2024,8,August,Tuesday,False,32,13,almuerzo,Llevar,Credito,5400,0,862,0
5244,2024-08-06,2024,8,August,Tuesday,False,32,13,almuerzo,Llevar,Efectivo,3400,0,543,0
5245,2024-08-06,2024,8,August,Tuesday,False,32,14,almuerzo,Llevar,Efectivo,1400,0,224,0
5246,2024-08-06,2024,8,August,Tuesday,False,32,15,almuerzo,Servir,Debito,6000,0,958,0
5247,2024-08-06,2024,8,August,Tuesday,False,32,15,almuerzo,Llevar,Debito,2000,0,319,0
5248,2024-08-06,2024,8,August,Tuesday,False,32,15,almuerzo,Llevar,Debito,7600,0,0,0
5249,2024-08-06,2024,8,August,Tuesday,False,32,15,almuerzo,Servir,Credito,6000,0,958,0
5250,2024-08-06,2024,8,August,Tuesday,False,32,15,almuerzo,Llevar,Credito,2800,0,447,0
5251,2024-08-06,2024,8,August,Tuesday,False,32,15,almuerzo,Servir,Debito,11000,0,1756,0
5252,2024-08-06,2024,8,August,Tuesday,False,32,16,tarde,Llevar,Efectivo,3000,0,0,0
5253,2024-08-06,2024,8,August,Tuesday,False,32,16,tarde,Llevar,Transferencia,104380,0,0,0
5254,2024-08-06,2024,8,August,Tuesday,False,32,16,tarde,Llevar,Debito,3100,0,495,0
5255,2024-08-06,2024,8,August,Tuesday,False,32,16,tarde,Servir,Efectivo,5400,0,0,0
5256,2024-08-06,2024,8,August,Tuesday,False,32,16,tarde,Llevar,Debito,6000,0,958,0
5257,2024-08-06,2024,8,August,Tuesday,False,32,16,tarde,Llevar,Debito,7100,0,1134,0
5258,2024-08-06,2024,8,August,Tuesday,False,32,16,tarde,Llevar,Debito,9600,0,1533,0
5259,2024-08-06,2024,8,August,Tuesday,False,32,16,tarde,Llevar,Debito,6300,0,0,0
5260,2024-08-06,2024,8,August,Tuesday,False,32,16,tarde,Llevar,Debito,5400,0,862,0
5261,2024-08-06,2024,8,August,Tuesday,False,32,16,tarde,Llevar,Debito,2000,0,319,0
5262,2024-08-06,2024,8,August,Tuesday,False,32,17,tarde,Servir,Debito,15500,0,0,0
5263,2024-08-06,2024,8,August,Tuesday,False,32,17,tarde,Servir,Debito,16500,0,0,0
5264,2024-08-06,2024,8,August,Tuesday,False,32,17,tarde,Llevar,Debito,4600,0,0,0
5265,2024-08-06,2024,8,August,Tuesday,False,32,17,tarde,Llevar,Debito,8800,0,1405,0
5266,2024-08-06,2024,8,August,Tuesday,False,32,17,tarde,Llevar,Debito,14200,0,0,0
5267,2024-08-06,2024,8,August,Tuesday,False,32,17,tarde,Llevar,Debito,5000,0,0,0
5268,2024-08-06,2024,8,August,Tuesday,False,32,18,tarde,Llevar,Debito,4000,0,0,0
5269,2024-08-06,2024,8,August,Tuesday,False,32,18,tarde,Servir,Debito,17200,0,2746,0
5270,2024-08-06,2024,8,August,Tuesday,False,32,18,tarde,Llevar,Debito,2000,0,319,0
5271,2024-08-06,2024,8,August,Tuesday,False,32,18,tarde,Llevar,Debito,3000,0,479,0
5272,2024-08-06,2024,8,August,Tuesday,False,32,18,tarde,Llevar,Debito,6200,0,0,0
5273,2024-08-06,2024,8,August,Tuesday,False,32,18,tarde,Llevar,Debito,2800,0,447,0
5274,2024-08-06,2024,8,August,Tuesday,False,32,18,tarde,Llevar,Debito,3400,0,543,0
5275,2024-08-06,2024,8,August,Tuesday,False,32,18,tarde,Servir,Efectivo,9500,0,0,0
5276,2024-08-06,2024,8,August,Tuesday,False,32,18,tarde,Llevar,Credito,5200,0,830,0
5277,2024-08-06,2024,8,August,Tuesday,False,32,18,tarde,Llevar,Efectivo,3000,0,479,0
5278,2024-08-06,2024,8,August,Tuesday,False,32,18,tarde,Llevar,Efectivo,6000,0,958,0
5279,2024-08-06,2024,8,August,Tuesday,False,32,18,tarde,Servir,Debito,3500,0,0,0
5280,2024-08-06,2024,8,August,Tuesday,False,32,18,tarde,Servir,Debito,4000,0,0,0
5281,2024-08-06,2024,8,August,Tuesday,False,32,19,cierre,Llevar,Credito,9400,0,0,0
5282,2024-08-06,2024,8,August,Tuesday,False,32,19,cierre,Llevar,Credito,4200,0,671,0
5283,2024-08-06,2024,8,August,Tuesday,False,32,19,cierre,Servir,Credito,10200,0,0,0
5284,2024-08-06,2024,8,August,Tuesday,False,32,19,cierre,Llevar,Debito,3000,0,479,0
5285,2024-08-06,2024,8,August,Tuesday,False,32,19,cierre,Servir,Debito,4600,0,734,0
5286,2024-08-06,2024,8,August,Tuesday,False,32,19,cierre,Llevar,Credito,2800,0,447,0
5287,2024-08-06,2024,8,August,Tuesday,False,32,19,cierre,Llevar,Efectivo,5200,0,830,0
5288,2024-08-06,2024,8,August,Tuesday,False,32,19,cierre,Servir,Debito,8900,0,0,0
5289,2024-08-06,2024,8,August,Tuesday,False,32,19,cierre,Llevar,Debito,7200,0,0,0
5290,2024-08-06,2024,8,August,Tuesday,False,32,19,cierre,Llevar,Debito,4200,0,671,0
5291,2024-08-06,2024,8,August,Tuesday,False,32,19,cierre,Llevar,Efectivo,5000,0,0,0
5292,2024-08-06,2024,8,August,Tuesday,False,32,19,cierre,Llevar,Debito,7200,0,0,0
5293,2024-08-06,2024,8,August,Tuesday,False,32,20,cierre,Llevar,Efectivo,3010,0,0,0
5294,2024-08-07,2024,8,August,Wednesday,False,32,11,manana,Llevar,Debito,5600,0,894,0
5295,2024-08-07,2024,8,August,Wednesday,False,32,11,manana,Llevar,Debito,3500,0,559,0
5296,2024-08-07,2024,8,August,Wednesday,False,32,11,manana,Servir,Debito,10000,0,1597,0
5297,2024-08-07,2024,8,August,Wednesday,False,32,12,manana,Servir,Debito,9000,0,1437,0
5298,2024-08-07,2024,8,August,Wednesday,False,32,12,manana,Servir,Debito,9800,0,1565,0
5299,2024-08-07,2024,8,August,Wednesday,False,32,12,manana,Servir,Debito,10200,0,1629,0
5300,2024-08-07,2024,8,August,Wednesday,False,32,13,almuerzo,Llevar,Debito,4000,0,639,0
5301,2024-08-07,2024,8,August,Wednesday,False,32,13,almuerzo,Llevar,Debito,6600,0,1054,0
5302,2024-08-07,2024,8,August,Wednesday,False,32,13,almuerzo,Servir,Debito,8200,0,1309,0
5303,2024-08-07,2024,8,August,Wednesday,False,32,13,almuerzo,Servir,Debito,4000,0,639,0
5304,2024-08-07,2024,8,August,Wednesday,False,32,14,almuerzo,Servir,Debito,6000,0,958,0
5305,2024-08-07,2024,8,August,Wednesday,False,32,14,almuerzo,Servir,Edenred,4800,0,0,0
5306,2024-08-07,2024,8,August,Wednesday,False,32,14,almuerzo,Llevar,Efectivo,2800,0,447,0
5307,2024-08-07,2024,8,August,Wednesday,False,32,15,almuerzo,Llevar,Debito,4800,0,766,0
5308,2024-08-07,2024,8,August,Wednesday,False,32,15,almuerzo,Servir,Debito,9200,0,1469,0
5309,2024-08-07,2024,8,August,Wednesday,False,32,15,almuerzo,Llevar,Sodexo,12900,0,0,0
5310,2024-08-07,2024,8,August,Wednesday,False,32,15,almuerzo,Llevar,Debito,4000,0,0,0
5311,2024-08-07,2024,8,August,Wednesday,False,32,15,almuerzo,Llevar,Credito,8900,0,1421,0
5312,2024-08-07,2024,8,August,Wednesday,False,32,15,almuerzo,Llevar,Efectivo,1300,0,208,0
5313,2024-08-07,2024,8,August,Wednesday,False,32,16,tarde,Llevar,Debito,4000,0,639,0
5314,2024-08-07,2024,8,August,Wednesday,False,32,16,tarde,Servir,Debito,11700,0,1868,0
5315,2024-08-07,2024,8,August,Wednesday,False,32,17,tarde,Llevar,Debito,5300,0,846,0
5316,2024-08-07,2024,8,August,Wednesday,False,32,17,tarde,Llevar,Debito,10900,0,1740,0
5317,2024-08-07,2024,8,August,Wednesday,False,32,17,tarde,Servir,Debito,13000,0,2076,0
5318,2024-08-07,2024,8,August,Wednesday,False,32,17,tarde,Servir,Debito,4300,0,687,0
5319,2024-08-07,2024,8,August,Wednesday,False,32,17,tarde,Servir,Debito,19500,0,0,0
5320,2024-08-07,2024,8,August,Wednesday,False,32,17,tarde,Llevar,Efectivo,1000,0,160,0
5321,2024-08-07,2024,8,August,Wednesday,False,32,18,tarde,Servir,Debito,13000,0,2076,0
5322,2024-08-07,2024,8,August,Wednesday,False,32,18,tarde,Servir,Debito,12500,0,1996,0
5323,2024-08-07,2024,8,August,Wednesday,False,32,18,tarde,Servir,Debito,14080,0,2248,0
5324,2024-08-07,2024,8,August,Wednesday,False,32,18,tarde,Llevar,Debito,2000,0,319,0
5325,2024-08-07,2024,8,August,Wednesday,False,32,18,tarde,Llevar,Debito,6300,0,1006,0
5326,2024-08-07,2024,8,August,Wednesday,False,32,18,tarde,Llevar,Debito,1500,0,0,0
5327,2024-08-07,2024,8,August,Wednesday,False,32,18,tarde,Servir,Debito,18000,0,2874,0
5328,2024-08-07,2024,8,August,Wednesday,False,32,18,tarde,Llevar,Debito,3100,0,495,0
5329,2024-08-07,2024,8,August,Wednesday,False,32,18,tarde,Llevar,Debito,3100,0,495,0
5330,2024-08-07,2024,8,August,Wednesday,False,32,18,tarde,Servir,Debito,1000,0,160,0
5331,2024-08-07,2024,8,August,Wednesday,False,32,18,tarde,Llevar,Debito,3200,0,511,0
5332,2024-08-07,2024,8,August,Wednesday,False,32,19,cierre,Servir,Efectivo,10600,0,1692,0
5333,2024-08-07,2024,8,August,Wednesday,False,32,19,cierre,Llevar,Debito,6300,0,1006,0
5334,2024-08-07,2024,8,August,Wednesday,False,32,19,cierre,Servir,Debito,4700,0,750,0
5335,2024-08-07,2024,8,August,Wednesday,False,32,19,cierre,Servir,Debito,752,0,120,0
5336,2024-08-07,2024,8,August,Wednesday,False,32,19,cierre,Llevar,Debito,7700,0,1229,0
5337,2024-08-07,2024,8,August,Wednesday,False,32,19,cierre,Servir,Debito,7000,0,1118,0
5338,2024-08-08,2024,8,August,Thursday,False,32,12,manana,Servir,Debito,11600,0,1852,0
5339,2024-08-08,2024,8,August,Thursday,False,32,12,manana,Llevar,Debito,3100,0,495,0
5340,2024-08-08,2024,8,August,Thursday,False,32,12,manana,Servir,Efectivo,9200,0,0,0
5341,2024-08-08,2024,8,August,Thursday,False,32,13,almuerzo,Llevar,Debito,11400,0,1820,0
5342,2024-08-08,2024,8,August,Thursday,False,32,13,almuerzo,Llevar,Debito,2800,0,447,0
5343,2024-08-08,2024,8,August,Thursday,False,32,13,almuerzo,Llevar,Debito,2800,0,447,0
5344,2024-08-08,2024,8,August,Thursday,False,32,13,almuerzo,Llevar,Debito,1500,0,239,0
5345,2024-08-08,2024,8,August,Thursday,False,32,13,almuerzo,Llevar,Credito,12000,0,1916,0
5346,2024-08-08,2024,8,August,Thursday,False,32,13,almuerzo,Llevar,Credito,4800,0,766,0
5347,2024-08-08,2024,8,August,Thursday,False,32,13,almuerzo,Servir,Debito,5800,0,926,0
5348,2024-08-08,2024,8,August,Thursday,False,32,13,almuerzo,Llevar,Debito,2000,0,319,0
5349,2024-08-08,2024,8,August,Thursday,False,32,14,almuerzo,Llevar,Debito,2000,0,319,0
5350,2024-08-08,2024,8,August,Thursday,False,32,15,almuerzo,Llevar,Debito,2700,0,431,0
5351,2024-08-08,2024,8,August,Thursday,False,32,15,almuerzo,Llevar,Debito,4700,0,750,0
5352,2024-08-08,2024,8,August,Thursday,False,32,15,almuerzo,Llevar,Debito,2000,0,319,0
5353,2024-08-08,2024,8,August,Thursday,False,32,15,almuerzo,Llevar,Edenred,1400,0,0,0
5354,2024-08-08,2024,8,August,Thursday,False,32,15,almuerzo,Llevar,Edenred,2700,0,0,0
5355,2024-08-08,2024,8,August,Thursday,False,32,15,almuerzo,Llevar,Debito,4700,0,750,0
5356,2024-08-08,2024,8,August,Thursday,False,32,16,tarde,Llevar,Credito,3100,0,495,0
5357,2024-08-08,2024,8,August,Thursday,False,32,16,tarde,Servir,Debito,18800,0,3002,0
5358,2024-08-08,2024,8,August,Thursday,False,32,16,tarde,Llevar,Debito,4800,0,0,0
5359,2024-08-08,2024,8,August,Thursday,False,32,16,tarde,Llevar,Debito,2800,0,447,0
5360,2024-08-08,2024,8,August,Thursday,False,32,16,tarde,Llevar,Debito,5000,0,798,0
5361,2024-08-08,2024,8,August,Thursday,False,32,17,tarde,Servir,Debito,15900,0,2539,0
5362,2024-08-08,2024,8,August,Thursday,False,32,17,tarde,Llevar,Efectivo,8600,0,1373,0
5363,2024-08-08,2024,8,August,Thursday,False,32,17,tarde,Llevar,Debito,11800,0,1884,0
5364,2024-08-08,2024,8,August,Thursday,False,32,17,tarde,Servir,Efectivo,12200,0,0,0
5365,2024-08-08,2024,8,August,Thursday,False,32,17,tarde,Servir,Debito,10800,0,1724,0
5366,2024-08-08,2024,8,August,Thursday,False,32,18,tarde,Llevar,Debito,2000,0,319,0
5367,2024-08-08,2024,8,August,Thursday,False,32,18,tarde,Servir,Efectivo,3200,0,511,0
5368,2024-08-08,2024,8,August,Thursday,False,32,18,tarde,Servir,Efectivo,7030,0,1122,0
5369,2024-08-08,2024,8,August,Thursday,False,32,18,tarde,Servir,Credito,10200,0,1629,0
5370,2024-08-08,2024,8,August,Thursday,False,32,18,tarde,Llevar,Credito,8300,0,1325,0
5371,2024-08-08,2024,8,August,Thursday,False,32,18,tarde,Llevar,Credito,2000,0,319,0
5372,2024-08-08,2024,8,August,Thursday,False,32,18,tarde,Llevar,Debito,4700,0,750,0
5373,2024-08-08,2024,8,August,Thursday,False,32,18,tarde,Llevar,Debito,3100,0,495,0
5374,2024-08-08,2024,8,August,Thursday,False,32,18,tarde,Llevar,Efectivo,1500,0,239,0
5375,2024-08-08,2024,8,August,Thursday,False,32,18,tarde,Llevar,Debito,10700,0,1708,0
5376,2024-08-08,2024,8,August,Thursday,False,32,19,cierre,Llevar,Debito,4100,0,0,0
5377,2024-08-08,2024,8,August,Thursday,False,32,19,cierre,Servir,Debito,3100,0,495,0
5378,2024-08-08,2024,8,August,Thursday,False,32,19,cierre,Servir,Credito,15900,0,2539,0
5379,2024-08-08,2024,8,August,Thursday,False,32,19,cierre,Llevar,Efectivo,12200,0,1948,0
5380,2024-08-08,2024,8,August,Thursday,False,32,19,cierre,Llevar,Credito,4800,0,766,0
5381,2024-08-08,2024,8,August,Thursday,False,32,19,cierre,Servir,Debito,4100,0,655,0
5382,2024-08-08,2024,8,August,Thursday,False,32,19,cierre,Llevar,Efectivo,3100,0,495,0
5383,2024-08-08,2024,8,August,Thursday,False,32,19,cierre,Servir,Debito,11300,0,1804,0
5384,2024-08-08,2024,8,August,Thursday,False,32,19,cierre,Servir,Debito,12700,0,2028,0
5385,2024-08-08,2024,8,August,Thursday,False,32,19,cierre,Llevar,Debito,8300,0,1325,0
5386,2024-08-08,2024,8,August,Thursday,False,32,19,cierre,Llevar,Debito,6200,0,990,0
5387,2024-08-08,2024,8,August,Thursday,False,32,19,cierre,Llevar,Debito,3400,0,543,0
5388,2024-08-08,2024,8,August,Thursday,False,32,19,cierre,Servir,Debito,10000,0,1597,0
5389,2024-08-08,2024,8,August,Thursday,False,32,19,cierre,Llevar,Efectivo,2000,0,319,0
5390,2024-08-08,2024,8,August,Thursday,False,32,19,cierre,Llevar,Debito,8883,0,0,0
5391,2024-08-08,2024,8,August,Thursday,False,32,19,cierre,Llevar,Debito,10000,0,1597,0
5392,2024-08-08,2024,8,August,Thursday,False,32,19,cierre,Servir,Debito,4000,0,639,0
5393,2024-08-08,2024,8,August,Thursday,False,32,19,cierre,Servir,Debito,4600,0,734,0
5394,2024-08-08,2024,8,August,Thursday,False,32,20,cierre,Llevar,Efectivo,19400,0,0,0
5395,2024-08-08,2024,8,August,Thursday,False,32,20,cierre,Llevar,Debito,3300,0,0,0
5396,2024-08-08,2024,8,August,Thursday,False,32,20,cierre,Llevar,Debito,5940,0,0,0
5397,2024-08-08,2024,8,August,Thursday,False,32,20,cierre,Llevar,Debito,4500,0,0,0
5398,2024-08-09,2024,8,August,Friday,False,32,12,manana,Llevar,Debito,4500,0,718,0
5399,2024-08-09,2024,8,August,Friday,False,32,12,manana,Llevar,Debito,3100,0,495,0
5400,2024-08-09,2024,8,August,Friday,False,32,12,manana,Llevar,Credito,5500,0,878,0
5401,2024-08-09,2024,8,August,Friday,False,32,13,almuerzo,Servir,Debito,19200,0,3066,0
5402,2024-08-09,2024,8,August,Friday,False,32,13,almuerzo,Llevar,Debito,7200,0,1150,0
5403,2024-08-09,2024,8,August,Friday,False,32,13,almuerzo,Llevar,Debito,3100,0,495,0
5404,2024-08-09,2024,8,August,Friday,False,32,13,almuerzo,Llevar,Debito,8000,0,1277,0
5405,2024-08-09,2024,8,August,Friday,False,32,13,almuerzo,Llevar,Debito,10100,0,1613,0
5406,2024-08-09,2024,8,August,Friday,False,32,14,almuerzo,Llevar,Debito,2000,0,319,0
5407,2024-08-09,2024,8,August,Friday,False,32,14,almuerzo,Llevar,Debito,2000,0,319,0
5408,2024-08-09,2024,8,August,Friday,False,32,14,almuerzo,Llevar,Debito,3500,0,559,0
5409,2024-08-09,2024,8,August,Friday,False,32,14,almuerzo,Llevar,Credito,4300,0,687,0
5410,2024-08-09,2024,8,August,Friday,False,32,14,almuerzo,Llevar,Efectivo,4000,0,639,0
5411,2024-08-09,2024,8,August,Friday,False,32,15,almuerzo,Llevar,Credito,6000,0,958,0
5412,2024-08-09,2024,8,August,Friday,False,32,15,almuerzo,Llevar,Credito,13400,0,2139,0
5413,2024-08-09,2024,8,August,Friday,False,32,15,almuerzo,Servir,Debito,9800,0,1565,0
5414,2024-08-09,2024,8,August,Friday,False,32,15,almuerzo,Llevar,Credito,11400,0,1820,0
5415,2024-08-09,2024,8,August,Friday,False,32,15,almuerzo,Servir,Debito,2000,0,319,0
5416,2024-08-09,2024,8,August,Friday,False,32,15,almuerzo,Llevar,Debito,4000,0,639,0
5417,2024-08-09,2024,8,August,Friday,False,32,15,almuerzo,Servir,Debito,16400,0,2618,0
5418,2024-08-09,2024,8,August,Friday,False,32,15,almuerzo,Llevar,Debito,3500,0,559,0
5419,2024-08-09,2024,8,August,Friday,False,32,15,almuerzo,Servir,Debito,6300,0,1006,0
5420,2024-08-09,2024,8,August,Friday,False,32,16,tarde,Servir,Debito,8800,0,0,0
5421,2024-08-09,2024,8,August,Friday,False,32,16,tarde,Llevar,Debito,7100,0,1134,0
5422,2024-08-09,2024,8,August,Friday,False,32,16,tarde,Servir,Debito,1122,0,179,0
5423,2024-08-09,2024,8,August,Friday,False,32,17,tarde,Llevar,Debito,1400,0,0,0
5424,2024-08-09,2024,8,August,Friday,False,32,17,tarde,Servir,Debito,1500,0,0,0
5425,2024-08-09,2024,8,August,Friday,False,32,17,tarde,Servir,Efectivo,1500,0,239,0
5426,2024-08-09,2024,8,August,Friday,False,32,17,tarde,Servir,Debito,1400,0,224,0
5427,2024-08-09,2024,8,August,Friday,False,32,17,tarde,Llevar,Debito,8400,0,1341,0
5428,2024-08-09,2024,8,August,Friday,False,32,17,tarde,Llevar,Debito,2800,0,447,0
5429,2024-08-09,2024,8,August,Friday,False,32,17,tarde,Llevar,Debito,3500,0,559,0
5430,2024-08-09,2024,8,August,Friday,False,32,17,tarde,Servir,Credito,15000,0,2395,0
5431,2024-08-09,2024,8,August,Friday,False,32,17,tarde,Servir,Debito,14400,0,2299,0
5432,2024-08-09,2024,8,August,Friday,False,32,17,tarde,Llevar,Debito,5800,0,926,0
5433,2024-08-09,2024,8,August,Friday,False,32,17,tarde,Servir,Debito,7900,0,1261,0
5434,2024-08-09,2024,8,August,Friday,False,32,17,tarde,Llevar,Debito,5400,0,862,0
5435,2024-08-09,2024,8,August,Friday,False,32,17,tarde,Llevar,Efectivo,2000,0,319,0
5436,2024-08-09,2024,8,August,Friday,False,32,17,tarde,Servir,Debito,10394,0,1660,0
5437,2024-08-09,2024,8,August,Friday,False,32,17,tarde,Servir,Debito,22400,0,3576,0
5438,2024-08-09,2024,8,August,Friday,False,32,18,tarde,Servir,Debito,1400,0,224,0
5439,2024-08-09,2024,8,August,Friday,False,32,18,tarde,Llevar,Debito,5000,0,798,0
5440,2024-08-09,2024,8,August,Friday,False,32,18,tarde,Llevar,Debito,3000,0,479,0
5441,2024-08-09,2024,8,August,Friday,False,32,18,tarde,Llevar,Debito,6700,0,1070,0
5442,2024-08-09,2024,8,August,Friday,False,32,18,tarde,Llevar,Efectivo,6000,0,0,0
5443,2024-08-09,2024,8,August,Friday,False,32,18,tarde,Llevar,Debito,1400,0,224,0
5444,2024-08-09,2024,8,August,Friday,False,32,18,tarde,Llevar,Efectivo,4500,0,718,0
5445,2024-08-09,2024,8,August,Friday,False,32,18,tarde,Servir,Credito,17700,0,2826,0
5446,2024-08-09,2024,8,August,Friday,False,32,18,tarde,Servir,Debito,5000,0,798,0
5447,2024-08-09,2024,8,August,Friday,False,32,18,tarde,Servir,Efectivo,16900,0,0,0
5448,2024-08-09,2024,8,August,Friday,False,32,18,tarde,Servir,Debito,20500,0,3273,0
5449,2024-08-09,2024,8,August,Friday,False,32,19,cierre,Llevar,Efectivo,2000,0,319,0
5450,2024-08-09,2024,8,August,Friday,False,32,19,cierre,Llevar,Debito,3500,0,559,0
5451,2024-08-09,2024,8,August,Friday,False,32,19,cierre,Llevar,Transferencia,2000,0,319,0
5452,2024-08-09,2024,8,August,Friday,False,32,19,cierre,Servir,Transferencia,3000,0,479,0
5453,2024-08-09,2024,8,August,Friday,False,32,19,cierre,Servir,Debito,11000,0,1756,0
5454,2024-08-09,2024,8,August,Friday,False,32,20,cierre,Llevar,Efectivo,2300,0,0,0
5455,2024-08-10,2024,8,August,Saturday,True,32,10,manana,Llevar,Transferencia,42000,0,0,0
5456,2024-08-10,2024,8,August,Saturday,True,32,12,manana,Servir,Debito,16700,0,2666,0
5457,2024-08-10,2024,8,August,Saturday,True,32,12,manana,Servir,Debito,12800,0,2044,0
5458,2024-08-10,2024,8,August,Saturday,True,32,12,manana,Llevar,Debito,2800,0,447,0
5459,2024-08-10,2024,8,August,Saturday,True,32,12,manana,Llevar,Debito,2900,0,463,0
5460,2024-08-10,2024,8,August,Saturday,True,32,12,manana,Servir,Debito,12000,0,1916,0
5461,2024-08-10,2024,8,August,Saturday,True,32,13,almuerzo,Servir,Debito,10700,0,1708,0
5462,2024-08-10,2024,8,August,Saturday,True,32,13,almuerzo,Llevar,Debito,6900,0,1102,0
5463,2024-08-10,2024,8,August,Saturday,True,32,13,almuerzo,Llevar,Debito,14400,0,2299,0
5464,2024-08-10,2024,8,August,Saturday,True,32,13,almuerzo,Servir,Debito,12300,0,1964,0
5465,2024-08-10,2024,8,August,Saturday,True,32,13,almuerzo,Llevar,Efectivo,2800,0,0,0
5466,2024-08-10,2024,8,August,Saturday,True,32,15,almuerzo,Llevar,Edenred,4000,0,0,0
5467,2024-08-10,2024,8,August,Saturday,True,32,15,almuerzo,Servir,Debito,10900,0,1740,0
5468,2024-08-10,2024,8,August,Saturday,True,32,15,almuerzo,Llevar,Edenred,2900,0,0,0
5469,2024-08-10,2024,8,August,Saturday,True,32,15,almuerzo,Servir,Debito,36500,0,5828,690
5470,2024-08-10,2024,8,August,Saturday,True,32,15,almuerzo,Llevar,Debito,3500,0,559,0
5471,2024-08-10,2024,8,August,Saturday,True,32,15,almuerzo,Llevar,Edenred,2800,0,0,0
5472,2024-08-10,2024,8,August,Saturday,True,32,15,almuerzo,Servir,Debito,3500,0,559,0
5473,2024-08-10,2024,8,August,Saturday,True,32,16,tarde,Llevar,Debito,1500,0,239,0
5474,2024-08-10,2024,8,August,Saturday,True,32,16,tarde,Llevar,Debito,4000,0,639,0
5475,2024-08-10,2024,8,August,Saturday,True,32,16,tarde,Llevar,Efectivo,3000,0,479,0
5476,2024-08-10,2024,8,August,Saturday,True,32,16,tarde,Servir,Debito,7000,0,1118,0
5477,2024-08-10,2024,8,August,Saturday,True,32,16,tarde,Servir,Debito,5400,0,862,0
5478,2024-08-10,2024,8,August,Saturday,True,32,16,tarde,Llevar,Debito,4000,0,639,0
5479,2024-08-10,2024,8,August,Saturday,True,32,16,tarde,Llevar,Efectivo,2000,0,319,0
5480,2024-08-10,2024,8,August,Saturday,True,32,16,tarde,Llevar,Efectivo,2900,0,463,0
5481,2024-08-10,2024,8,August,Saturday,True,32,16,tarde,Llevar,Transferencia,1100,0,176,0
5482,2024-08-10,2024,8,August,Saturday,True,32,16,tarde,Servir,Debito,3400,0,543,0
5483,2024-08-10,2024,8,August,Saturday,True,32,16,tarde,Llevar,Credito,4900,0,782,0
5484,2024-08-10,2024,8,August,Saturday,True,32,16,tarde,Servir,Debito,17600,0,2810,0
5485,2024-08-10,2024,8,August,Saturday,True,32,16,tarde,Llevar,Debito,9100,0,1453,0
5486,2024-08-10,2024,8,August,Saturday,True,32,17,tarde,Servir,Debito,11000,0,1756,0
5487,2024-08-10,2024,8,August,Saturday,True,32,17,tarde,Llevar,Debito,3500,0,559,0
5488,2024-08-10,2024,8,August,Saturday,True,32,17,tarde,Llevar,Debito,4300,0,687,0
5489,2024-08-10,2024,8,August,Saturday,True,32,17,tarde,Servir,Debito,23800,0,3800,530
5490,2024-08-10,2024,8,August,Saturday,True,32,17,tarde,Servir,Debito,21500,0,3433,0
5491,2024-08-10,2024,8,August,Saturday,True,32,17,tarde,Servir,Debito,22600,0,3608,0
5492,2024-08-10,2024,8,August,Saturday,True,32,17,tarde,Servir,Debito,18000,0,2874,0
5493,2024-08-10,2024,8,August,Saturday,True,32,17,tarde,Llevar,Debito,2900,0,463,0
5494,2024-08-10,2024,8,August,Saturday,True,32,17,tarde,Llevar,Efectivo,11000,0,0,0
5495,2024-08-10,2024,8,August,Saturday,True,32,17,tarde,Servir,Debito,15900,0,2539,0
5496,2024-08-10,2024,8,August,Saturday,True,32,17,tarde,Llevar,Debito,6900,0,1102,0
5497,2024-08-10,2024,8,August,Saturday,True,32,17,tarde,Llevar,Debito,9500,0,1517,0
5498,2024-08-10,2024,8,August,Saturday,True,32,17,tarde,Llevar,Debito,4200,0,671,0
5499,2024-08-10,2024,8,August,Saturday,True,32,17,tarde,Servir,Debito,1844,0,295,0
5500,2024-08-10,2024,8,August,Saturday,True,32,18,tarde,Llevar,Debito,11500,0,1836,0
5501,2024-08-10,2024,8,August,Saturday,True,32,18,tarde,Llevar,Debito,8200,0,1309,0
5502,2024-08-10,2024,8,August,Saturday,True,32,18,tarde,Servir,Debito,16300,0,2603,0
5503,2024-08-10,2024,8,August,Saturday,True,32,18,tarde,Llevar,Debito,8500,0,1357,0
5504,2024-08-10,2024,8,August,Saturday,True,32,18,tarde,Servir,Debito,5800,0,926,0
5505,2024-08-10,2024,8,August,Saturday,True,32,18,tarde,Servir,Debito,22900,0,3656,0
5506,2024-08-10,2024,8,August,Saturday,True,32,18,tarde,Llevar,Efectivo,11500,0,1836,0
5507,2024-08-10,2024,8,August,Saturday,True,32,18,tarde,Servir,Efectivo,2000,0,319,0
5508,2024-08-10,2024,8,August,Saturday,True,32,18,tarde,Servir,Debito,4700,0,750,0
5509,2024-08-10,2024,8,August,Saturday,True,32,18,tarde,Llevar,Debito,6900,0,1102,0
5510,2024-08-10,2024,8,August,Saturday,True,32,18,tarde,Llevar,Debito,1500,0,239,0
5511,2024-08-10,2024,8,August,Saturday,True,32,18,tarde,Servir,Efectivo,10200,0,0,1020
5512,2024-08-10,2024,8,August,Saturday,True,32,18,tarde,Servir,Debito,6000,0,958,0
5513,2024-08-10,2024,8,August,Saturday,True,32,19,cierre,Servir,Debito,2200,0,351,0
5514,2024-08-10,2024,8,August,Saturday,True,32,19,cierre,Llevar,Efectivo,3050,0,486,0
5515,2024-08-10,2024,8,August,Saturday,True,32,19,cierre,Llevar,Efectivo,5600,0,0,0
5516,2024-08-10,2024,8,August,Saturday,True,32,19,cierre,Llevar,Debito,7200,0,1150,0
5517,2024-08-10,2024,8,August,Saturday,True,32,19,cierre,Llevar,Debito,4000,0,639,0
5518,2024-08-10,2024,8,August,Saturday,True,32,19,cierre,Servir,Debito,10200,0,1629,0
5519,2024-08-10,2024,8,August,Saturday,True,32,19,cierre,Llevar,Debito,2000,0,319,0
5520,2024-08-10,2024,8,August,Saturday,True,32,19,cierre,Llevar,Debito,2200,0,351,0
5521,2024-08-10,2024,8,August,Saturday,True,32,19,cierre,Llevar,Efectivo,13500,0,0,0
5522,2024-08-10,2024,8,August,Saturday,True,32,19,cierre,Llevar,Efectivo,2000,0,0,0
5523,2024-08-11,2024,8,August,Sunday,True,32,14,almuerzo,Llevar,Debito,30200,0,4822,0
5524,2024-08-11,2024,8,August,Sunday,True,32,14,almuerzo,Llevar,Efectivo,14000,0,2235,0
5525,2024-08-11,2024,8,August,Sunday,True,32,15,almuerzo,Servir,Debito,14100,0,2251,0
5526,2024-08-11,2024,8,August,Sunday,True,32,15,almuerzo,Llevar,Edenred,10300,0,0,0
5527,2024-08-11,2024,8,August,Sunday,True,32,15,almuerzo,Llevar,Efectivo,6600,0,1054,0
5528,2024-08-11,2024,8,August,Sunday,True,32,15,almuerzo,Llevar,Efectivo,10500,0,1676,0
5529,2024-08-11,2024,8,August,Sunday,True,32,15,almuerzo,Llevar,Debito,1500,0,239,0
5530,2024-08-11,2024,8,August,Sunday,True,32,15,almuerzo,Llevar,Debito,2900,0,463,0
5531,2024-08-11,2024,8,August,Sunday,True,32,15,almuerzo,Llevar,Debito,2000,0,319,0
5532,2024-08-11,2024,8,August,Sunday,True,32,16,tarde,Llevar,Debito,5600,0,894,0
5533,2024-08-11,2024,8,August,Sunday,True,32,16,tarde,Llevar,Efectivo,3100,0,495,0
5534,2024-08-11,2024,8,August,Sunday,True,32,16,tarde,Servir,Debito,16200,0,2587,1620
5535,2024-08-11,2024,8,August,Sunday,True,32,16,tarde,Llevar,Debito,6400,0,1022,0
5536,2024-08-11,2024,8,August,Sunday,True,32,17,tarde,Llevar,Debito,3500,0,559,0
5537,2024-08-11,2024,8,August,Sunday,True,32,17,tarde,Llevar,Debito,7500,0,1197,0
5538,2024-08-11,2024,8,August,Sunday,True,32,17,tarde,Delivery,Otro,7610,1920,0,0
5539,2024-08-11,2024,8,August,Sunday,True,32,17,tarde,Servir,Debito,20100,0,3209,0
5540,2024-08-11,2024,8,August,Sunday,True,32,17,tarde,Servir,Debito,10700,0,1708,0
5541,2024-08-11,2024,8,August,Sunday,True,32,17,tarde,Llevar,Debito,4900,0,782,0
5542,2024-08-11,2024,8,August,Sunday,True,32,17,tarde,Servir,Debito,10000,0,1597,1000
5543,2024-08-11,2024,8,August,Sunday,True,32,18,tarde,Llevar,Debito,6200,0,990,0
5544,2024-08-11,2024,8,August,Sunday,True,32,18,tarde,Servir,Debito,10200,0,1629,1020
5545,2024-08-11,2024,8,August,Sunday,True,32,18,tarde,Llevar,Debito,8100,0,1293,0
5546,2024-08-11,2024,8,August,Sunday,True,32,18,tarde,Llevar,Debito,8500,0,1357,0
5547,2024-08-11,2024,8,August,Sunday,True,32,18,tarde,Llevar,Debito,4000,0,639,0
5548,2024-08-11,2024,8,August,Sunday,True,32,18,tarde,Llevar,Credito,5700,0,910,0
5549,2024-08-11,2024,8,August,Sunday,True,32,19,cierre,Llevar,Credito,2700,0,431,0
5550,2024-08-12,2024,8,August,Monday,False,33,9,apertura,Llevar,Debito,6900,0,1102,0
5551,2024-08-12,2024,8,August,Monday,False,33,10,manana,Llevar,Debito,2800,0,447,0
5552,2024-08-12,2024,8,August,Monday,False,33,10,manana,Llevar,Debito,5100,0,814,0
5553,2024-08-12,2024,8,August,Monday,False,33,11,manana,Servir,Debito,6000,0,958,0
5554,2024-08-12,2024,8,August,Monday,False,33,11,manana,Llevar,Debito,9000,0,1437,0
5555,2024-08-12,2024,8,August,Monday,False,33,11,manana,Servir,Debito,5000,0,798,0
5556,2024-08-12,2024,8,August,Monday,False,33,11,manana,Llevar,Debito,10400,0,1661,0
5557,2024-08-12,2024,8,August,Monday,False,33,12,manana,Llevar,Debito,4800,0,766,0
5558,2024-08-12,2024,8,August,Monday,False,33,12,manana,Llevar,Efectivo,1400,0,224,0
5559,2024-08-12,2024,8,August,Monday,False,33,13,almuerzo,Llevar,Debito,5900,0,942,0
5560,2024-08-12,2024,8,August,Monday,False,33,13,almuerzo,Llevar,Debito,2000,0,319,0
5561,2024-08-12,2024,8,August,Monday,False,33,13,almuerzo,Servir,Debito,5000,0,798,500
5562,2024-08-12,2024,8,August,Monday,False,33,13,almuerzo,Servir,Debito,14800,0,2363,0
5563,2024-08-12,2024,8,August,Monday,False,33,14,almuerzo,Servir,Edenred,5400,0,0,0
5564,2024-08-12,2024,8,August,Monday,False,33,14,almuerzo,Llevar,Debito,5600,0,894,0
5565,2024-08-12,2024,8,August,Monday,False,33,14,almuerzo,Servir,Debito,3000,0,479,0
5566,2024-08-12,2024,8,August,Monday,False,33,16,tarde,Llevar,Debito,6000,0,958,0
5567,2024-08-12,2024,8,August,Monday,False,33,16,tarde,Servir,Debito,16700,0,2666,1670
5568,2024-08-12,2024,8,August,Monday,False,33,16,tarde,Servir,Debito,3400,0,543,0
5569,2024-08-12,2024,8,August,Monday,False,33,16,tarde,Servir,Edenred,4800,0,0,0
5570,2024-08-12,2024,8,August,Monday,False,33,16,tarde,Servir,Efectivo,8200,0,1309,0
5571,2024-08-12,2024,8,August,Monday,False,33,16,tarde,Llevar,Debito,6000,0,958,0
5572,2024-08-12,2024,8,August,Monday,False,33,17,tarde,Llevar,Debito,5800,0,926,0
5573,2024-08-12,2024,8,August,Monday,False,33,17,tarde,Servir,Efectivo,20000,0,0,0
5574,2024-08-12,2024,8,August,Monday,False,33,17,tarde,Llevar,Debito,7500,0,1197,0
5575,2024-08-12,2024,8,August,Monday,False,33,17,tarde,Llevar,Debito,12100,0,1932,0
5576,2024-08-12,2024,8,August,Monday,False,33,17,tarde,Llevar,Debito,5700,0,910,0
5577,2024-08-12,2024,8,August,Monday,False,33,17,tarde,Llevar,Debito,4800,0,766,0
5578,2024-08-12,2024,8,August,Monday,False,33,17,tarde,Llevar,Debito,4800,0,766,0
5579,2024-08-12,2024,8,August,Monday,False,33,17,tarde,Llevar,Debito,2000,0,319,0
5580,2024-08-12,2024,8,August,Monday,False,33,17,tarde,Servir,Credito,15300,0,2443,0
5581,2024-08-12,2024,8,August,Monday,False,33,18,tarde,Llevar,Debito,11200,0,1788,0
5582,2024-08-12,2024,8,August,Monday,False,33,18,tarde,Llevar,Debito,4000,0,639,0
5583,2024-08-12,2024,8,August,Monday,False,33,18,tarde,Servir,Debito,10900,0,1740,1090
5584,2024-08-12,2024,8,August,Monday,False,33,18,tarde,Llevar,Debito,14100,0,2251,0
5585,2024-08-12,2024,8,August,Monday,False,33,18,tarde,Servir,Debito,8400,0,1341,0
5586,2024-08-12,2024,8,August,Monday,False,33,18,tarde,Servir,Debito,4600,0,734,0
5587,2024-08-12,2024,8,August,Monday,False,33,18,tarde,Llevar,Debito,9700,0,1549,0
5588,2024-08-12,2024,8,August,Monday,False,33,18,tarde,Llevar,Transferencia,5000,0,798,0
5589,2024-08-12,2024,8,August,Monday,False,33,18,tarde,Servir,Debito,3100,0,495,0
5590,2024-08-12,2024,8,August,Monday,False,33,18,tarde,Servir,Debito,10600,0,1692,0
5591,2024-08-12,2024,8,August,Monday,False,33,18,tarde,Llevar,Debito,5700,0,910,0
5592,2024-08-12,2024,8,August,Monday,False,33,18,tarde,Servir,Debito,13100,0,2092,0
5593,2024-08-12,2024,8,August,Monday,False,33,18,tarde,Llevar,Debito,2000,0,319,0
5594,2024-08-12,2024,8,August,Monday,False,33,18,tarde,Llevar,Debito,2000,0,319,0
5595,2024-08-12,2024,8,August,Monday,False,33,18,tarde,Llevar,Efectivo,7600,0,0,0
5596,2024-08-12,2024,8,August,Monday,False,33,19,cierre,Llevar,Debito,4000,0,639,0
5597,2024-08-12,2024,8,August,Monday,False,33,19,cierre,Llevar,Credito,4000,0,639,0
5598,2024-08-12,2024,8,August,Monday,False,33,19,cierre,Servir,Efectivo,6000,0,958,0
5599,2024-08-12,2024,8,August,Monday,False,33,19,cierre,Servir,Debito,3000,0,479,0
5600,2024-08-12,2024,8,August,Monday,False,33,19,cierre,Servir,Efectivo,5400,0,862,0
5601,2024-08-12,2024,8,August,Monday,False,33,19,cierre,Llevar,Debito,6800,0,1086,0
5602,2024-08-12,2024,8,August,Monday,False,33,19,cierre,Llevar,Debito,4000,0,639,0
5603,2024-08-12,2024,8,August,Monday,False,33,20,cierre,Llevar,Debito,2000,0,319,0
5604,2024-08-13,2024,8,August,Tuesday,False,33,9,apertura,Llevar,Efectivo,8000,0,0,0
5605,2024-08-13,2024,8,August,Tuesday,False,33,9,apertura,Llevar,Transferencia,16400,0,0,0
5606,2024-08-13,2024,8,August,Tuesday,False,33,11,manana,Servir,Efectivo,6900,0,0,0
5607,2024-08-13,2024,8,August,Tuesday,False,33,11,manana,Llevar,Debito,3000,0,479,0
5608,2024-08-13,2024,8,August,Tuesday,False,33,11,manana,Llevar,Efectivo,3900,0,623,0
5609,2024-08-13,2024,8,August,Tuesday,False,33,11,manana,Llevar,Efectivo,2800,0,447,0
5610,2024-08-13,2024,8,August,Tuesday,False,33,12,manana,Servir,Debito,2000,0,319,0
5611,2024-08-13,2024,8,August,Tuesday,False,33,12,manana,Llevar,Efectivo,1400,0,224,0
5612,2024-08-13,2024,8,August,Tuesday,False,33,12,manana,Llevar,Efectivo,1500,0,0,0
5613,2024-08-13,2024,8,August,Tuesday,False,33,12,manana,Llevar,Debito,5100,0,814,0
5614,2024-08-13,2024,8,August,Tuesday,False,33,13,almuerzo,Llevar,Efectivo,7800,0,0,0
5615,2024-08-13,2024,8,August,Tuesday,False,33,13,almuerzo,Llevar,Credito,4000,0,639,0
5616,2024-08-13,2024,8,August,Tuesday,False,33,13,almuerzo,Llevar,Transferencia,42000,0,0,0
5617,2024-08-13,2024,8,August,Tuesday,False,33,14,almuerzo,Servir,Debito,2000,0,319,0
5618,2024-08-13,2024,8,August,Tuesday,False,33,14,almuerzo,Llevar,Debito,2000,0,319,0
5619,2024-08-13,2024,8,August,Tuesday,False,33,14,almuerzo,Llevar,Efectivo,6000,0,958,0
5620,2024-08-13,2024,8,August,Tuesday,False,33,15,almuerzo,Servir,Debito,4300,0,687,0
5621,2024-08-13,2024,8,August,Tuesday,False,33,15,almuerzo,Servir,Debito,2800,0,447,0
5622,2024-08-13,2024,8,August,Tuesday,False,33,15,almuerzo,Llevar,Debito,4000,0,0,0
5623,2024-08-13,2024,8,August,Tuesday,False,33,15,almuerzo,Servir,Efectivo,9000,0,0,0
5624,2024-08-13,2024,8,August,Tuesday,False,33,15,almuerzo,Llevar,Debito,4000,0,639,0
5625,2024-08-13,2024,8,August,Tuesday,False,33,16,tarde,Llevar,Efectivo,2800,0,447,0
5626,2024-08-13,2024,8,August,Tuesday,False,33,16,tarde,Servir,Debito,15900,0,0,0
5627,2024-08-13,2024,8,August,Tuesday,False,33,16,tarde,Llevar,Debito,7600,0,1213,0
5628,2024-08-13,2024,8,August,Tuesday,False,33,16,tarde,Llevar,Edenred,4000,0,0,0
5629,2024-08-13,2024,8,August,Tuesday,False,33,16,tarde,Llevar,Debito,4000,0,0,0
5630,2024-08-13,2024,8,August,Tuesday,False,33,16,tarde,Llevar,Efectivo,66710,0,0,0
5631,2024-08-13,2024,8,August,Tuesday,False,33,16,tarde,Llevar,Efectivo,5500,0,878,0
5632,2024-08-13,2024,8,August,Tuesday,False,33,16,tarde,Llevar,Efectivo,1500,0,239,0
5633,2024-08-13,2024,8,August,Tuesday,False,33,16,tarde,Llevar,Efectivo,2500,0,0,0
5634,2024-08-13,2024,8,August,Tuesday,False,33,17,tarde,Llevar,Debito,2700,0,431,0
5635,2024-08-13,2024,8,August,Tuesday,False,33,17,tarde,Servir,Efectivo,3500,0,0,0
5636,2024-08-13,2024,8,August,Tuesday,False,33,17,tarde,Servir,Debito,2700,0,431,0
5637,2024-08-13,2024,8,August,Tuesday,False,33,17,tarde,Servir,Debito,3500,0,559,0
5638,2024-08-13,2024,8,August,Tuesday,False,33,17,tarde,Llevar,Efectivo,1550,0,0,0
5639,2024-08-13,2024,8,August,Tuesday,False,33,17,tarde,Llevar,Debito,2800,0,447,0
5640,2024-08-13,2024,8,August,Tuesday,False,33,17,tarde,Llevar,Debito,1400,0,0,0
5641,2024-08-13,2024,8,August,Tuesday,False,33,17,tarde,Llevar,Debito,6700,0,1070,0
5642,2024-08-13,2024,8,August,Tuesday,False,33,17,tarde,Llevar,Debito,7100,0,0,0
5643,2024-08-13,2024,8,August,Tuesday,False,33,18,tarde,Llevar,Efectivo,1500,0,239,0
5644,2024-08-13,2024,8,August,Tuesday,False,33,18,tarde,Llevar,Efectivo,1000,0,0,0
5645,2024-08-13,2024,8,August,Tuesday,False,33,18,tarde,Llevar,Efectivo,2900,0,463,0
5646,2024-08-13,2024,8,August,Tuesday,False,33,18,tarde,Servir,Efectivo,13600,0,2171,0
5647,2024-08-13,2024,8,August,Tuesday,False,33,18,tarde,Llevar,Debito,10200,0,1629,0
5648,2024-08-13,2024,8,August,Tuesday,False,33,18,tarde,Servir,Debito,13000,0,2076,0
5649,2024-08-13,2024,8,August,Tuesday,False,33,18,tarde,Llevar,Efectivo,6900,0,1102,0
5650,2024-08-13,2024,8,August,Tuesday,False,33,18,tarde,Servir,Efectivo,10900,0,0,0
5651,2024-08-13,2024,8,August,Tuesday,False,33,18,tarde,Llevar,Credito,10800,0,1724,0
5652,2024-08-13,2024,8,August,Tuesday,False,33,18,tarde,Servir,Debito,13000,0,2076,0
5653,2024-08-13,2024,8,August,Tuesday,False,33,19,cierre,Llevar,Debito,3500,0,559,0
5654,2024-08-13,2024,8,August,Tuesday,False,33,19,cierre,Llevar,Debito,3100,0,495,0
5655,2024-08-13,2024,8,August,Tuesday,False,33,19,cierre,Llevar,Debito,5900,0,942,0
5656,2024-08-13,2024,8,August,Tuesday,False,33,19,cierre,Llevar,Efectivo,4200,0,671,0
5657,2024-08-13,2024,8,August,Tuesday,False,33,19,cierre,Llevar,Debito,6000,0,0,0
5658,2024-08-13,2024,8,August,Tuesday,False,33,19,cierre,Llevar,Debito,4000,0,639,0
5659,2024-08-13,2024,8,August,Tuesday,False,33,19,cierre,Llevar,Credito,8800,0,1405,0
5660,2024-08-13,2024,8,August,Tuesday,False,33,19,cierre,Llevar,Debito,2800,0,447,0
5661,2024-08-13,2024,8,August,Tuesday,False,33,19,cierre,Llevar,Debito,4000,0,639,0
5662,2024-08-14,2024,8,August,Wednesday,False,33,10,manana,Llevar,Efectivo,11300,0,0,0
5663,2024-08-14,2024,8,August,Wednesday,False,33,11,manana,Llevar,Debito,10000,0,1597,0
5664,2024-08-14,2024,8,August,Wednesday,False,33,11,manana,Servir,Credito,5700,0,910,0
5665,2024-08-14,2024,8,August,Wednesday,False,33,11,manana,Servir,Debito,12800,0,2044,0
5666,2024-08-14,2024,8,August,Wednesday,False,33,11,manana,Servir,Credito,6500,0,1038,0
5667,2024-08-14,2024,8,August,Wednesday,False,33,12,manana,Servir,Debito,15000,0,2395,0
5668,2024-08-14,2024,8,August,Wednesday,False,33,12,manana,Llevar,Debito,2900,0,463,0
5669,2024-08-14,2024,8,August,Wednesday,False,33,12,manana,Llevar,Debito,2800,0,447,0
5670,2024-08-14,2024,8,August,Wednesday,False,33,12,manana,Servir,Debito,2800,0,447,0
5671,2024-08-14,2024,8,August,Wednesday,False,33,12,manana,Servir,Debito,4600,0,734,0
5672,2024-08-14,2024,8,August,Wednesday,False,33,13,almuerzo,Servir,Debito,2000,0,319,0
5673,2024-08-14,2024,8,August,Wednesday,False,33,13,almuerzo,Servir,Debito,4000,0,639,0
5674,2024-08-14,2024,8,August,Wednesday,False,33,13,almuerzo,Llevar,Debito,2000,0,319,0
5675,2024-08-14,2024,8,August,Wednesday,False,33,13,almuerzo,Servir,Efectivo,4000,0,639,0
5676,2024-08-14,2024,8,August,Wednesday,False,33,14,almuerzo,Llevar,Debito,2000,0,319,0
5677,2024-08-14,2024,8,August,Wednesday,False,33,14,almuerzo,Servir,Efectivo,5500,0,0,0
5678,2024-08-14,2024,8,August,Wednesday,False,33,14,almuerzo,Servir,Debito,4600,0,734,0
5679,2024-08-14,2024,8,August,Wednesday,False,33,14,almuerzo,Servir,Transferencia,4000,0,0,0
5680,2024-08-14,2024,8,August,Wednesday,False,33,14,almuerzo,Servir,Debito,15900,0,2539,0
5681,2024-08-14,2024,8,August,Wednesday,False,33,14,almuerzo,Llevar,Efectivo,2000,0,319,0
5682,2024-08-14,2024,8,August,Wednesday,False,33,14,almuerzo,Servir,Debito,2700,0,431,0
5683,2024-08-14,2024,8,August,Wednesday,False,33,15,almuerzo,Servir,Efectivo,8200,0,0,0
5684,2024-08-14,2024,8,August,Wednesday,False,33,16,tarde,Llevar,Debito,2000,0,319,0
5685,2024-08-14,2024,8,August,Wednesday,False,33,16,tarde,Llevar,Debito,4900,0,0,0
5686,2024-08-14,2024,8,August,Wednesday,False,33,16,tarde,Servir,Debito,8600,0,1373,0
5687,2024-08-14,2024,8,August,Wednesday,False,33,16,tarde,Servir,Debito,7200,0,1150,0
5688,2024-08-14,2024,8,August,Wednesday,False,33,16,tarde,Llevar,Debito,3700,0,591,0
5689,2024-08-14,2024,8,August,Wednesday,False,33,16,tarde,Llevar,Debito,2000,0,319,0
5690,2024-08-14,2024,8,August,Wednesday,False,33,17,tarde,Llevar,Debito,1000,0,0,0
5691,2024-08-14,2024,8,August,Wednesday,False,33,17,tarde,Llevar,Debito,6000,0,958,0
5692,2024-08-14,2024,8,August,Wednesday,False,33,17,tarde,Llevar,Debito,4100,0,655,0
5693,2024-08-14,2024,8,August,Wednesday,False,33,17,tarde,Llevar,Debito,3100,0,495,0
5694,2024-08-14,2024,8,August,Wednesday,False,33,17,tarde,Llevar,Debito,6400,0,0,0
5695,2024-08-14,2024,8,August,Wednesday,False,33,17,tarde,Servir,Efectivo,19600,0,3129,0
5696,2024-08-14,2024,8,August,Wednesday,False,33,17,tarde,Servir,Debito,16400,0,2618,0
5697,2024-08-14,2024,8,August,Wednesday,False,33,17,tarde,Servir,Edenred,14300,0,0,0
5698,2024-08-14,2024,8,August,Wednesday,False,33,17,tarde,Servir,Efectivo,8700,0,1389,0
5699,2024-08-14,2024,8,August,Wednesday,False,33,17,tarde,Llevar,Efectivo,8700,0,1389,0
5700,2024-08-14,2024,8,August,Wednesday,False,33,17,tarde,Llevar,Debito,9200,0,0,0
5701,2024-08-14,2024,8,August,Wednesday,False,33,18,tarde,Servir,Debito,28200,0,4503,0
5702,2024-08-14,2024,8,August,Wednesday,False,33,18,tarde,Llevar,Debito,4000,0,639,0
5703,2024-08-14,2024,8,August,Wednesday,False,33,18,tarde,Llevar,Debito,7000,0,0,0
5704,2024-08-14,2024,8,August,Wednesday,False,33,18,tarde,Llevar,Debito,8800,0,1405,0
5705,2024-08-14,2024,8,August,Wednesday,False,33,18,tarde,Llevar,Debito,7105,0,1135,0
5706,2024-08-14,2024,8,August,Wednesday,False,33,18,tarde,Servir,Debito,11700,0,1868,0
5707,2024-08-14,2024,8,August,Wednesday,False,33,18,tarde,Llevar,Debito,4500,0,718,0
5708,2024-08-14,2024,8,August,Wednesday,False,33,18,tarde,Llevar,Debito,7700,0,1229,0
5709,2024-08-14,2024,8,August,Wednesday,False,33,18,tarde,Llevar,Credito,4000,0,639,0
5710,2024-08-14,2024,8,August,Wednesday,False,33,18,tarde,Llevar,Debito,2000,0,319,0
5711,2024-08-14,2024,8,August,Wednesday,False,33,18,tarde,Llevar,Debito,2000,0,319,0
5712,2024-08-14,2024,8,August,Wednesday,False,33,18,tarde,Servir,Debito,4800,0,766,0
5713,2024-08-14,2024,8,August,Wednesday,False,33,18,tarde,Llevar,Debito,13200,0,2108,0
5714,2024-08-14,2024,8,August,Wednesday,False,33,19,cierre,Llevar,Debito,7000,0,1118,0
5715,2024-08-14,2024,8,August,Wednesday,False,33,19,cierre,Llevar,Efectivo,7500,0,1197,0
5716,2024-08-14,2024,8,August,Wednesday,False,33,19,cierre,Llevar,Debito,3000,0,479,0
5717,2024-08-14,2024,8,August,Wednesday,False,33,19,cierre,Llevar,Efectivo,5600,0,0,0
5718,2024-08-14,2024,8,August,Wednesday,False,33,19,cierre,Llevar,Debito,2000,0,319,0
5719,2024-08-14,2024,8,August,Wednesday,False,33,19,cierre,Llevar,Debito,8800,0,1405,0
5720,2024-08-14,2024,8,August,Wednesday,False,33,19,cierre,Servir,Debito,13600,0,2171,0
5721,2024-08-14,2024,8,August,Wednesday,False,33,19,cierre,Llevar,Efectivo,5600,0,0,0
5722,2024-08-14,2024,8,August,Wednesday,False,33,19,cierre,Llevar,Debito,1500,0,239,0
5723,2024-08-14,2024,8,August,Wednesday,False,33,19,cierre,Llevar,Debito,4000,0,639,0
5724,2024-08-14,2024,8,August,Wednesday,False,33,19,cierre,Llevar,Debito,4500,0,718,0
5725,2024-08-14,2024,8,August,Wednesday,False,33,20,cierre,Llevar,Debito,2000,0,319,0
5726,2024-08-14,2024,8,August,Wednesday,False,33,20,cierre,Servir,Debito,7000,0,1118,0
5727,2024-08-14,2024,8,August,Wednesday,False,33,20,cierre,Llevar,Debito,2340,0,374,0
5728,2024-08-15,2024,8,August,Thursday,False,33,10,manana,Servir,Debito,16000,0,2555,0
5729,2024-08-15,2024,8,August,Thursday,False,33,11,manana,Servir,Debito,14400,0,2299,0
5730,2024-08-15,2024,8,August,Thursday,False,33,12,manana,Servir,Debito,10700,0,1708,0
5731,2024-08-15,2024,8,August,Thursday,False,33,12,manana,Servir,Debito,5100,0,814,0
5732,2024-08-15,2024,8,August,Thursday,False,33,12,manana,Servir,Debito,11100,0,1772,0
5733,2024-08-15,2024,8,August,Thursday,False,33,12,manana,Llevar,Debito,3100,0,495,0
5734,2024-08-15,2024,8,August,Thursday,False,33,13,almuerzo,Servir,Efectivo,11500,0,0,1150
5735,2024-08-15,2024,8,August,Thursday,False,33,13,almuerzo,Llevar,Debito,8000,0,1277,0
5736,2024-08-15,2024,8,August,Thursday,False,33,13,almuerzo,Llevar,Debito,14200,0,2267,0
5737,2024-08-15,2024,8,August,Thursday,False,33,13,almuerzo,Servir,Edenred,25500,0,0,0
5738,2024-08-15,2024,8,August,Thursday,False,33,14,almuerzo,Llevar,Credito,2800,0,447,0
5739,2024-08-15,2024,8,August,Thursday,False,33,14,almuerzo,Llevar,Debito,4000,0,639,0
5740,2024-08-15,2024,8,August,Thursday,False,33,14,almuerzo,Llevar,Debito,10200,0,1629,0
5741,2024-08-15,2024,8,August,Thursday,False,33,14,almuerzo,Llevar,Credito,6300,0,1006,0
5742,2024-08-15,2024,8,August,Thursday,False,33,14,almuerzo,Llevar,Credito,5000,0,798,0
5743,2024-08-15,2024,8,August,Thursday,False,33,15,almuerzo,Servir,Debito,8100,0,1293,0
5744,2024-08-15,2024,8,August,Thursday,False,33,15,almuerzo,Servir,Debito,12600,0,2012,0
5745,2024-08-15,2024,8,August,Thursday,False,33,16,tarde,Llevar,Debito,5900,0,942,0
5746,2024-08-15,2024,8,August,Thursday,False,33,16,tarde,Llevar,Debito,2000,0,319,0
5747,2024-08-15,2024,8,August,Thursday,False,33,16,tarde,Servir,Debito,11900,0,1900,1190
5748,2024-08-15,2024,8,August,Thursday,False,33,16,tarde,Servir,Debito,18000,0,2874,0
5749,2024-08-15,2024,8,August,Thursday,False,33,16,tarde,Servir,Debito,2000,0,319,0
5750,2024-08-15,2024,8,August,Thursday,False,33,16,tarde,Llevar,Debito,11500,0,1836,0
5751,2024-08-15,2024,8,August,Thursday,False,33,16,tarde,Llevar,Debito,7000,0,1118,0
5752,2024-08-15,2024,8,August,Thursday,False,33,16,tarde,Llevar,Debito,3400,0,543,0
5753,2024-08-15,2024,8,August,Thursday,False,33,16,tarde,Servir,Debito,10000,0,1597,0
5754,2024-08-15,2024,8,August,Thursday,False,33,16,tarde,Llevar,Debito,2000,0,319,0
5755,2024-08-15,2024,8,August,Thursday,False,33,16,tarde,Llevar,Debito,5600,0,894,0
5756,2024-08-15,2024,8,August,Thursday,False,33,16,tarde,Servir,Credito,10000,0,1597,0
5757,2024-08-15,2024,8,August,Thursday,False,33,16,tarde,Llevar,Credito,16200,0,2587,0
5758,2024-08-15,2024,8,August,Thursday,False,33,17,tarde,Servir,Debito,11100,0,1772,0
5759,2024-08-15,2024,8,August,Thursday,False,33,17,tarde,Servir,Credito,3500,0,559,350
5760,2024-08-15,2024,8,August,Thursday,False,33,17,tarde,Llevar,Efectivo,8200,0,1309,0
5761,2024-08-15,2024,8,August,Thursday,False,33,17,tarde,Llevar,Debito,2000,0,319,0
5762,2024-08-15,2024,8,August,Thursday,False,33,17,tarde,Llevar,Efectivo,5600,0,894,0
5763,2024-08-15,2024,8,August,Thursday,False,33,17,tarde,Llevar,Debito,4000,0,639,0
5764,2024-08-15,2024,8,August,Thursday,False,33,17,tarde,Servir,Debito,5200,0,830,520
5765,2024-08-15,2024,8,August,Thursday,False,33,17,tarde,Llevar,Debito,2000,0,319,0
5766,2024-08-15,2024,8,August,Thursday,False,33,17,tarde,Servir,Debito,34900,0,5572,0
5767,2024-08-15,2024,8,August,Thursday,False,33,17,tarde,Servir,Debito,4700,0,750,470
5768,2024-08-15,2024,8,August,Thursday,False,33,17,tarde,Servir,Debito,13200,0,2108,1320
5769,2024-08-15,2024,8,August,Thursday,False,33,17,tarde,Llevar,Efectivo,5500,0,878,0
5770,2024-08-15,2024,8,August,Thursday,False,33,17,tarde,Llevar,Debito,5000,0,798,0
5771,2024-08-15,2024,8,August,Thursday,False,33,18,tarde,Llevar,Debito,6400,0,1022,0
5772,2024-08-15,2024,8,August,Thursday,False,33,18,tarde,Servir,Debito,6000,0,958,0
5773,2024-08-15,2024,8,August,Thursday,False,33,18,tarde,Servir,Debito,10700,0,1708,0
5774,2024-08-15,2024,8,August,Thursday,False,33,18,tarde,Servir,Debito,9000,0,1437,0
5775,2024-08-15,2024,8,August,Thursday,False,33,18,tarde,Llevar,Debito,3500,0,559,0
5776,2024-08-15,2024,8,August,Thursday,False,33,18,tarde,Llevar,Debito,1500,0,239,0
5777,2024-08-15,2024,8,August,Thursday,False,33,19,cierre,Llevar,Debito,9000,0,1437,0
5778,2024-08-15,2024,8,August,Thursday,False,33,19,cierre,Llevar,Credito,8400,0,1341,0
5779,2024-08-15,2024,8,August,Thursday,False,33,19,cierre,Llevar,Debito,2900,0,463,0
5780,2024-08-15,2024,8,August,Thursday,False,33,19,cierre,Llevar,Debito,2000,0,319,0
5781,2024-08-15,2024,8,August,Thursday,False,33,19,cierre,Llevar,Debito,12700,0,2028,0
5782,2024-08-15,2024,8,August,Thursday,False,33,19,cierre,Servir,Debito,8800,0,1405,0
5783,2024-08-15,2024,8,August,Thursday,False,33,19,cierre,Servir,Credito,7500,0,1197,0
5784,2024-08-15,2024,8,August,Thursday,False,33,19,cierre,Servir,Debito,10200,0,1629,0
5785,2024-08-15,2024,8,August,Thursday,False,33,19,cierre,Llevar,Debito,5400,0,0,0
5786,2024-08-15,2024,8,August,Thursday,False,33,19,cierre,Servir,Debito,11600,0,0,0
5787,2024-08-15,2024,8,August,Thursday,False,33,19,cierre,Llevar,Debito,7000,0,1118,0
5788,2024-08-15,2024,8,August,Thursday,False,33,19,cierre,Llevar,Debito,3600,0,575,0
5789,2024-08-15,2024,8,August,Thursday,False,33,19,cierre,Llevar,Debito,14900,0,2379,0
5790,2024-08-15,2024,8,August,Thursday,False,33,19,cierre,Llevar,Debito,10600,0,1692,0
5791,2024-08-15,2024,8,August,Thursday,False,33,19,cierre,Llevar,Debito,3500,0,559,0
5792,2024-08-15,2024,8,August,Thursday,False,33,19,cierre,Llevar,Debito,9300,0,1485,0
5793,2024-08-16,2024,8,August,Friday,False,33,10,manana,Llevar,Efectivo,2000,0,319,0
5794,2024-08-16,2024,8,August,Friday,False,33,10,manana,Servir,Credito,10300,0,1645,0
5795,2024-08-16,2024,8,August,Friday,False,33,10,manana,Servir,Debito,20400,0,3257,0
5796,2024-08-16,2024,8,August,Friday,False,33,11,manana,Llevar,Debito,6500,0,1038,0
5797,2024-08-16,2024,8,August,Friday,False,33,11,manana,Servir,Debito,20100,0,3209,0
5798,2024-08-16,2024,8,August,Friday,False,33,11,manana,Llevar,Edenred,2000,0,0,0
5799,2024-08-16,2024,8,August,Friday,False,33,11,manana,Servir,Debito,2000,0,319,0
5800,2024-08-16,2024,8,August,Friday,False,33,11,manana,Servir,Debito,10200,0,1629,0
5801,2024-08-16,2024,8,August,Friday,False,33,12,manana,Llevar,Debito,2000,0,319,0
5802,2024-08-16,2024,8,August,Friday,False,33,12,manana,Llevar,Debito,9200,0,1469,0
5803,2024-08-16,2024,8,August,Friday,False,33,12,manana,Servir,Debito,13950,1550,2227,0
5804,2024-08-16,2024,8,August,Friday,False,33,12,manana,Llevar,Efectivo,5800,0,926,0
5805,2024-08-16,2024,8,August,Friday,False,33,13,almuerzo,Llevar,Efectivo,3400,0,543,0
5806,2024-08-16,2024,8,August,Friday,False,33,13,almuerzo,Servir,Efectivo,8800,0,1405,0
5807,2024-08-16,2024,8,August,Friday,False,33,13,almuerzo,Llevar,Debito,12600,0,2012,0
5808,2024-08-16,2024,8,August,Friday,False,33,14,almuerzo,Llevar,Debito,5600,0,894,0
5809,2024-08-16,2024,8,August,Friday,False,33,14,almuerzo,Llevar,Credito,6300,0,1006,0
5810,2024-08-16,2024,8,August,Friday,False,33,14,almuerzo,Llevar,Debito,2000,0,319,0
5811,2024-08-16,2024,8,August,Friday,False,33,14,almuerzo,Llevar,Debito,3500,0,559,0
5812,2024-08-16,2024,8,August,Friday,False,33,15,almuerzo,Llevar,Efectivo,2800,0,447,0
5813,2024-08-16,2024,8,August,Friday,False,33,15,almuerzo,Llevar,Debito,7600,0,1213,0
5814,2024-08-16,2024,8,August,Friday,False,33,15,almuerzo,Llevar,Credito,6000,0,958,0
5815,2024-08-16,2024,8,August,Friday,False,33,16,tarde,Llevar,Efectivo,2000,0,319,0
5816,2024-08-16,2024,8,August,Friday,False,33,16,tarde,Servir,Debito,12800,0,2044,0
5817,2024-08-16,2024,8,August,Friday,False,33,16,tarde,Llevar,Efectivo,9900,0,1581,0
5818,2024-08-16,2024,8,August,Friday,False,33,16,tarde,Servir,Debito,16700,0,2666,0
5819,2024-08-16,2024,8,August,Friday,False,33,16,tarde,Servir,Debito,10400,0,1661,0
5820,2024-08-16,2024,8,August,Friday,False,33,16,tarde,Llevar,Debito,2259,0,361,0
5821,2024-08-16,2024,8,August,Friday,False,33,16,tarde,Llevar,Debito,3000,0,479,0
5822,2024-08-16,2024,8,August,Friday,False,33,16,tarde,Llevar,Efectivo,2800,0,447,0
5823,2024-08-16,2024,8,August,Friday,False,33,17,tarde,Llevar,Debito,9600,0,1533,0
5824,2024-08-16,2024,8,August,Friday,False,33,17,tarde,Llevar,Debito,15900,0,0,0
5825,2024-08-16,2024,8,August,Friday,False,33,17,tarde,Llevar,Credito,1600,0,255,0
5826,2024-08-16,2024,8,August,Friday,False,33,17,tarde,Llevar,Credito,3700,0,591,0
5827,2024-08-16,2024,8,August,Friday,False,33,17,tarde,Llevar,Debito,2800,0,447,0
5828,2024-08-16,2024,8,August,Friday,False,33,17,tarde,Servir,Debito,6500,0,0,0
5829,2024-08-16,2024,8,August,Friday,False,33,17,tarde,Servir,Debito,12300,0,1964,0
5830,2024-08-16,2024,8,August,Friday,False,33,17,tarde,Llevar,Debito,7500,0,1197,0
5831,2024-08-16,2024,8,August,Friday,False,33,17,tarde,Llevar,Debito,3000,0,479,0
5832,2024-08-16,2024,8,August,Friday,False,33,17,tarde,Llevar,Debito,7400,0,1182,0
5833,2024-08-16,2024,8,August,Friday,False,33,17,tarde,Llevar,Credito,1400,0,224,0
5834,2024-08-16,2024,8,August,Friday,False,33,17,tarde,Llevar,Debito,3000,0,479,0
5835,2024-08-16,2024,8,August,Friday,False,33,18,tarde,Llevar,Debito,8800,0,1405,0
5836,2024-08-16,2024,8,August,Friday,False,33,18,tarde,Servir,Debito,9000,0,1437,0
5837,2024-08-16,2024,8,August,Friday,False,33,18,tarde,Llevar,Debito,3500,0,559,0
5838,2024-08-16,2024,8,August,Friday,False,33,18,tarde,Llevar,Debito,6300,0,1006,0
5839,2024-08-16,2024,8,August,Friday,False,33,18,tarde,Llevar,Debito,7800,0,1245,0
5840,2024-08-16,2024,8,August,Friday,False,33,18,tarde,Llevar,Debito,5700,0,0,0
5841,2024-08-16,2024,8,August,Friday,False,33,18,tarde,Servir,Efectivo,9000,0,1437,0
5842,2024-08-16,2024,8,August,Friday,False,33,18,tarde,Llevar,Credito,4000,0,639,0
5843,2024-08-16,2024,8,August,Friday,False,33,18,tarde,Llevar,Efectivo,16200,0,2587,0
5844,2024-08-16,2024,8,August,Friday,False,33,18,tarde,Llevar,Debito,10000,0,1597,0
5845,2024-08-16,2024,8,August,Friday,False,33,18,tarde,Servir,Efectivo,5000,0,798,0
5846,2024-08-16,2024,8,August,Friday,False,33,18,tarde,Servir,Efectivo,22200,0,0,0
5847,2024-08-16,2024,8,August,Friday,False,33,18,tarde,Servir,Efectivo,13500,0,2155,0
5848,2024-08-16,2024,8,August,Friday,False,33,18,tarde,Llevar,Credito,27600,0,4407,0
5849,2024-08-16,2024,8,August,Friday,False,33,18,tarde,Servir,Efectivo,13100,0,2092,0
5850,2024-08-16,2024,8,August,Friday,False,33,18,tarde,Llevar,Debito,2000,0,319,0
5851,2024-08-16,2024,8,August,Friday,False,33,18,tarde,Servir,Debito,2000,0,319,0
5852,2024-08-16,2024,8,August,Friday,False,33,18,tarde,Servir,Debito,9800,0,1565,0
5853,2024-08-16,2024,8,August,Friday,False,33,18,tarde,Llevar,Credito,4000,0,639,0
5854,2024-08-16,2024,8,August,Friday,False,33,18,tarde,Servir,Edenred,12000,0,0,0
5855,2024-08-16,2024,8,August,Friday,False,33,19,cierre,Llevar,Debito,10000,0,1597,0
5856,2024-08-16,2024,8,August,Friday,False,33,19,cierre,Servir,Debito,9600,0,1533,0
5857,2024-08-16,2024,8,August,Friday,False,33,19,cierre,Servir,Efectivo,1100,0,176,0
5858,2024-08-16,2024,8,August,Friday,False,33,19,cierre,Llevar,Credito,3400,0,543,0
5859,2024-08-16,2024,8,August,Friday,False,33,19,cierre,Llevar,Debito,3000,0,479,0
5860,2024-08-16,2024,8,August,Friday,False,33,19,cierre,Llevar,Efectivo,2000,0,319,0
5861,2024-08-16,2024,8,August,Friday,False,33,19,cierre,Servir,Debito,8700,0,1389,0
5862,2024-08-16,2024,8,August,Friday,False,33,19,cierre,Llevar,Debito,7700,0,1229,0
5863,2024-08-16,2024,8,August,Friday,False,33,19,cierre,Servir,Debito,11200,0,1788,0
5864,2024-08-16,2024,8,August,Friday,False,33,19,cierre,Servir,Debito,7600,0,1213,0
5865,2024-08-16,2024,8,August,Friday,False,33,19,cierre,Servir,Debito,1500,0,239,0
5866,2024-08-16,2024,8,August,Friday,False,33,20,cierre,Llevar,Debito,5000,0,798,0
5867,2024-08-16,2024,8,August,Friday,False,33,20,cierre,Llevar,Debito,4300,0,687,0
5868,2024-08-16,2024,8,August,Friday,False,33,20,cierre,Llevar,Debito,4300,0,687,0
5869,2024-08-17,2024,8,August,Saturday,True,33,10,manana,Servir,Efectivo,21400,0,0,2140
5870,2024-08-17,2024,8,August,Saturday,True,33,11,manana,Servir,Debito,11200,0,1788,0
5871,2024-08-17,2024,8,August,Saturday,True,33,11,manana,Llevar,Edenred,4000,0,0,0
5872,2024-08-17,2024,8,August,Saturday,True,33,11,manana,Llevar,Efectivo,1500,0,239,0
5873,2024-08-17,2024,8,August,Saturday,True,33,11,manana,Llevar,Credito,3000,0,479,0
5874,2024-08-17,2024,8,August,Saturday,True,33,11,manana,Servir,Efectivo,5500,0,878,0
5875,2024-08-17,2024,8,August,Saturday,True,33,11,manana,Llevar,Efectivo,2000,0,319,0
5876,2024-08-17,2024,8,August,Saturday,True,33,12,manana,Servir,Debito,13300,0,2124,1330
5877,2024-08-17,2024,8,August,Saturday,True,33,12,manana,Servir,Debito,15000,0,2395,0
5878,2024-08-17,2024,8,August,Saturday,True,33,12,manana,Llevar,Debito,1400,0,224,0
5879,2024-08-17,2024,8,August,Saturday,True,33,13,almuerzo,Llevar,Debito,4000,0,639,0
5880,2024-08-17,2024,8,August,Saturday,True,33,13,almuerzo,Servir,Debito,8200,0,1309,820
5881,2024-08-17,2024,8,August,Saturday,True,33,13,almuerzo,Servir,Efectivo,11600,0,1852,1160
5882,2024-08-17,2024,8,August,Saturday,True,33,13,almuerzo,Servir,Debito,5800,0,926,0
5883,2024-08-17,2024,8,August,Saturday,True,33,13,almuerzo,Llevar,Debito,3000,0,479,0
5884,2024-08-17,2024,8,August,Saturday,True,33,13,almuerzo,Llevar,Debito,10000,0,1597,0
5885,2024-08-17,2024,8,August,Saturday,True,33,13,almuerzo,Llevar,Debito,4000,0,639,0
5886,2024-08-17,2024,8,August,Saturday,True,33,13,almuerzo,Llevar,Debito,2000,0,319,0
5887,2024-08-17,2024,8,August,Saturday,True,33,13,almuerzo,Servir,Debito,17000,0,2714,1700
5888,2024-08-17,2024,8,August,Saturday,True,33,14,almuerzo,Llevar,Debito,2900,0,463,0
5889,2024-08-17,2024,8,August,Saturday,True,33,15,almuerzo,Llevar,Debito,2000,0,319,0
5890,2024-08-19,2024,8,August,Monday,False,34,11,manana,Llevar,Debito,2000,0,319,0
5891,2024-08-19,2024,8,August,Monday,False,34,11,manana,Servir,Debito,10200,0,1629,0
5892,2024-08-19,2024,8,August,Monday,False,34,12,manana,Llevar,Debito,4000,0,639,0
5893,2024-08-19,2024,8,August,Monday,False,34,12,manana,Servir,Debito,7000,0,1118,0
5894,2024-08-19,2024,8,August,Monday,False,34,12,manana,Llevar,Debito,7500,0,1197,0
5895,2024-08-19,2024,8,August,Monday,False,34,12,manana,Servir,Debito,3000,0,479,0
5896,2024-08-19,2024,8,August,Monday,False,34,13,almuerzo,Servir,Debito,10000,0,1597,0
5897,2024-08-19,2024,8,August,Monday,False,34,13,almuerzo,Llevar,Credito,2000,0,319,0
5898,2024-08-19,2024,8,August,Monday,False,34,13,almuerzo,Servir,Debito,4500,0,718,450
5899,2024-08-19,2024,8,August,Monday,False,34,13,almuerzo,Llevar,Credito,3500,0,559,0
5900,2024-08-19,2024,8,August,Monday,False,34,14,almuerzo,Llevar,Debito,2000,0,319,0
5901,2024-08-19,2024,8,August,Monday,False,34,14,almuerzo,Llevar,Debito,7500,0,1197,0
5902,2024-08-19,2024,8,August,Monday,False,34,14,almuerzo,Servir,Debito,5500,0,878,550
5903,2024-08-19,2024,8,August,Monday,False,34,14,almuerzo,Llevar,Debito,4000,0,639,0
5904,2024-08-19,2024,8,August,Monday,False,34,16,tarde,Llevar,Credito,5800,0,926,0
5905,2024-08-19,2024,8,August,Monday,False,34,16,tarde,Llevar,Efectivo,2000,0,319,0
5906,2024-08-19,2024,8,August,Monday,False,34,16,tarde,Llevar,Debito,4000,0,639,0
5907,2024-08-19,2024,8,August,Monday,False,34,16,tarde,Llevar,Debito,6000,0,958,0
5908,2024-08-19,2024,8,August,Monday,False,34,17,tarde,Llevar,Debito,8100,0,1293,0
5909,2024-08-19,2024,8,August,Monday,False,34,17,tarde,Llevar,Debito,2200,0,351,0
5910,2024-08-19,2024,8,August,Monday,False,34,18,tarde,Servir,Edenred,10400,0,0,0
5911,2024-08-19,2024,8,August,Monday,False,34,18,tarde,Llevar,Debito,4000,0,639,0
5912,2024-08-19,2024,8,August,Monday,False,34,18,tarde,Llevar,Debito,3800,0,607,0
5913,2024-08-19,2024,8,August,Monday,False,34,18,tarde,Llevar,Debito,7500,0,1197,0
5914,2024-08-19,2024,8,August,Monday,False,34,18,tarde,Llevar,Debito,7500,0,1197,0
5915,2024-08-19,2024,8,August,Monday,False,34,18,tarde,Servir,Debito,12300,0,1964,0
5916,2024-08-19,2024,8,August,Monday,False,34,18,tarde,Servir,Efectivo,6000,0,958,0
5917,2024-08-19,2024,8,August,Monday,False,34,18,tarde,Servir,Credito,12900,0,2060,1290
5918,2024-08-19,2024,8,August,Monday,False,34,19,cierre,Llevar,Debito,10200,0,1629,0
5919,2024-08-19,2024,8,August,Monday,False,34,19,cierre,Llevar,Debito,10100,0,1613,0
5920,2024-08-19,2024,8,August,Monday,False,34,19,cierre,Servir,Debito,9200,0,1469,920
5921,2024-08-19,2024,8,August,Monday,False,34,19,cierre,Llevar,Debito,3500,0,559,0
5922,2024-08-19,2024,8,August,Monday,False,34,19,cierre,Servir,Efectivo,7000,0,0,0
5923,2024-08-19,2024,8,August,Monday,False,34,19,cierre,Llevar,Debito,12500,0,1996,0
5924,2024-08-19,2024,8,August,Monday,False,34,20,cierre,Llevar,Debito,3500,0,559,0
5925,2024-08-20,2024,8,August,Tuesday,False,34,10,manana,Llevar,Debito,3500,0,559,0
5926,2024-08-20,2024,8,August,Tuesday,False,34,10,manana,Servir,Debito,5200,0,830,0
5927,2024-08-20,2024,8,August,Tuesday,False,34,11,manana,Llevar,Debito,2800,0,447,0
5928,2024-08-20,2024,8,August,Tuesday,False,34,11,manana,Llevar,Credito,8100,0,1293,0
5929,2024-08-20,2024,8,August,Tuesday,False,34,11,manana,Servir,Efectivo,10300,0,0,0
5930,2024-08-20,2024,8,August,Tuesday,False,34,11,manana,Servir,Edenred,11000,0,0,0
5931,2024-08-20,2024,8,August,Tuesday,False,34,12,manana,Llevar,Debito,2000,0,319,0
5932,2024-08-20,2024,8,August,Tuesday,False,34,12,manana,Llevar,Credito,15600,0,2491,0
5933,2024-08-20,2024,8,August,Tuesday,False,34,12,manana,Llevar,Debito,3400,0,543,0
5934,2024-08-20,2024,8,August,Tuesday,False,34,13,almuerzo,Llevar,Efectivo,2000,0,319,0
5935,2024-08-20,2024,8,August,Tuesday,False,34,13,almuerzo,Llevar,Debito,1400,0,224,0
5936,2024-08-20,2024,8,August,Tuesday,False,34,13,almuerzo,Servir,Debito,7200,0,1150,0
5937,2024-08-20,2024,8,August,Tuesday,False,34,13,almuerzo,Llevar,Edenred,2800,0,0,0
5938,2024-08-20,2024,8,August,Tuesday,False,34,13,almuerzo,Llevar,Debito,6000,0,958,0
5939,2024-08-20,2024,8,August,Tuesday,False,34,13,almuerzo,Llevar,Credito,2000,0,319,0
5940,2024-08-20,2024,8,August,Tuesday,False,34,14,almuerzo,Llevar,Efectivo,3100,0,0,0
5941,2024-08-20,2024,8,August,Tuesday,False,34,14,almuerzo,Servir,Debito,5900,0,942,0
5942,2024-08-20,2024,8,August,Tuesday,False,34,16,tarde,Llevar,Efectivo,3500,0,559,0
5943,2024-08-20,2024,8,August,Tuesday,False,34,16,tarde,Llevar,Edenred,1400,0,0,0
5944,2024-08-20,2024,8,August,Tuesday,False,34,16,tarde,Llevar,Efectivo,8000,0,1277,0
5945,2024-08-20,2024,8,August,Tuesday,False,34,16,tarde,Servir,Credito,10200,0,1629,0
5946,2024-08-20,2024,8,August,Tuesday,False,34,16,tarde,Servir,Debito,10000,0,1597,0
5947,2024-08-20,2024,8,August,Tuesday,False,34,16,tarde,Llevar,Debito,8300,0,1325,0
5948,2024-08-20,2024,8,August,Tuesday,False,34,16,tarde,Llevar,Efectivo,1000,0,160,0
5949,2024-08-20,2024,8,August,Tuesday,False,34,16,tarde,Llevar,Efectivo,4900,0,782,0
5950,2024-08-20,2024,8,August,Tuesday,False,34,16,tarde,Llevar,Debito,3500,0,559,0
5951,2024-08-20,2024,8,August,Tuesday,False,34,17,tarde,Llevar,Efectivo,12000,0,1916,0
5952,2024-08-20,2024,8,August,Tuesday,False,34,17,tarde,Llevar,Credito,7900,0,1261,0
5953,2024-08-20,2024,8,August,Tuesday,False,34,17,tarde,Llevar,Debito,3080,0,492,0
5954,2024-08-20,2024,8,August,Tuesday,False,34,17,tarde,Servir,Debito,16900,0,2698,0
5955,2024-08-20,2024,8,August,Tuesday,False,34,17,tarde,Llevar,Efectivo,2000,0,319,0
5956,2024-08-20,2024,8,August,Tuesday,False,34,17,tarde,Servir,Efectivo,3100,0,495,0
5957,2024-08-20,2024,8,August,Tuesday,False,34,17,tarde,Llevar,Efectivo,3000,0,479,0
5958,2024-08-20,2024,8,August,Tuesday,False,34,17,tarde,Servir,Credito,3100,0,495,0
5959,2024-08-20,2024,8,August,Tuesday,False,34,18,tarde,Servir,Efectivo,6600,0,0,0
5960,2024-08-20,2024,8,August,Tuesday,False,34,18,tarde,Servir,Debito,14600,0,2331,0
5961,2024-08-20,2024,8,August,Tuesday,False,34,18,tarde,Servir,Debito,7000,0,1118,0
5962,2024-08-20,2024,8,August,Tuesday,False,34,18,tarde,Servir,Debito,3500,0,559,0
5963,2024-08-20,2024,8,August,Tuesday,False,34,18,tarde,Llevar,Efectivo,1400,0,224,0
5964,2024-08-20,2024,8,August,Tuesday,False,34,18,tarde,Llevar,Efectivo,2000,0,0,0
5965,2024-08-20,2024,8,August,Tuesday,False,34,18,tarde,Llevar,Efectivo,2210,0,353,0
5966,2024-08-20,2024,8,August,Tuesday,False,34,18,tarde,Llevar,Efectivo,3000,0,479,0
5967,2024-08-20,2024,8,August,Tuesday,False,34,18,tarde,Llevar,Debito,5500,0,878,0
5968,2024-08-20,2024,8,August,Tuesday,False,34,18,tarde,Llevar,Debito,5000,0,798,0
5969,2024-08-20,2024,8,August,Tuesday,False,34,18,tarde,Llevar,Debito,3100,0,495,0
5970,2024-08-20,2024,8,August,Tuesday,False,34,18,tarde,Servir,Debito,12126,0,1936,0
5971,2024-08-20,2024,8,August,Tuesday,False,34,18,tarde,Servir,Efectivo,3100,0,495,0
5972,2024-08-20,2024,8,August,Tuesday,False,34,19,cierre,Llevar,Debito,3100,0,495,0
5973,2024-08-20,2024,8,August,Tuesday,False,34,19,cierre,Llevar,Debito,4000,0,639,0
5974,2024-08-20,2024,8,August,Tuesday,False,34,19,cierre,Llevar,Debito,9600,0,1533,0
5975,2024-08-20,2024,8,August,Tuesday,False,34,19,cierre,Llevar,Credito,3900,0,623,0
5976,2024-08-20,2024,8,August,Tuesday,False,34,19,cierre,Servir,Debito,14200,0,2267,0
5977,2024-08-20,2024,8,August,Tuesday,False,34,19,cierre,Llevar,Efectivo,3000,0,479,0
5978,2024-08-20,2024,8,August,Tuesday,False,34,19,cierre,Llevar,Efectivo,3400,0,543,0
5979,2024-08-20,2024,8,August,Tuesday,False,34,20,cierre,Llevar,Debito,3500,0,0,0
5980,2024-08-21,2024,8,August,Wednesday,False,34,11,manana,Llevar,Debito,2800,0,447,0
5981,2024-08-21,2024,8,August,Wednesday,False,34,11,manana,Llevar,Debito,6200,0,990,0
5982,2024-08-21,2024,8,August,Wednesday,False,34,11,manana,Servir,Debito,8900,0,1421,0
5983,2024-08-21,2024,8,August,Wednesday,False,34,12,manana,Servir,Edenred,15600,0,0,0
5984,2024-08-21,2024,8,August,Wednesday,False,34,12,manana,Servir,Efectivo,8600,0,1373,0
5985,2024-08-21,2024,8,August,Wednesday,False,34,12,manana,Llevar,Debito,1500,0,239,0
5986,2024-08-21,2024,8,August,Wednesday,False,34,12,manana,Llevar,Debito,2000,0,319,0
5987,2024-08-21,2024,8,August,Wednesday,False,34,12,manana,Llevar,Debito,3000,0,479,0
5988,2024-08-21,2024,8,August,Wednesday,False,34,13,almuerzo,Llevar,Credito,3500,0,559,0
5989,2024-08-21,2024,8,August,Wednesday,False,34,14,almuerzo,Llevar,Debito,3000,0,479,0
5990,2024-08-21,2024,8,August,Wednesday,False,34,14,almuerzo,Llevar,Debito,4200,0,671,0
5991,2024-08-21,2024,8,August,Wednesday,False,34,14,almuerzo,Servir,Efectivo,2000,0,319,0
5992,2024-08-21,2024,8,August,Wednesday,False,34,14,almuerzo,Servir,Debito,10000,0,1597,0
5993,2024-08-21,2024,8,August,Wednesday,False,34,14,almuerzo,Servir,Debito,5200,0,830,0
5994,2024-08-21,2024,8,August,Wednesday,False,34,15,almuerzo,Llevar,Debito,2000,0,319,0
5995,2024-08-21,2024,8,August,Wednesday,False,34,15,almuerzo,Llevar,Debito,2000,0,319,0
5996,2024-08-21,2024,8,August,Wednesday,False,34,15,almuerzo,Servir,Debito,6000,0,958,0
5997,2024-08-21,2024,8,August,Wednesday,False,34,15,almuerzo,Llevar,Debito,4200,0,671,0
5998,2024-08-21,2024,8,August,Wednesday,False,34,15,almuerzo,Servir,Debito,6900,0,1102,0
5999,2024-08-21,2024,8,August,Wednesday,False,34,15,almuerzo,Llevar,Efectivo,6200,0,0,0
6000,2024-08-21,2024,8,August,Wednesday,False,34,15,almuerzo,Llevar,Debito,11600,0,1852,0
6001,2024-08-21,2024,8,August,Wednesday,False,34,15,almuerzo,Servir,Debito,5500,0,878,0
6002,2024-08-21,2024,8,August,Wednesday,False,34,16,tarde,Llevar,Debito,7000,0,1118,0
6003,2024-08-21,2024,8,August,Wednesday,False,34,16,tarde,Servir,Efectivo,3700,0,0,0
6004,2024-08-21,2024,8,August,Wednesday,False,34,16,tarde,Llevar,Debito,6000,0,958,0
6005,2024-08-21,2024,8,August,Wednesday,False,34,16,tarde,Servir,Efectivo,6800,0,0,0
6006,2024-08-21,2024,8,August,Wednesday,False,34,17,tarde,Llevar,Debito,6000,0,958,0
6007,2024-08-21,2024,8,August,Wednesday,False,34,17,tarde,Llevar,Debito,3200,0,511,0
6008,2024-08-21,2024,8,August,Wednesday,False,34,17,tarde,Llevar,Debito,1000,0,160,0
6009,2024-08-21,2024,8,August,Wednesday,False,34,17,tarde,Servir,Edenred,3200,0,0,0
6010,2024-08-21,2024,8,August,Wednesday,False,34,17,tarde,Servir,Debito,7000,0,1118,0
6011,2024-08-21,2024,8,August,Wednesday,False,34,17,tarde,Llevar,Debito,2000,0,319,0
6012,2024-08-21,2024,8,August,Wednesday,False,34,17,tarde,Servir,Efectivo,3500,0,0,0
6013,2024-08-21,2024,8,August,Wednesday,False,34,17,tarde,Llevar,Credito,2150,0,0,0
6014,2024-08-21,2024,8,August,Wednesday,False,34,17,tarde,Llevar,Debito,6200,0,990,0
6015,2024-08-21,2024,8,August,Wednesday,False,34,17,tarde,Llevar,Edenred,5700,0,0,0
6016,2024-08-21,2024,8,August,Wednesday,False,34,17,tarde,Llevar,Credito,10700,0,1708,0
6017,2024-08-21,2024,8,August,Wednesday,False,34,17,tarde,Servir,Efectivo,9200,0,0,0
6018,2024-08-21,2024,8,August,Wednesday,False,34,17,tarde,Servir,Debito,9400,0,1501,0
6019,2024-08-21,2024,8,August,Wednesday,False,34,18,tarde,Llevar,Debito,4369,0,698,0
6020,2024-08-21,2024,8,August,Wednesday,False,34,18,tarde,Llevar,Efectivo,17900,0,2858,0
6021,2024-08-21,2024,8,August,Wednesday,False,34,18,tarde,Llevar,Debito,4900,0,782,0
6022,2024-08-21,2024,8,August,Wednesday,False,34,18,tarde,Llevar,Credito,4200,0,671,0
6023,2024-08-21,2024,8,August,Wednesday,False,34,18,tarde,Llevar,Debito,6400,0,1022,0
6024,2024-08-21,2024,8,August,Wednesday,False,34,18,tarde,Servir,Debito,9400,0,1501,0
6025,2024-08-21,2024,8,August,Wednesday,False,34,18,tarde,Llevar,Debito,5100,0,814,0
6026,2024-08-21,2024,8,August,Wednesday,False,34,18,tarde,Llevar,Credito,4400,0,703,0
6027,2024-08-21,2024,8,August,Wednesday,False,34,18,tarde,Llevar,Credito,1500,0,239,0
6028,2024-08-21,2024,8,August,Wednesday,False,34,18,tarde,Llevar,Debito,4256,0,680,0
6029,2024-08-21,2024,8,August,Wednesday,False,34,19,cierre,Llevar,Debito,14922,0,2383,0
6030,2024-08-21,2024,8,August,Wednesday,False,34,19,cierre,Servir,Debito,22300,0,3561,0
6031,2024-08-21,2024,8,August,Wednesday,False,34,19,cierre,Llevar,Credito,3000,0,0,0
6032,2024-08-21,2024,8,August,Wednesday,False,34,20,cierre,Llevar,Efectivo,2000,0,0,0
6033,2024-08-21,2024,8,August,Wednesday,False,34,20,cierre,Servir,Debito,9200,0,1469,0
6034,2024-08-22,2024,8,August,Thursday,False,34,11,manana,Llevar,Efectivo,11700,0,0,0
6035,2024-08-22,2024,8,August,Thursday,False,34,11,manana,Llevar,Transferencia,36000,6000,0,0
6036,2024-08-22,2024,8,August,Thursday,False,34,11,manana,Llevar,Debito,4000,0,639,0
6037,2024-08-22,2024,8,August,Thursday,False,34,11,manana,Servir,Edenred,13000,0,0,0
6038,2024-08-22,2024,8,August,Thursday,False,34,12,manana,Llevar,Debito,2200,0,351,0
6039,2024-08-22,2024,8,August,Thursday,False,34,12,manana,Llevar,Debito,12000,0,1916,0
6040,2024-08-22,2024,8,August,Thursday,False,34,12,manana,Llevar,Efectivo,2800,0,0,0
6041,2024-08-22,2024,8,August,Thursday,False,34,12,manana,Llevar,Credito,2900,0,463,0
6042,2024-08-22,2024,8,August,Thursday,False,34,12,manana,Llevar,Efectivo,2000,0,319,0
6043,2024-08-22,2024,8,August,Thursday,False,34,12,manana,Llevar,Debito,8000,0,1277,0
6044,2024-08-22,2024,8,August,Thursday,False,34,12,manana,Llevar,Transferencia,7500,0,0,0
6045,2024-08-22,2024,8,August,Thursday,False,34,12,manana,Servir,Debito,6900,0,1102,0
6046,2024-08-22,2024,8,August,Thursday,False,34,13,almuerzo,Llevar,Debito,6100,0,974,0
6047,2024-08-22,2024,8,August,Thursday,False,34,13,almuerzo,Llevar,Efectivo,1400,0,224,0
6048,2024-08-22,2024,8,August,Thursday,False,34,13,almuerzo,Llevar,Debito,6000,0,958,0
6049,2024-08-22,2024,8,August,Thursday,False,34,13,almuerzo,Llevar,Debito,4000,0,639,0
6050,2024-08-22,2024,8,August,Thursday,False,34,13,almuerzo,Llevar,Debito,2000,0,319,0
6051,2024-08-22,2024,8,August,Thursday,False,34,14,almuerzo,Llevar,Debito,12100,0,1932,0
6052,2024-08-22,2024,8,August,Thursday,False,34,14,almuerzo,Servir,Debito,11800,0,1884,1180
6053,2024-08-22,2024,8,August,Thursday,False,34,14,almuerzo,Servir,Debito,5500,0,878,0
6054,2024-08-22,2024,8,August,Thursday,False,34,14,almuerzo,Llevar,Debito,1500,0,239,0
6055,2024-08-22,2024,8,August,Thursday,False,34,14,almuerzo,Llevar,Debito,8000,0,1277,0
6056,2024-08-22,2024,8,August,Thursday,False,34,14,almuerzo,Llevar,Debito,3500,0,559,0
6057,2024-08-22,2024,8,August,Thursday,False,34,15,almuerzo,Llevar,Debito,12900,0,2060,0
6058,2024-08-22,2024,8,August,Thursday,False,34,15,almuerzo,Llevar,Debito,5400,0,862,0
6059,2024-08-22,2024,8,August,Thursday,False,34,15,almuerzo,Llevar,Debito,13000,0,2076,0
6060,2024-08-22,2024,8,August,Thursday,False,34,15,almuerzo,Llevar,Debito,2600,0,415,0
6061,2024-08-22,2024,8,August,Thursday,False,34,15,almuerzo,Llevar,Debito,2200,0,351,0
6062,2024-08-22,2024,8,August,Thursday,False,34,15,almuerzo,Servir,Debito,2800,0,447,0
6063,2024-08-22,2024,8,August,Thursday,False,34,16,tarde,Llevar,Debito,6000,0,958,0
6064,2024-08-22,2024,8,August,Thursday,False,34,16,tarde,Servir,Debito,23100,0,3688,2310
6065,2024-08-22,2024,8,August,Thursday,False,34,16,tarde,Llevar,Debito,7700,0,1229,0
6066,2024-08-22,2024,8,August,Thursday,False,34,16,tarde,Servir,Debito,11300,0,1804,1130
6067,2024-08-22,2024,8,August,Thursday,False,34,16,tarde,Llevar,Debito,7300,0,1166,0
6068,2024-08-22,2024,8,August,Thursday,False,34,16,tarde,Servir,Debito,15000,0,2395,0
6069,2024-08-22,2024,8,August,Thursday,False,34,16,tarde,Llevar,Debito,7000,0,1118,0
6070,2024-08-22,2024,8,August,Thursday,False,34,16,tarde,Llevar,Credito,9400,0,1501,0
6071,2024-08-22,2024,8,August,Thursday,False,34,16,tarde,Llevar,Debito,5000,0,798,0
6072,2024-08-22,2024,8,August,Thursday,False,34,16,tarde,Llevar,Credito,4900,0,782,0
6073,2024-08-22,2024,8,August,Thursday,False,34,16,tarde,Llevar,Debito,8000,0,1277,0
6074,2024-08-22,2024,8,August,Thursday,False,34,16,tarde,Llevar,Debito,2800,0,447,0
6075,2024-08-22,2024,8,August,Thursday,False,34,17,tarde,Llevar,Debito,18600,0,2970,0
6076,2024-08-22,2024,8,August,Thursday,False,34,17,tarde,Servir,Debito,10900,0,1740,1090
6077,2024-08-22,2024,8,August,Thursday,False,34,17,tarde,Llevar,Credito,4000,0,639,0
6078,2024-08-22,2024,8,August,Thursday,False,34,17,tarde,Servir,Debito,12100,0,1932,1210
6079,2024-08-22,2024,8,August,Thursday,False,34,18,tarde,Llevar,Debito,5600,0,894,0
6080,2024-08-22,2024,8,August,Thursday,False,34,18,tarde,Servir,Debito,20800,0,3321,2080
6081,2024-08-22,2024,8,August,Thursday,False,34,18,tarde,Llevar,Debito,4000,0,639,0
6082,2024-08-22,2024,8,August,Thursday,False,34,18,tarde,Llevar,Efectivo,1000,0,160,0
6083,2024-08-22,2024,8,August,Thursday,False,34,18,tarde,Llevar,Debito,2000,0,319,0
6084,2024-08-22,2024,8,August,Thursday,False,34,18,tarde,Llevar,Debito,3500,0,559,0
6085,2024-08-22,2024,8,August,Thursday,False,34,18,tarde,Llevar,Debito,6580,0,1051,0
6086,2024-08-22,2024,8,August,Thursday,False,34,18,tarde,Llevar,Debito,6000,0,958,0
6087,2024-08-22,2024,8,August,Thursday,False,34,18,tarde,Llevar,Debito,4400,0,703,0
6088,2024-08-22,2024,8,August,Thursday,False,34,18,tarde,Servir,Debito,10300,0,1645,1030
6089,2024-08-22,2024,8,August,Thursday,False,34,18,tarde,Llevar,Credito,6300,0,1006,0
6090,2024-08-22,2024,8,August,Thursday,False,34,19,cierre,Servir,Debito,10600,0,1692,0
6091,2024-08-22,2024,8,August,Thursday,False,34,19,cierre,Llevar,Debito,5000,0,798,0
6092,2024-08-22,2024,8,August,Thursday,False,34,19,cierre,Llevar,Debito,7200,0,1150,0
6093,2024-08-22,2024,8,August,Thursday,False,34,19,cierre,Llevar,Efectivo,2800,0,447,0
6094,2024-08-22,2024,8,August,Thursday,False,34,19,cierre,Llevar,Debito,1000,0,160,0
6095,2024-08-22,2024,8,August,Thursday,False,34,19,cierre,Llevar,Debito,5100,0,814,0
6096,2024-08-22,2024,8,August,Thursday,False,34,19,cierre,Llevar,Debito,5700,0,910,0
6097,2024-08-22,2024,8,August,Thursday,False,34,19,cierre,Llevar,Debito,4000,0,639,0
6098,2024-08-22,2024,8,August,Thursday,False,34,19,cierre,Llevar,Debito,7200,0,1150,0
6099,2024-08-22,2024,8,August,Thursday,False,34,19,cierre,Llevar,Debito,5000,0,798,0
6100,2024-08-22,2024,8,August,Thursday,False,34,20,cierre,Llevar,Debito,1400,0,224,0
6101,2024-08-23,2024,8,August,Friday,False,34,10,manana,Llevar,Efectivo,8000,0,0,0
6102,2024-08-23,2024,8,August,Friday,False,34,11,manana,Llevar,Debito,7400,0,1182,0
6103,2024-08-23,2024,8,August,Friday,False,34,11,manana,Servir,Debito,7400,0,1182,0
6104,2024-08-23,2024,8,August,Friday,False,34,11,manana,Llevar,Debito,10000,0,1597,0
6105,2024-08-23,2024,8,August,Friday,False,34,11,manana,Llevar,Debito,2000,0,319,0
6106,2024-08-23,2024,8,August,Friday,False,34,11,manana,Servir,Debito,8600,0,1373,0
6107,2024-08-23,2024,8,August,Friday,False,34,12,manana,Llevar,Debito,1400,0,224,0
6108,2024-08-23,2024,8,August,Friday,False,34,12,manana,Llevar,Efectivo,1400,0,0,0
6109,2024-08-23,2024,8,August,Friday,False,34,12,manana,Llevar,Debito,4000,0,639,0
6110,2024-08-23,2024,8,August,Friday,False,34,12,manana,Servir,Efectivo,11500,0,1836,1150
6111,2024-08-23,2024,8,August,Friday,False,34,13,almuerzo,Llevar,Debito,6000,0,958,0
6112,2024-08-23,2024,8,August,Friday,False,34,13,almuerzo,Llevar,Debito,10000,0,1597,0
6113,2024-08-23,2024,8,August,Friday,False,34,14,almuerzo,Llevar,Debito,2800,0,447,0
6114,2024-08-23,2024,8,August,Friday,False,34,14,almuerzo,Servir,Debito,13200,0,2108,0
6115,2024-08-23,2024,8,August,Friday,False,34,14,almuerzo,Llevar,Efectivo,2200,0,351,0
6116,2024-08-23,2024,8,August,Friday,False,34,14,almuerzo,Llevar,Debito,11000,0,1756,0
6117,2024-08-23,2024,8,August,Friday,False,34,14,almuerzo,Llevar,Credito,6500,0,0,0
6118,2024-08-23,2024,8,August,Friday,False,34,15,almuerzo,Llevar,Debito,6400,0,1022,0
6119,2024-08-23,2024,8,August,Friday,False,34,15,almuerzo,Servir,Debito,9500,0,1517,0
6120,2024-08-23,2024,8,August,Friday,False,34,15,almuerzo,Servir,Debito,7500,0,1197,0
6121,2024-08-23,2024,8,August,Friday,False,34,16,tarde,Llevar,Debito,9799,0,1565,0
6122,2024-08-23,2024,8,August,Friday,False,34,16,tarde,Servir,Debito,15000,0,2395,0
6123,2024-08-23,2024,8,August,Friday,False,34,16,tarde,Llevar,Debito,4800,0,766,0
6124,2024-08-23,2024,8,August,Friday,False,34,16,tarde,Llevar,Debito,12000,0,1916,0
6125,2024-08-23,2024,8,August,Friday,False,34,16,tarde,Llevar,Credito,6200,0,990,0
6126,2024-08-23,2024,8,August,Friday,False,34,16,tarde,Llevar,Debito,2000,0,319,0
6127,2024-08-23,2024,8,August,Friday,False,34,16,tarde,Llevar,Debito,3200,0,511,0
6128,2024-08-23,2024,8,August,Friday,False,34,16,tarde,Servir,Debito,5500,0,878,0
6129,2024-08-23,2024,8,August,Friday,False,34,16,tarde,Llevar,Transferencia,3000,0,479,0
6130,2024-08-23,2024,8,August,Friday,False,34,16,tarde,Servir,Edenred,13300,0,0,0
6131,2024-08-23,2024,8,August,Friday,False,34,16,tarde,Llevar,Efectivo,1400,0,0,0
6132,2024-08-23,2024,8,August,Friday,False,34,16,tarde,Llevar,Debito,5800,0,926,0
6133,2024-08-23,2024,8,August,Friday,False,34,17,tarde,Llevar,Debito,2900,0,463,0
6134,2024-08-23,2024,8,August,Friday,False,34,17,tarde,Servir,Debito,12400,0,1980,0
6135,2024-08-23,2024,8,August,Friday,False,34,17,tarde,Servir,Debito,2000,0,319,0
6136,2024-08-23,2024,8,August,Friday,False,34,17,tarde,Llevar,Efectivo,2000,0,319,0
6137,2024-08-23,2024,8,August,Friday,False,34,17,tarde,Servir,Debito,1500,0,239,0
6138,2024-08-23,2024,8,August,Friday,False,34,17,tarde,Llevar,Debito,6200,0,990,0
6139,2024-08-23,2024,8,August,Friday,False,34,17,tarde,Llevar,Efectivo,3200,0,511,0
6140,2024-08-23,2024,8,August,Friday,False,34,17,tarde,Llevar,Debito,4000,0,639,0
6141,2024-08-23,2024,8,August,Friday,False,34,17,tarde,Servir,Debito,10000,0,1597,0
6142,2024-08-23,2024,8,August,Friday,False,34,17,tarde,Llevar,Debito,5100,0,814,0
6143,2024-08-23,2024,8,August,Friday,False,34,17,tarde,Llevar,Debito,4000,0,639,0
6144,2024-08-23,2024,8,August,Friday,False,34,18,tarde,Servir,Debito,14400,0,2299,0
6145,2024-08-23,2024,8,August,Friday,False,34,18,tarde,Servir,Debito,17500,0,2794,0
6146,2024-08-23,2024,8,August,Friday,False,34,18,tarde,Servir,Credito,5400,0,862,0
6147,2024-08-23,2024,8,August,Friday,False,34,18,tarde,Llevar,Debito,3500,0,559,0
6148,2024-08-23,2024,8,August,Friday,False,34,18,tarde,Llevar,Debito,3200,0,511,0
6149,2024-08-23,2024,8,August,Friday,False,34,18,tarde,Servir,Debito,14200,0,2267,0
6150,2024-08-23,2024,8,August,Friday,False,34,18,tarde,Llevar,Efectivo,1600,0,255,0
6151,2024-08-23,2024,8,August,Friday,False,34,18,tarde,Llevar,Efectivo,9300,0,1485,0
6152,2024-08-23,2024,8,August,Friday,False,34,18,tarde,Llevar,Debito,4300,0,687,0
6153,2024-08-23,2024,8,August,Friday,False,34,18,tarde,Llevar,Debito,2200,0,351,0
6154,2024-08-23,2024,8,August,Friday,False,34,18,tarde,Servir,Debito,5200,0,830,0
6155,2024-08-23,2024,8,August,Friday,False,34,18,tarde,Servir,Debito,8200,0,1309,0
6156,2024-08-23,2024,8,August,Friday,False,34,18,tarde,Llevar,Debito,2800,0,447,0
6157,2024-08-23,2024,8,August,Friday,False,34,19,cierre,Llevar,Efectivo,2000,0,319,0
6158,2024-08-23,2024,8,August,Friday,False,34,19,cierre,Servir,Debito,9900,0,1581,0
6159,2024-08-23,2024,8,August,Friday,False,34,19,cierre,Llevar,Debito,3000,0,479,0
6160,2024-08-23,2024,8,August,Friday,False,34,19,cierre,Llevar,Debito,6000,0,958,0
6161,2024-08-23,2024,8,August,Friday,False,34,19,cierre,Llevar,Transferencia,1400,0,224,0
6162,2024-08-23,2024,8,August,Friday,False,34,19,cierre,Llevar,Debito,2200,0,351,0
6163,2024-08-24,2024,8,August,Saturday,True,34,10,manana,Llevar,Debito,8900,0,1421,0
6164,2024-08-24,2024,8,August,Saturday,True,34,10,manana,Servir,Edenred,8900,0,0,0
6165,2024-08-24,2024,8,August,Saturday,True,34,11,manana,Servir,Debito,6100,0,974,0
6166,2024-08-24,2024,8,August,Saturday,True,34,12,manana,Servir,Debito,10000,0,1597,0
6167,2024-08-24,2024,8,August,Saturday,True,34,13,almuerzo,Llevar,Credito,10800,0,1724,0
6168,2024-08-24,2024,8,August,Saturday,True,34,13,almuerzo,Servir,Debito,3600,0,575,0
6169,2024-08-24,2024,8,August,Saturday,True,34,13,almuerzo,Llevar,Debito,2200,0,351,0
6170,2024-08-24,2024,8,August,Saturday,True,34,13,almuerzo,Servir,Efectivo,10700,0,1708,0
6171,2024-08-24,2024,8,August,Saturday,True,34,13,almuerzo,Servir,Efectivo,16900,0,0,0
6172,2024-08-24,2024,8,August,Saturday,True,34,13,almuerzo,Llevar,Debito,13800,0,2203,0
6173,2024-08-24,2024,8,August,Saturday,True,34,14,almuerzo,Servir,Debito,25800,0,4119,2580
6174,2024-08-24,2024,8,August,Saturday,True,34,14,almuerzo,Llevar,Debito,8500,0,1357,0
6175,2024-08-24,2024,8,August,Saturday,True,34,14,almuerzo,Llevar,Debito,5400,0,862,0
6176,2024-08-24,2024,8,August,Saturday,True,34,14,almuerzo,Llevar,Credito,4200,0,671,0
6177,2024-08-24,2024,8,August,Saturday,True,34,14,almuerzo,Llevar,Debito,8400,0,1341,0
6178,2024-08-24,2024,8,August,Saturday,True,34,14,almuerzo,Llevar,Efectivo,14400,0,2299,0
6179,2024-08-24,2024,8,August,Saturday,True,34,14,almuerzo,Llevar,Efectivo,2000,0,319,0
6180,2024-08-24,2024,8,August,Saturday,True,34,14,almuerzo,Llevar,Efectivo,11600,0,1852,0
6181,2024-08-24,2024,8,August,Saturday,True,34,15,almuerzo,Llevar,Efectivo,3500,0,559,0
6182,2024-08-24,2024,8,August,Saturday,True,34,15,almuerzo,Llevar,Credito,4200,0,671,0
6183,2024-08-24,2024,8,August,Saturday,True,34,15,almuerzo,Llevar,Debito,15900,0,2539,0
6184,2024-08-24,2024,8,August,Saturday,True,34,16,tarde,Llevar,Debito,1400,0,224,0
6185,2024-08-24,2024,8,August,Saturday,True,34,16,tarde,Llevar,Debito,2000,0,319,0
6186,2024-08-24,2024,8,August,Saturday,True,34,16,tarde,Servir,Efectivo,3000,0,479,0
6187,2024-08-24,2024,8,August,Saturday,True,34,16,tarde,Servir,Debito,4700,0,750,0
6188,2024-08-24,2024,8,August,Saturday,True,34,16,tarde,Llevar,Debito,2200,0,351,0
6189,2024-08-24,2024,8,August,Saturday,True,34,16,tarde,Llevar,Debito,7200,0,1150,0
6190,2024-08-24,2024,8,August,Saturday,True,34,16,tarde,Llevar,Debito,2000,0,319,0
6191,2024-08-24,2024,8,August,Saturday,True,34,16,tarde,Llevar,Debito,3400,0,543,0
6192,2024-08-24,2024,8,August,Saturday,True,34,16,tarde,Servir,Debito,6000,0,958,0
6193,2024-08-24,2024,8,August,Saturday,True,34,16,tarde,Llevar,Debito,3200,0,511,0
6194,2024-08-24,2024,8,August,Saturday,True,34,16,tarde,Servir,Debito,13800,0,2203,0
6195,2024-08-24,2024,8,August,Saturday,True,34,16,tarde,Servir,Debito,8400,0,1341,0
6196,2024-08-24,2024,8,August,Saturday,True,34,16,tarde,Llevar,Debito,7700,0,1229,0
6197,2024-08-24,2024,8,August,Saturday,True,34,16,tarde,Llevar,Debito,5400,0,862,0
6198,2024-08-24,2024,8,August,Saturday,True,34,16,tarde,Servir,Debito,12900,0,2060,0
6199,2024-08-24,2024,8,August,Saturday,True,34,17,tarde,Servir,Efectivo,20500,0,3273,0
6200,2024-08-24,2024,8,August,Saturday,True,34,17,tarde,Servir,Debito,11600,0,1852,0
6201,2024-08-24,2024,8,August,Saturday,True,34,17,tarde,Servir,Debito,6100,0,974,0
6202,2024-08-24,2024,8,August,Saturday,True,34,17,tarde,Llevar,Credito,6000,0,958,0
6203,2024-08-24,2024,8,August,Saturday,True,34,17,tarde,Llevar,Credito,4000,0,639,0
6204,2024-08-24,2024,8,August,Saturday,True,34,17,tarde,Llevar,Debito,2000,0,319,0
6205,2024-08-24,2024,8,August,Saturday,True,34,17,tarde,Llevar,Debito,7100,0,1134,0
6206,2024-08-24,2024,8,August,Saturday,True,34,17,tarde,Llevar,Debito,9100,0,1453,0
6207,2024-08-24,2024,8,August,Saturday,True,34,17,tarde,Llevar,Credito,1400,0,224,0
6208,2024-08-24,2024,8,August,Saturday,True,34,17,tarde,Servir,Credito,7000,0,1118,0
6209,2024-08-24,2024,8,August,Saturday,True,34,17,tarde,Servir,Debito,12200,0,1948,0
6210,2024-08-24,2024,8,August,Saturday,True,34,17,tarde,Llevar,Debito,3000,0,479,0
6211,2024-08-24,2024,8,August,Saturday,True,34,17,tarde,Llevar,Debito,4700,0,750,0
6212,2024-08-24,2024,8,August,Saturday,True,34,17,tarde,Llevar,Debito,6204,0,991,0
6213,2024-08-24,2024,8,August,Saturday,True,34,18,tarde,Llevar,Debito,6200,0,990,0
6214,2024-08-24,2024,8,August,Saturday,True,34,18,tarde,Llevar,Efectivo,1400,0,224,0
6215,2024-08-24,2024,8,August,Saturday,True,34,18,tarde,Llevar,Debito,10700,0,1708,0
6216,2024-08-24,2024,8,August,Saturday,True,34,18,tarde,Llevar,Debito,6800,0,1086,0
6217,2024-08-24,2024,8,August,Saturday,True,34,18,tarde,Llevar,Credito,5000,0,798,0
6218,2024-08-24,2024,8,August,Saturday,True,34,18,tarde,Servir,Debito,10000,0,1597,0
6219,2024-08-24,2024,8,August,Saturday,True,34,18,tarde,Llevar,Debito,3000,0,479,0
6220,2024-08-24,2024,8,August,Saturday,True,34,18,tarde,Llevar,Debito,3500,0,559,0
6221,2024-08-24,2024,8,August,Saturday,True,34,18,tarde,Llevar,Efectivo,3500,0,559,0
6222,2024-08-24,2024,8,August,Saturday,True,34,19,cierre,Llevar,Debito,6200,0,990,0
6223,2024-08-24,2024,8,August,Saturday,True,34,19,cierre,Llevar,Debito,3500,0,559,0
6224,2024-08-24,2024,8,August,Saturday,True,34,19,cierre,Servir,Efectivo,3200,0,511,0
6225,2024-08-24,2024,8,August,Saturday,True,34,19,cierre,Llevar,Efectivo,3500,0,559,0
6226,2024-08-24,2024,8,August,Saturday,True,34,19,cierre,Llevar,Debito,5500,0,878,0
6227,2024-08-24,2024,8,August,Saturday,True,34,19,cierre,Llevar,Debito,3100,0,495,0
6228,2024-08-26,2024,8,August,Monday,False,35,11,manana,Llevar,Debito,4000,0,639,0
6229,2024-08-26,2024,8,August,Monday,False,35,11,manana,Servir,Debito,6700,0,1070,0
6230,2024-08-26,2024,8,August,Monday,False,35,12,manana,Llevar,Efectivo,2000,0,319,0
6231,2024-08-26,2024,8,August,Monday,False,35,12,manana,Llevar,Efectivo,5500,0,878,0
6232,2024-08-26,2024,8,August,Monday,False,35,13,almuerzo,Llevar,Debito,2000,0,319,0
6233,2024-08-26,2024,8,August,Monday,False,35,13,almuerzo,Llevar,Debito,5500,0,878,0
6234,2024-08-26,2024,8,August,Monday,False,35,13,almuerzo,Servir,Debito,22400,0,3576,720
6235,2024-08-26,2024,8,August,Monday,False,35,14,almuerzo,Llevar,Credito,4800,0,766,0
6236,2024-08-26,2024,8,August,Monday,False,35,14,almuerzo,Llevar,Debito,2000,0,319,0
6237,2024-08-26,2024,8,August,Monday,False,35,14,almuerzo,Llevar,Debito,2000,0,319,0
6238,2024-08-26,2024,8,August,Monday,False,35,16,tarde,Servir,Debito,4300,0,687,0
6239,2024-08-26,2024,8,August,Monday,False,35,16,tarde,Servir,Debito,10500,0,1676,1050
6240,2024-08-26,2024,8,August,Monday,False,35,16,tarde,Servir,Debito,11000,0,1756,1100
6241,2024-08-26,2024,8,August,Monday,False,35,16,tarde,Llevar,Debito,5800,0,926,0
6242,2024-08-26,2024,8,August,Monday,False,35,17,tarde,Llevar,Debito,3100,0,495,0
6243,2024-08-26,2024,8,August,Monday,False,35,17,tarde,Llevar,Efectivo,4000,0,639,0
6244,2024-08-26,2024,8,August,Monday,False,35,17,tarde,Llevar,Debito,6100,0,974,0
6245,2024-08-26,2024,8,August,Monday,False,35,18,tarde,Llevar,Debito,6000,0,958,0
6246,2024-08-26,2024,8,August,Monday,False,35,18,tarde,Servir,Edenred,10500,0,0,0
6247,2024-08-26,2024,8,August,Monday,False,35,18,tarde,Llevar,Debito,1400,0,224,0
6248,2024-08-26,2024,8,August,Monday,False,35,18,tarde,Llevar,Debito,8400,0,1341,0
6249,2024-08-26,2024,8,August,Monday,False,35,18,tarde,Llevar,Debito,4800,0,766,0
6250,2024-08-26,2024,8,August,Monday,False,35,18,tarde,Servir,Debito,4900,0,782,490
6251,2024-08-26,2024,8,August,Monday,False,35,19,cierre,Llevar,Debito,6000,0,958,0
6252,2024-08-26,2024,8,August,Monday,False,35,19,cierre,Llevar,Efectivo,2800,0,447,0
6253,2024-08-26,2024,8,August,Monday,False,35,19,cierre,Servir,Debito,10000,0,1597,0
6254,2024-08-26,2024,8,August,Monday,False,35,19,cierre,Llevar,Efectivo,2800,0,447,0
6255,2024-08-26,2024,8,August,Monday,False,35,19,cierre,Llevar,Debito,5800,0,926,0
6256,2024-08-27,2024,8,August,Tuesday,False,35,11,manana,Servir,Debito,10500,0,1676,0
6257,2024-08-27,2024,8,August,Tuesday,False,35,12,manana,Llevar,Debito,6900,0,0,0
6258,2024-08-27,2024,8,August,Tuesday,False,35,12,manana,Servir,Debito,2000,0,319,0
6259,2024-08-27,2024,8,August,Tuesday,False,35,12,manana,Servir,Efectivo,3000,0,479,0
6260,2024-08-27,2024,8,August,Tuesday,False,35,12,manana,Llevar,Efectivo,11600,0,0,0
6261,2024-08-27,2024,8,August,Tuesday,False,35,13,almuerzo,Llevar,Debito,2800,0,447,0
6262,2024-08-27,2024,8,August,Tuesday,False,35,13,almuerzo,Llevar,Efectivo,4000,0,0,0
6263,2024-08-27,2024,8,August,Tuesday,False,35,13,almuerzo,Llevar,Debito,3000,0,479,0
6264,2024-08-27,2024,8,August,Tuesday,False,35,13,almuerzo,Servir,Debito,6000,0,958,0
6265,2024-08-27,2024,8,August,Tuesday,False,35,13,almuerzo,Llevar,Debito,1400,0,224,0
6266,2024-08-27,2024,8,August,Tuesday,False,35,14,almuerzo,Llevar,Debito,4800,0,766,0
6267,2024-08-27,2024,8,August,Tuesday,False,35,14,almuerzo,Llevar,Debito,2000,0,319,0
6268,2024-08-27,2024,8,August,Tuesday,False,35,14,almuerzo,Llevar,Efectivo,4000,0,639,0
6269,2024-08-27,2024,8,August,Tuesday,False,35,14,almuerzo,Llevar,Edenred,2800,0,0,0
6270,2024-08-27,2024,8,August,Tuesday,False,35,14,almuerzo,Llevar,Credito,5000,0,798,0
6271,2024-08-27,2024,8,August,Tuesday,False,35,14,almuerzo,Llevar,Credito,4000,0,639,0
6272,2024-08-27,2024,8,August,Tuesday,False,35,14,almuerzo,Llevar,Debito,2800,0,447,0
6273,2024-08-27,2024,8,August,Tuesday,False,35,15,almuerzo,Llevar,Efectivo,5800,0,0,0
6274,2024-08-27,2024,8,August,Tuesday,False,35,16,tarde,Llevar,Efectivo,8000,0,0,0
6275,2024-08-27,2024,8,August,Tuesday,False,35,16,tarde,Llevar,Debito,6000,0,958,0
6276,2024-08-27,2024,8,August,Tuesday,False,35,16,tarde,Llevar,Debito,2000,0,319,0
6277,2024-08-27,2024,8,August,Tuesday,False,35,16,tarde,Llevar,Debito,1400,0,224,0
6278,2024-08-27,2024,8,August,Tuesday,False,35,16,tarde,Servir,Debito,8300,0,1325,0
6279,2024-08-27,2024,8,August,Tuesday,False,35,16,tarde,Servir,Transferencia,79450,0,0,0
6280,2024-08-27,2024,8,August,Tuesday,False,35,16,tarde,Llevar,Efectivo,6200,0,0,0
6281,2024-08-27,2024,8,August,Tuesday,False,35,16,tarde,Llevar,Debito,2000,0,319,0
6282,2024-08-27,2024,8,August,Tuesday,False,35,17,tarde,Llevar,Debito,4000,0,639,0
6283,2024-08-27,2024,8,August,Tuesday,False,35,17,tarde,Llevar,Efectivo,2000,0,0,0
6284,2024-08-27,2024,8,August,Tuesday,False,35,17,tarde,Servir,Debito,9900,0,1581,0
6285,2024-08-27,2024,8,August,Tuesday,False,35,17,tarde,Llevar,Debito,3600,0,575,0
6286,2024-08-27,2024,8,August,Tuesday,False,35,17,tarde,Llevar,Debito,2800,0,447,0
6287,2024-08-27,2024,8,August,Tuesday,False,35,17,tarde,Servir,Debito,16800,0,2682,0
6288,2024-08-27,2024,8,August,Tuesday,False,35,17,tarde,Llevar,Debito,4800,0,766,0
6289,2024-08-27,2024,8,August,Tuesday,False,35,17,tarde,Servir,Debito,19100,0,3050,0
6290,2024-08-27,2024,8,August,Tuesday,False,35,17,tarde,Llevar,Credito,6000,0,958,0
6291,2024-08-27,2024,8,August,Tuesday,False,35,17,tarde,Llevar,Debito,3200,0,511,0
6292,2024-08-27,2024,8,August,Tuesday,False,35,17,tarde,Llevar,Debito,5800,0,926,0
6293,2024-08-27,2024,8,August,Tuesday,False,35,17,tarde,Servir,Debito,4800,0,766,0
6294,2024-08-27,2024,8,August,Tuesday,False,35,17,tarde,Servir,Debito,6000,0,958,0
6295,2024-08-27,2024,8,August,Tuesday,False,35,18,tarde,Servir,Debito,6300,0,1006,0
6296,2024-08-27,2024,8,August,Tuesday,False,35,18,tarde,Servir,Debito,8800,0,1405,0
6297,2024-08-27,2024,8,August,Tuesday,False,35,18,tarde,Servir,Credito,13200,0,2108,0
6298,2024-08-27,2024,8,August,Tuesday,False,35,18,tarde,Llevar,Debito,11600,0,1852,0
6299,2024-08-27,2024,8,August,Tuesday,False,35,18,tarde,Servir,Sodexo,22400,0,0,0
6300,2024-08-27,2024,8,August,Tuesday,False,35,18,tarde,Servir,Credito,12100,0,1932,0
6301,2024-08-27,2024,8,August,Tuesday,False,35,18,tarde,Servir,Debito,2200,0,351,0
6302,2024-08-27,2024,8,August,Tuesday,False,35,18,tarde,Llevar,Sodexo,7600,0,0,0
6303,2024-08-27,2024,8,August,Tuesday,False,35,18,tarde,Llevar,Credito,5800,0,926,0
6304,2024-08-27,2024,8,August,Tuesday,False,35,18,tarde,Llevar,Debito,4000,0,639,0
6305,2024-08-27,2024,8,August,Tuesday,False,35,18,tarde,Llevar,Debito,7000,0,1118,0
6306,2024-08-27,2024,8,August,Tuesday,False,35,18,tarde,Servir,Debito,10400,0,1661,0
6307,2024-08-27,2024,8,August,Tuesday,False,35,18,tarde,Llevar,Debito,1000,0,160,0
6308,2024-08-27,2024,8,August,Tuesday,False,35,18,tarde,Llevar,Debito,8000,0,1277,0
6309,2024-08-27,2024,8,August,Tuesday,False,35,19,cierre,Servir,Debito,3100,0,495,0
6310,2024-08-27,2024,8,August,Tuesday,False,35,19,cierre,Servir,Debito,9900,0,1581,0
6311,2024-08-27,2024,8,August,Tuesday,False,35,19,cierre,Llevar,Debito,2600,0,0,0
6312,2024-08-27,2024,8,August,Tuesday,False,35,19,cierre,Servir,Debito,4600,0,734,0
6313,2024-08-27,2024,8,August,Tuesday,False,35,19,cierre,Llevar,Efectivo,7400,0,1182,0
6314,2024-08-27,2024,8,August,Tuesday,False,35,19,cierre,Servir,Debito,10400,0,1661,0
6315,2024-08-27,2024,8,August,Tuesday,False,35,19,cierre,Llevar,Debito,2000,0,319,0
6316,2024-08-27,2024,8,August,Tuesday,False,35,19,cierre,Servir,Debito,4300,0,687,0
6317,2024-08-27,2024,8,August,Tuesday,False,35,19,cierre,Llevar,Debito,1000,0,160,0
6318,2024-08-27,2024,8,August,Tuesday,False,35,20,cierre,Llevar,Debito,9900,0,1581,0
6319,2024-08-27,2024,8,August,Tuesday,False,35,20,cierre,Llevar,Debito,1500,0,239,0
6320,2024-08-28,2024,8,August,Wednesday,False,35,11,manana,Llevar,Credito,6900,0,1102,0
6321,2024-08-28,2024,8,August,Wednesday,False,35,11,manana,Llevar,Debito,2900,0,463,0
6322,2024-08-28,2024,8,August,Wednesday,False,35,11,manana,Servir,Debito,2800,0,447,0
6323,2024-08-28,2024,8,August,Wednesday,False,35,12,manana,Llevar,Debito,5800,0,926,0
6324,2024-08-28,2024,8,August,Wednesday,False,35,12,manana,Llevar,Debito,3000,0,479,0
6325,2024-08-28,2024,8,August,Wednesday,False,35,12,manana,Llevar,Debito,11000,0,1756,0
6326,2024-08-28,2024,8,August,Wednesday,False,35,12,manana,Llevar,Debito,6000,0,958,0
6327,2024-08-28,2024,8,August,Wednesday,False,35,12,manana,Llevar,Debito,6700,0,1070,0
6328,2024-08-28,2024,8,August,Wednesday,False,35,13,almuerzo,Llevar,Debito,14300,0,2283,0
6329,2024-08-28,2024,8,August,Wednesday,False,35,13,almuerzo,Llevar,Debito,1500,0,239,0
6330,2024-08-28,2024,8,August,Wednesday,False,35,13,almuerzo,Llevar,Debito,11600,0,1852,0
6331,2024-08-28,2024,8,August,Wednesday,False,35,13,almuerzo,Servir,Debito,6000,0,958,0
6332,2024-08-28,2024,8,August,Wednesday,False,35,13,almuerzo,Servir,Debito,6300,0,1006,0
6333,2024-08-28,2024,8,August,Wednesday,False,35,13,almuerzo,Servir,Debito,11300,0,1804,0
6334,2024-08-28,2024,8,August,Wednesday,False,35,13,almuerzo,Llevar,Debito,1400,0,224,0
6335,2024-08-28,2024,8,August,Wednesday,False,35,14,almuerzo,Llevar,Debito,2000,0,319,0
6336,2024-08-28,2024,8,August,Wednesday,False,35,14,almuerzo,Llevar,Debito,8500,0,1357,0
6337,2024-08-28,2024,8,August,Wednesday,False,35,14,almuerzo,Llevar,Debito,6000,0,958,0
6338,2024-08-28,2024,8,August,Wednesday,False,35,15,almuerzo,Llevar,Efectivo,1400,0,0,0
6339,2024-08-28,2024,8,August,Wednesday,False,35,15,almuerzo,Llevar,Debito,5000,0,798,0
6340,2024-08-28,2024,8,August,Wednesday,False,35,15,almuerzo,Llevar,Debito,4000,0,639,0
6341,2024-08-28,2024,8,August,Wednesday,False,35,16,tarde,Llevar,Debito,7200,0,1150,0
6342,2024-08-28,2024,8,August,Wednesday,False,35,16,tarde,Servir,Efectivo,28370,0,4530,0
6343,2024-08-28,2024,8,August,Wednesday,False,35,16,tarde,Llevar,Debito,7000,0,1118,0
6344,2024-08-28,2024,8,August,Wednesday,False,35,16,tarde,Servir,Debito,5300,0,846,0
6345,2024-08-28,2024,8,August,Wednesday,False,35,16,tarde,Servir,Debito,18100,0,2890,0
6346,2024-08-28,2024,8,August,Wednesday,False,35,16,tarde,Servir,Debito,10144,0,1620,0
6347,2024-08-28,2024,8,August,Wednesday,False,35,16,tarde,Llevar,Debito,1400,0,224,0
6348,2024-08-28,2024,8,August,Wednesday,False,35,16,tarde,Llevar,Debito,4000,0,639,0
6349,2024-08-28,2024,8,August,Wednesday,False,35,16,tarde,Servir,Efectivo,1300,0,208,0
6350,2024-08-28,2024,8,August,Wednesday,False,35,16,tarde,Llevar,Debito,6800,0,1086,0
6351,2024-08-28,2024,8,August,Wednesday,False,35,16,tarde,Llevar,Debito,8000,0,1277,0
6352,2024-08-28,2024,8,August,Wednesday,False,35,16,tarde,Llevar,Debito,2288,0,365,0
6353,2024-08-28,2024,8,August,Wednesday,False,35,17,tarde,Llevar,Debito,15900,0,2539,0
6354,2024-08-28,2024,8,August,Wednesday,False,35,17,tarde,Llevar,Efectivo,1770,0,283,0
6355,2024-08-28,2024,8,August,Wednesday,False,35,17,tarde,Servir,Efectivo,7100,0,1134,0
6356,2024-08-28,2024,8,August,Wednesday,False,35,17,tarde,Llevar,Debito,3000,0,479,0
6357,2024-08-28,2024,8,August,Wednesday,False,35,17,tarde,Llevar,Efectivo,12300,0,1964,0
6358,2024-08-28,2024,8,August,Wednesday,False,35,17,tarde,Llevar,Debito,4000,0,639,0
6359,2024-08-28,2024,8,August,Wednesday,False,35,17,tarde,Servir,Debito,3500,0,559,0
6360,2024-08-28,2024,8,August,Wednesday,False,35,17,tarde,Llevar,Debito,3000,0,479,0
6361,2024-08-28,2024,8,August,Wednesday,False,35,17,tarde,Llevar,Debito,6500,0,1038,0
6362,2024-08-28,2024,8,August,Wednesday,False,35,17,tarde,Llevar,Debito,2800,0,447,0
6363,2024-08-28,2024,8,August,Wednesday,False,35,17,tarde,Llevar,Efectivo,3000,0,0,0
6364,2024-08-28,2024,8,August,Wednesday,False,35,17,tarde,Llevar,Debito,1000,0,160,0
6365,2024-08-28,2024,8,August,Wednesday,False,35,17,tarde,Servir,Efectivo,3000,0,479,0
6366,2024-08-28,2024,8,August,Wednesday,False,35,17,tarde,Llevar,Debito,9000,0,1437,0
6367,2024-08-28,2024,8,August,Wednesday,False,35,18,tarde,Llevar,Efectivo,3500,0,559,0
6368,2024-08-28,2024,8,August,Wednesday,False,35,18,tarde,Llevar,Debito,4000,0,639,0
6369,2024-08-28,2024,8,August,Wednesday,False,35,18,tarde,Llevar,Credito,7000,0,1118,0
6370,2024-08-28,2024,8,August,Wednesday,False,35,18,tarde,Llevar,Debito,1900,0,304,0
6371,2024-08-28,2024,8,August,Wednesday,False,35,18,tarde,Llevar,Credito,5500,0,878,0
6372,2024-08-28,2024,8,August,Wednesday,False,35,18,tarde,Servir,Credito,13500,0,2155,0
6373,2024-08-28,2024,8,August,Wednesday,False,35,18,tarde,Llevar,Efectivo,5800,0,926,0
6375,2024-08-28,2024,8,August,Wednesday,False,35,18,tarde,Servir,Sodexo,14400,0,0,0
6376,2024-08-28,2024,8,August,Wednesday,False,35,18,tarde,Llevar,Debito,5500,0,878,0
6377,2024-08-28,2024,8,August,Wednesday,False,35,18,tarde,Servir,Debito,15000,0,2395,0
6378,2024-08-28,2024,8,August,Wednesday,False,35,18,tarde,Llevar,Debito,9100,0,1453,0
6379,2024-08-28,2024,8,August,Wednesday,False,35,18,tarde,Servir,Debito,10000,0,1597,0
6380,2024-08-28,2024,8,August,Wednesday,False,35,19,cierre,Llevar,Debito,1400,0,224,0
6381,2024-08-28,2024,8,August,Wednesday,False,35,19,cierre,Servir,Debito,10900,0,1740,0
6382,2024-08-28,2024,8,August,Wednesday,False,35,19,cierre,Servir,Debito,16900,0,2698,0
6383,2024-08-28,2024,8,August,Wednesday,False,35,19,cierre,Llevar,Debito,5600,0,894,0
6384,2024-08-28,2024,8,August,Wednesday,False,35,19,cierre,Llevar,Debito,2900,0,463,0
6385,2024-08-28,2024,8,August,Wednesday,False,35,19,cierre,Servir,Debito,4900,0,782,0
6386,2024-08-28,2024,8,August,Wednesday,False,35,19,cierre,Servir,Debito,2400,0,383,0
6387,2024-08-28,2024,8,August,Wednesday,False,35,19,cierre,Llevar,Debito,5600,0,894,0
6388,2024-08-28,2024,8,August,Wednesday,False,35,19,cierre,Servir,Debito,2500,0,399,0
6389,2024-08-28,2024,8,August,Wednesday,False,35,19,cierre,Llevar,Debito,3200,0,511,0
6390,2024-08-28,2024,8,August,Wednesday,False,35,19,cierre,Servir,Debito,9500,0,1517,0
6391,2024-08-28,2024,8,August,Wednesday,False,35,20,cierre,Llevar,Debito,4000,0,639,0
6392,2024-08-29,2024,8,August,Thursday,False,35,11,manana,Llevar,Debito,4000,0,639,0
6393,2024-08-29,2024,8,August,Thursday,False,35,11,manana,Llevar,Debito,5000,0,798,0
6394,2024-08-29,2024,8,August,Thursday,False,35,13,almuerzo,Llevar,Efectivo,2000,0,319,0
6395,2024-08-29,2024,8,August,Thursday,False,35,13,almuerzo,Llevar,Debito,10300,0,1645,0
6396,2024-08-29,2024,8,August,Thursday,False,35,13,almuerzo,Llevar,Efectivo,2000,0,319,0
6397,2024-08-29,2024,8,August,Thursday,False,35,13,almuerzo,Llevar,Debito,3400,0,543,0
6398,2024-08-29,2024,8,August,Thursday,False,35,13,almuerzo,Llevar,Debito,6800,0,1086,0
6399,2024-08-29,2024,8,August,Thursday,False,35,14,almuerzo,Llevar,Debito,5200,0,830,0
6400,2024-08-29,2024,8,August,Thursday,False,35,14,almuerzo,Llevar,Debito,5400,0,862,0
6401,2024-08-29,2024,8,August,Thursday,False,35,14,almuerzo,Llevar,Debito,2000,0,319,0
6402,2024-08-29,2024,8,August,Thursday,False,35,14,almuerzo,Llevar,Credito,1400,0,224,0
6403,2024-08-29,2024,8,August,Thursday,False,35,14,almuerzo,Llevar,Debito,7500,0,1197,0
6404,2024-08-29,2024,8,August,Thursday,False,35,14,almuerzo,Llevar,Debito,2900,0,463,0
6405,2024-08-29,2024,8,August,Thursday,False,35,15,almuerzo,Servir,Debito,4300,0,687,0
6406,2024-08-29,2024,8,August,Thursday,False,35,15,almuerzo,Servir,Efectivo,1500,0,239,0
6407,2024-08-29,2024,8,August,Thursday,False,35,15,almuerzo,Servir,Debito,6000,0,958,0
6408,2024-08-29,2024,8,August,Thursday,False,35,16,tarde,Servir,Debito,6000,0,958,0
6409,2024-08-29,2024,8,August,Thursday,False,35,16,tarde,Servir,Debito,11500,0,1836,1150
6410,2024-08-29,2024,8,August,Thursday,False,35,16,tarde,Llevar,Debito,1500,0,239,0
6411,2024-08-29,2024,8,August,Thursday,False,35,16,tarde,Llevar,Debito,7000,0,1118,0
6412,2024-08-29,2024,8,August,Thursday,False,35,16,tarde,Servir,Debito,6000,0,0,0
6413,2024-08-29,2024,8,August,Thursday,False,35,16,tarde,Llevar,Debito,4000,0,639,0
6414,2024-08-29,2024,8,August,Thursday,False,35,16,tarde,Llevar,Efectivo,8000,0,1277,0
6415,2024-08-29,2024,8,August,Thursday,False,35,17,tarde,Llevar,Debito,5500,0,878,0
6416,2024-08-29,2024,8,August,Thursday,False,35,17,tarde,Servir,Efectivo,3100,0,0,0
6417,2024-08-29,2024,8,August,Thursday,False,35,17,tarde,Servir,Efectivo,1500,0,0,0
6418,2024-08-29,2024,8,August,Thursday,False,35,17,tarde,Llevar,Debito,2800,0,447,0
6419,2024-08-29,2024,8,August,Thursday,False,35,17,tarde,Llevar,Debito,2000,0,319,0
6420,2024-08-29,2024,8,August,Thursday,False,35,17,tarde,Servir,Transferencia,5000,0,798,0
6421,2024-08-29,2024,8,August,Thursday,False,35,17,tarde,Servir,Debito,9600,0,1533,960
6422,2024-08-29,2024,8,August,Thursday,False,35,17,tarde,Servir,Debito,9500,0,1517,950
6423,2024-08-29,2024,8,August,Thursday,False,35,17,tarde,Llevar,Debito,6700,0,1070,0
6424,2024-08-29,2024,8,August,Thursday,False,35,17,tarde,Llevar,Debito,3500,0,559,0
6425,2024-08-29,2024,8,August,Thursday,False,35,17,tarde,Llevar,Debito,9100,0,1453,0
6426,2024-08-29,2024,8,August,Thursday,False,35,17,tarde,Llevar,Efectivo,2000,0,319,0
6427,2024-08-29,2024,8,August,Thursday,False,35,17,tarde,Servir,Debito,3500,0,559,0
6428,2024-08-29,2024,8,August,Thursday,False,35,17,tarde,Llevar,Debito,6300,0,1006,0
6429,2024-08-29,2024,8,August,Thursday,False,35,17,tarde,Llevar,Debito,10600,0,1692,0
6430,2024-08-29,2024,8,August,Thursday,False,35,18,tarde,Llevar,Efectivo,10600,0,0,0
6431,2024-08-29,2024,8,August,Thursday,False,35,18,tarde,Servir,Debito,2200,0,351,0
6432,2024-08-29,2024,8,August,Thursday,False,35,18,tarde,Llevar,Debito,7500,0,1197,0
6433,2024-08-29,2024,8,August,Thursday,False,35,18,tarde,Llevar,Debito,5600,0,894,0
6434,2024-08-29,2024,8,August,Thursday,False,35,18,tarde,Servir,Credito,5600,0,894,0
6435,2024-08-29,2024,8,August,Thursday,False,35,18,tarde,Llevar,Debito,3500,0,559,0
6436,2024-08-29,2024,8,August,Thursday,False,35,18,tarde,Servir,Debito,17300,0,2762,0
6437,2024-08-29,2024,8,August,Thursday,False,35,18,tarde,Llevar,Debito,3500,0,559,0
6438,2024-08-29,2024,8,August,Thursday,False,35,18,tarde,Llevar,Debito,4500,0,718,0
6439,2024-08-29,2024,8,August,Thursday,False,35,18,tarde,Servir,Debito,2700,0,431,0
6440,2024-08-29,2024,8,August,Thursday,False,35,18,tarde,Servir,Debito,12200,0,0,0
6441,2024-08-29,2024,8,August,Thursday,False,35,18,tarde,Llevar,Debito,3400,0,543,0
6443,2024-08-29,2024,8,August,Thursday,False,35,18,tarde,Llevar,Debito,3500,0,559,0
6444,2024-08-29,2024,8,August,Thursday,False,35,18,tarde,Llevar,Debito,2700,0,431,0
6445,2024-08-29,2024,8,August,Thursday,False,35,19,cierre,Servir,Debito,12700,0,2028,0
6446,2024-08-29,2024,8,August,Thursday,False,35,19,cierre,Servir,Debito,14700,0,2347,1470
6447,2024-08-29,2024,8,August,Thursday,False,35,19,cierre,Llevar,Debito,6600,0,1054,0
6448,2024-08-29,2024,8,August,Thursday,False,35,19,cierre,Llevar,Efectivo,5500,0,0,0
6449,2024-08-29,2024,8,August,Thursday,False,35,19,cierre,Llevar,Debito,6300,0,1006,0
6450,2024-08-29,2024,8,August,Thursday,False,35,20,cierre,Llevar,Debito,3500,0,559,0
6451,2024-08-30,2024,8,August,Friday,False,35,10,manana,Llevar,Efectivo,13800,0,0,0
6452,2024-08-30,2024,8,August,Friday,False,35,11,manana,Llevar,Debito,6000,0,958,0
6453,2024-08-30,2024,8,August,Friday,False,35,11,manana,Llevar,Debito,5600,0,894,0
6454,2024-08-30,2024,8,August,Friday,False,35,11,manana,Servir,Debito,21000,0,3353,0
6455,2024-08-30,2024,8,August,Friday,False,35,12,manana,Llevar,Debito,2900,0,463,0
6456,2024-08-30,2024,8,August,Friday,False,35,12,manana,Llevar,Debito,3500,0,559,0
6457,2024-08-30,2024,8,August,Friday,False,35,13,almuerzo,Llevar,Debito,4500,0,718,0
6458,2024-08-30,2024,8,August,Friday,False,35,13,almuerzo,Llevar,Debito,2000,0,319,0
6459,2024-08-30,2024,8,August,Friday,False,35,13,almuerzo,Llevar,Debito,2700,0,431,0
6460,2024-08-30,2024,8,August,Friday,False,35,13,almuerzo,Llevar,Debito,2000,0,319,0
6461,2024-08-30,2024,8,August,Friday,False,35,13,almuerzo,Servir,Debito,12200,0,1948,0
6462,2024-08-30,2024,8,August,Friday,False,35,13,almuerzo,Llevar,Debito,5600,0,894,0
6463,2024-08-30,2024,8,August,Friday,False,35,13,almuerzo,Llevar,Debito,4200,0,671,0
6464,2024-08-30,2024,8,August,Friday,False,35,13,almuerzo,Llevar,Debito,4700,0,750,0
6465,2024-08-30,2024,8,August,Friday,False,35,14,almuerzo,Llevar,Debito,5400,0,862,0
6466,2024-08-30,2024,8,August,Friday,False,35,14,almuerzo,Llevar,Debito,4000,0,639,0
6467,2024-08-30,2024,8,August,Friday,False,35,14,almuerzo,Llevar,Debito,10200,0,0,0
6468,2024-08-30,2024,8,August,Friday,False,35,14,almuerzo,Llevar,Debito,1500,0,239,0
6469,2024-08-30,2024,8,August,Friday,False,35,14,almuerzo,Llevar,Efectivo,2800,0,0,0
6470,2024-08-30,2024,8,August,Friday,False,35,14,almuerzo,Llevar,Debito,3500,0,559,0
6471,2024-08-30,2024,8,August,Friday,False,35,15,almuerzo,Llevar,Efectivo,12800,0,2044,0
6472,2024-08-30,2024,8,August,Friday,False,35,15,almuerzo,Llevar,Debito,5300,0,846,0
6473,2024-08-30,2024,8,August,Friday,False,35,16,tarde,Llevar,Debito,3400,0,543,0
6474,2024-08-30,2024,8,August,Friday,False,35,16,tarde,Llevar,Debito,12500,0,1996,0
6475,2024-08-30,2024,8,August,Friday,False,35,16,tarde,Llevar,Debito,5000,0,798,0
6476,2024-08-30,2024,8,August,Friday,False,35,16,tarde,Servir,Debito,9100,0,1453,0
6477,2024-08-30,2024,8,August,Friday,False,35,17,tarde,Llevar,Debito,2800,0,447,0
6478,2024-08-30,2024,8,August,Friday,False,35,17,tarde,Servir,Debito,16138,0,2577,0
6479,2024-08-30,2024,8,August,Friday,False,35,17,tarde,Servir,Debito,14200,0,2267,0
6480,2024-08-30,2024,8,August,Friday,False,35,17,tarde,Servir,Efectivo,5200,0,0,0
6481,2024-08-30,2024,8,August,Friday,False,35,17,tarde,Llevar,Efectivo,8000,0,1277,0
6482,2024-08-30,2024,8,August,Friday,False,35,17,tarde,Llevar,Debito,5600,0,894,0
6483,2024-08-30,2024,8,August,Friday,False,35,17,tarde,Llevar,Debito,8300,0,1325,0
6484,2024-08-30,2024,8,August,Friday,False,35,17,tarde,Llevar,Credito,2700,0,431,0
6485,2024-08-30,2024,8,August,Friday,False,35,17,tarde,Servir,Credito,10300,0,1645,0
6486,2024-08-30,2024,8,August,Friday,False,35,18,tarde,Servir,Debito,11700,0,1868,0
6487,2024-08-30,2024,8,August,Friday,False,35,18,tarde,Servir,Debito,4300,0,687,0
6488,2024-08-30,2024,8,August,Friday,False,35,18,tarde,Servir,Credito,8000,0,1277,0
6489,2024-08-30,2024,8,August,Friday,False,35,18,tarde,Servir,Debito,12500,0,1996,0
6490,2024-08-30,2024,8,August,Friday,False,35,18,tarde,Servir,Debito,12000,0,1916,0
6491,2024-08-30,2024,8,August,Friday,False,35,18,tarde,Llevar,Debito,2200,0,351,0
6492,2024-08-30,2024,8,August,Friday,False,35,19,cierre,Llevar,Credito,7500,0,0,0
6493,2024-08-30,2024,8,August,Friday,False,35,19,cierre,Llevar,Debito,2000,0,319,0
6494,2024-08-30,2024,8,August,Friday,False,35,19,cierre,Llevar,Debito,4000,0,639,0
6495,2024-08-30,2024,8,August,Friday,False,35,19,cierre,Servir,Debito,9200,0,1469,0
6496,2024-08-30,2024,8,August,Friday,False,35,19,cierre,Servir,Debito,14100,0,2251,0
6497,2024-08-30,2024,8,August,Friday,False,35,19,cierre,Llevar,Efectivo,5800,0,926,0
6498,2024-08-30,2024,8,August,Friday,False,35,19,cierre,Llevar,Debito,1500,0,239,0
6499,2024-08-30,2024,8,August,Friday,False,35,19,cierre,Llevar,Credito,3500,0,559,0
6500,2024-08-30,2024,8,August,Friday,False,35,19,cierre,Llevar,Debito,16300,0,2603,0
6501,2024-08-30,2024,8,August,Friday,False,35,20,cierre,Llevar,Debito,6000,0,958,0
6502,2024-08-30,2024,8,August,Friday,False,35,20,cierre,Llevar,Debito,6000,0,958,0
6503,2024-08-31,2024,8,August,Saturday,True,35,10,manana,Llevar,Debito,3000,0,479,0
6504,2024-08-31,2024,8,August,Saturday,True,35,11,manana,Llevar,Transferencia,42000,0,0,0
6505,2024-08-31,2024,8,August,Saturday,True,35,11,manana,Llevar,Debito,28000,0,4471,0
6506,2024-08-31,2024,8,August,Saturday,True,35,11,manana,Servir,Debito,8400,0,1341,840
6507,2024-08-31,2024,8,August,Saturday,True,35,11,manana,Servir,Debito,12000,0,1916,1200
6508,2024-08-31,2024,8,August,Saturday,True,35,11,manana,Llevar,Debito,3100,0,495,0
6509,2024-08-31,2024,8,August,Saturday,True,35,12,manana,Llevar,Edenred,4000,0,0,0
6510,2024-08-31,2024,8,August,Saturday,True,35,12,manana,Llevar,Debito,1500,0,239,0
6511,2024-08-31,2024,8,August,Saturday,True,35,12,manana,Llevar,Debito,3600,0,575,0
6512,2024-08-31,2024,8,August,Saturday,True,35,12,manana,Llevar,Debito,4400,0,703,0
6513,2024-08-31,2024,8,August,Saturday,True,35,13,almuerzo,Llevar,Debito,3000,0,479,0
6514,2024-08-31,2024,8,August,Saturday,True,35,13,almuerzo,Llevar,Debito,2000,0,319,0
6515,2024-08-31,2024,8,August,Saturday,True,35,13,almuerzo,Servir,Debito,30000,0,4790,0
6516,2024-08-31,2024,8,August,Saturday,True,35,13,almuerzo,Servir,Efectivo,18300,0,2922,0
6517,2024-08-31,2024,8,August,Saturday,True,35,13,almuerzo,Servir,Debito,22000,0,3513,0
6518,2024-08-31,2024,8,August,Saturday,True,35,13,almuerzo,Llevar,Debito,23200,0,3704,0
6519,2024-08-31,2024,8,August,Saturday,True,35,13,almuerzo,Servir,Credito,26000,0,4151,0
6520,2024-08-31,2024,8,August,Saturday,True,35,13,almuerzo,Servir,Debito,6200,0,990,0
6521,2024-08-31,2024,8,August,Saturday,True,35,13,almuerzo,Llevar,Credito,6100,0,974,0
6522,2024-08-31,2024,8,August,Saturday,True,35,13,almuerzo,Llevar,Efectivo,12000,0,1916,0
6523,2024-08-31,2024,8,August,Saturday,True,35,14,almuerzo,Servir,Credito,21200,0,3385,0
6524,2024-08-31,2024,8,August,Saturday,True,35,14,almuerzo,Llevar,Debito,6000,0,958,0
6525,2024-08-31,2024,8,August,Saturday,True,35,14,almuerzo,Llevar,Debito,4000,0,639,0
6526,2024-08-31,2024,8,August,Saturday,True,35,14,almuerzo,Llevar,Debito,9300,0,1485,0
6527,2024-08-31,2024,8,August,Saturday,True,35,14,almuerzo,Llevar,Debito,2000,0,319,0
6528,2024-08-31,2024,8,August,Saturday,True,35,14,almuerzo,Servir,Efectivo,2000,0,319,0
6529,2024-08-31,2024,8,August,Saturday,True,35,15,almuerzo,Servir,Debito,13000,0,0,0
6530,2024-08-31,2024,8,August,Saturday,True,35,15,almuerzo,Llevar,Debito,20000,0,3193,0
6531,2024-08-31,2024,8,August,Saturday,True,35,15,almuerzo,Llevar,Sodexo,14600,0,0,0
6532,2024-08-31,2024,8,August,Saturday,True,35,15,almuerzo,Servir,Debito,12000,0,1916,0
6533,2024-08-31,2024,8,August,Saturday,True,35,15,almuerzo,Servir,Debito,6000,0,958,0
6534,2024-08-31,2024,8,August,Saturday,True,35,15,almuerzo,Servir,Efectivo,20000,0,3193,0
6535,2024-08-31,2024,8,August,Saturday,True,35,15,almuerzo,Llevar,Efectivo,2000,0,319,0
6536,2024-08-31,2024,8,August,Saturday,True,35,15,almuerzo,Servir,Debito,15500,0,2475,0
6537,2024-08-31,2024,8,August,Saturday,True,35,15,almuerzo,Servir,Efectivo,2000,0,0,0
6538,2024-08-31,2024,8,August,Saturday,True,35,15,almuerzo,Servir,Efectivo,10000,0,0,0
6539,2024-08-31,2024,8,August,Saturday,True,35,15,almuerzo,Servir,Debito,4000,0,639,0
6540,2024-08-31,2024,8,August,Saturday,True,35,15,almuerzo,Llevar,Efectivo,2000,0,319,0
6541,2024-08-31,2024,8,August,Saturday,True,35,16,tarde,Servir,Debito,15400,0,2459,1540
6542,2024-08-31,2024,8,August,Saturday,True,35,16,tarde,Servir,Debito,28800,0,4598,0
6543,2024-08-31,2024,8,August,Saturday,True,35,16,tarde,Servir,Debito,4000,0,639,0
6544,2024-08-31,2024,8,August,Saturday,True,35,16,tarde,Llevar,Debito,4400,0,703,0
6545,2024-08-31,2024,8,August,Saturday,True,35,16,tarde,Llevar,Debito,8700,0,1389,0
6546,2024-08-31,2024,8,August,Saturday,True,35,16,tarde,Servir,Debito,6300,0,1006,0
6547,2024-08-31,2024,8,August,Saturday,True,35,16,tarde,Llevar,Debito,5800,0,926,0
6548,2024-08-31,2024,8,August,Saturday,True,35,16,tarde,Llevar,Debito,5800,0,926,0
6549,2024-08-31,2024,8,August,Saturday,True,35,16,tarde,Servir,Debito,5800,0,926,0
6550,2024-08-31,2024,8,August,Saturday,True,35,16,tarde,Llevar,Debito,2600,0,415,0
6551,2024-08-31,2024,8,August,Saturday,True,35,16,tarde,Servir,Edenred,20200,0,0,0
6552,2024-08-31,2024,8,August,Saturday,True,35,16,tarde,Llevar,Efectivo,4000,0,639,0
6553,2024-08-31,2024,8,August,Saturday,True,35,16,tarde,Servir,Debito,11200,0,1788,0
6554,2024-08-31,2024,8,August,Saturday,True,35,16,tarde,Llevar,Credito,5000,0,798,0
6555,2024-08-31,2024,8,August,Saturday,True,35,16,tarde,Llevar,Credito,4900,0,782,0
6556,2024-08-31,2024,8,August,Saturday,True,35,16,tarde,Llevar,Efectivo,6000,0,958,0
6557,2024-08-31,2024,8,August,Saturday,True,35,16,tarde,Llevar,Debito,5100,0,814,0
6558,2024-08-31,2024,8,August,Saturday,True,35,16,tarde,Llevar,Debito,15700,0,2507,0
6559,2024-08-31,2024,8,August,Saturday,True,35,16,tarde,Servir,Efectivo,6000,0,958,0
6560,2024-08-31,2024,8,August,Saturday,True,35,17,tarde,Servir,Debito,14500,0,2315,0
6561,2024-08-31,2024,8,August,Saturday,True,35,17,tarde,Servir,Efectivo,15800,0,2523,0
6562,2024-08-31,2024,8,August,Saturday,True,35,17,tarde,Servir,Debito,27500,0,4391,0
6563,2024-08-31,2024,8,August,Saturday,True,35,17,tarde,Servir,Credito,8900,0,1421,0
6564,2024-08-31,2024,8,August,Saturday,True,35,17,tarde,Llevar,Debito,3000,0,479,0
6565,2024-08-31,2024,8,August,Saturday,True,35,17,tarde,Llevar,Debito,6000,0,958,0
6566,2024-08-31,2024,8,August,Saturday,True,35,17,tarde,Llevar,Debito,4900,0,782,0
6567,2024-08-31,2024,8,August,Saturday,True,35,17,tarde,Llevar,Debito,3500,0,559,0
6568,2024-08-31,2024,8,August,Saturday,True,35,17,tarde,Llevar,Debito,8000,0,1277,0
6569,2024-08-31,2024,8,August,Saturday,True,35,17,tarde,Servir,Debito,34800,0,5556,0
6570,2024-08-31,2024,8,August,Saturday,True,35,17,tarde,Servir,Debito,12600,0,2012,0
6571,2024-08-31,2024,8,August,Saturday,True,35,17,tarde,Servir,Debito,15000,0,2395,0
6572,2024-08-31,2024,8,August,Saturday,True,35,17,tarde,Servir,Debito,9300,0,1485,0
6573,2024-08-31,2024,8,August,Saturday,True,35,17,tarde,Llevar,Efectivo,7900,0,1261,0
6574,2024-08-31,2024,8,August,Saturday,True,35,17,tarde,Llevar,Debito,6000,0,958,0
6575,2024-08-31,2024,8,August,Saturday,True,35,18,tarde,Servir,Debito,13700,0,2187,0
6576,2024-08-31,2024,8,August,Saturday,True,35,18,tarde,Servir,Credito,11500,0,1836,0
6577,2024-08-31,2024,8,August,Saturday,True,35,18,tarde,Servir,Debito,18000,0,2874,0
6578,2024-08-31,2024,8,August,Saturday,True,35,18,tarde,Llevar,Debito,11400,0,1820,0
6579,2024-08-31,2024,8,August,Saturday,True,35,18,tarde,Servir,Debito,11500,0,1836,0
6580,2024-08-31,2024,8,August,Saturday,True,35,18,tarde,Servir,Debito,23191,0,3703,0
6581,2024-08-31,2024,8,August,Saturday,True,35,18,tarde,Llevar,Debito,3000,0,479,0
6582,2024-08-31,2024,8,August,Saturday,True,35,18,tarde,Servir,Debito,3500,0,559,0
6583,2024-08-31,2024,8,August,Saturday,True,35,18,tarde,Servir,Debito,14000,0,2235,0
6584,2024-08-31,2024,8,August,Saturday,True,35,18,tarde,Servir,Debito,15800,0,2523,0
6585,2024-08-31,2024,8,August,Saturday,True,35,19,cierre,Llevar,Credito,8000,0,1277,0
6586,2024-09-02,2024,9,September,Monday,False,36,11,manana,Llevar,Debito,3000,0,479,0
6587,2024-09-02,2024,9,September,Monday,False,36,11,manana,Servir,Debito,3000,0,479,0
6588,2024-09-02,2024,9,September,Monday,False,36,12,manana,Llevar,Credito,3000,0,479,0
6589,2024-09-02,2024,9,September,Monday,False,36,12,manana,Llevar,Edenred,5500,0,0,0
6590,2024-09-02,2024,9,September,Monday,False,36,13,almuerzo,Llevar,Edenred,5500,0,0,0
6591,2024-09-02,2024,9,September,Monday,False,36,13,almuerzo,Llevar,Debito,3000,0,479,0
6592,2024-09-02,2024,9,September,Monday,False,36,13,almuerzo,Llevar,Debito,3200,0,511,0
6593,2024-09-02,2024,9,September,Monday,False,36,13,almuerzo,Servir,Edenred,12400,0,0,0
6594,2024-09-02,2024,9,September,Monday,False,36,14,almuerzo,Llevar,Edenred,7000,0,0,0
6595,2024-09-02,2024,9,September,Monday,False,36,14,almuerzo,Llevar,Debito,2500,0,399,0
6596,2024-09-02,2024,9,September,Monday,False,36,14,almuerzo,Llevar,Debito,2000,0,319,0
6597,2024-09-02,2024,9,September,Monday,False,36,16,tarde,Llevar,Debito,2000,0,319,0
6598,2024-09-02,2024,9,September,Monday,False,36,17,tarde,Llevar,Debito,6300,0,1006,0
6599,2024-09-02,2024,9,September,Monday,False,36,17,tarde,Llevar,Debito,5000,0,798,0
6600,2024-09-02,2024,9,September,Monday,False,36,17,tarde,Llevar,Debito,15000,0,2395,0
6601,2024-09-02,2024,9,September,Monday,False,36,17,tarde,Llevar,Debito,2000,0,319,0
6602,2024-09-02,2024,9,September,Monday,False,36,17,tarde,Llevar,Debito,3000,0,479,0
6603,2024-09-02,2024,9,September,Monday,False,36,17,tarde,Servir,Debito,11800,0,1884,0
6604,2024-09-02,2024,9,September,Monday,False,36,17,tarde,Servir,Debito,9900,0,1581,0
6605,2024-09-02,2024,9,September,Monday,False,36,17,tarde,Llevar,Efectivo,4500,0,718,0
6606,2024-09-02,2024,9,September,Monday,False,36,17,tarde,Servir,Debito,4000,0,639,0
6607,2024-09-02,2024,9,September,Monday,False,36,17,tarde,Llevar,Debito,5000,0,798,0
6608,2024-09-02,2024,9,September,Monday,False,36,17,tarde,Llevar,Efectivo,6000,0,958,0
6609,2024-09-02,2024,9,September,Monday,False,36,18,tarde,Llevar,Debito,3400,0,543,0
6610,2024-09-02,2024,9,September,Monday,False,36,18,tarde,Llevar,Debito,5000,0,798,0
6611,2024-09-02,2024,9,September,Monday,False,36,18,tarde,Llevar,Efectivo,5600,0,894,0
6612,2024-09-02,2024,9,September,Monday,False,36,18,tarde,Llevar,Debito,10100,0,1613,0
6613,2024-09-02,2024,9,September,Monday,False,36,18,tarde,Servir,Debito,6600,0,0,0
6614,2024-09-02,2024,9,September,Monday,False,36,18,tarde,Servir,Debito,4600,0,734,460
6615,2024-09-02,2024,9,September,Monday,False,36,18,tarde,Llevar,Edenred,8000,0,0,0
6616,2024-09-02,2024,9,September,Monday,False,36,18,tarde,Llevar,Efectivo,2000,0,319,0
6617,2024-09-02,2024,9,September,Monday,False,36,18,tarde,Llevar,Debito,6000,0,958,0
6618,2024-09-02,2024,9,September,Monday,False,36,18,tarde,Servir,Efectivo,3400,0,0,0
6619,2024-09-02,2024,9,September,Monday,False,36,18,tarde,Servir,Credito,6100,0,974,610
6620,2024-09-02,2024,9,September,Monday,False,36,18,tarde,Servir,Debito,3000,0,0,0
6621,2024-09-02,2024,9,September,Monday,False,36,18,tarde,Servir,Efectivo,6000,0,958,0
6622,2024-09-02,2024,9,September,Monday,False,36,19,cierre,Llevar,Debito,4000,0,639,0
6623,2024-09-02,2024,9,September,Monday,False,36,19,cierre,Llevar,Debito,6800,0,1086,0
6624,2024-09-02,2024,9,September,Monday,False,36,19,cierre,Llevar,Efectivo,3100,0,495,0
6625,2024-09-02,2024,9,September,Monday,False,36,19,cierre,Servir,Debito,8300,0,1325,0
6626,2024-09-02,2024,9,September,Monday,False,36,19,cierre,Llevar,Debito,5600,0,894,0
6627,2024-09-02,2024,9,September,Monday,False,36,19,cierre,Servir,Efectivo,6400,0,1022,0
6628,2024-09-02,2024,9,September,Monday,False,36,19,cierre,Servir,Efectivo,1500,0,0,0
6629,2024-09-03,2024,9,September,Tuesday,False,36,10,manana,Servir,Debito,6800,0,1086,0
6630,2024-09-03,2024,9,September,Tuesday,False,36,10,manana,Servir,Edenred,6800,0,0,0
6631,2024-09-03,2024,9,September,Tuesday,False,36,11,manana,Llevar,Debito,5600,0,894,0
6632,2024-09-03,2024,9,September,Tuesday,False,36,11,manana,Servir,Debito,5200,0,830,0
6633,2024-09-03,2024,9,September,Tuesday,False,36,11,manana,Llevar,Debito,5200,0,830,0
6634,2024-09-03,2024,9,September,Tuesday,False,36,11,manana,Servir,Edenred,21200,0,0,0
6635,2024-09-03,2024,9,September,Tuesday,False,36,12,manana,Llevar,Debito,4400,0,703,0
6636,2024-09-03,2024,9,September,Tuesday,False,36,13,almuerzo,Llevar,Edenred,2400,0,0,0
6637,2024-09-03,2024,9,September,Tuesday,False,36,13,almuerzo,Llevar,Edenred,2800,0,0,0
6638,2024-09-03,2024,9,September,Tuesday,False,36,13,almuerzo,Llevar,Debito,3100,0,495,0
6639,2024-09-03,2024,9,September,Tuesday,False,36,13,almuerzo,Servir,Debito,3100,0,495,0
6640,2024-09-03,2024,9,September,Tuesday,False,36,13,almuerzo,Llevar,Efectivo,5500,0,878,0
6641,2024-09-03,2024,9,September,Tuesday,False,36,14,almuerzo,Llevar,Debito,2800,0,447,0
6642,2024-09-03,2024,9,September,Tuesday,False,36,14,almuerzo,Llevar,Credito,6100,0,974,0
6643,2024-09-03,2024,9,September,Tuesday,False,36,14,almuerzo,Llevar,Debito,2800,0,447,0
6644,2024-09-03,2024,9,September,Tuesday,False,36,14,almuerzo,Llevar,Debito,1500,0,239,0
6645,2024-09-03,2024,9,September,Tuesday,False,36,14,almuerzo,Llevar,Debito,1500,0,239,0
6646,2024-09-03,2024,9,September,Tuesday,False,36,16,tarde,Servir,Debito,5000,0,798,0
6647,2024-09-03,2024,9,September,Tuesday,False,36,16,tarde,Servir,Transferencia,86630,0,0,0
6648,2024-09-03,2024,9,September,Tuesday,False,36,16,tarde,Llevar,Debito,1000,0,160,0
6649,2024-09-03,2024,9,September,Tuesday,False,36,17,tarde,Servir,Debito,16400,0,2618,0
6650,2024-09-03,2024,9,September,Tuesday,False,36,17,tarde,Llevar,Efectivo,1400,0,224,0
6651,2024-09-03,2024,9,September,Tuesday,False,36,17,tarde,Servir,Efectivo,4400,0,703,0
6652,2024-09-03,2024,9,September,Tuesday,False,36,17,tarde,Llevar,Efectivo,2800,0,447,0
6653,2024-09-03,2024,9,September,Tuesday,False,36,17,tarde,Llevar,Efectivo,2000,0,0,0
6654,2024-09-03,2024,9,September,Tuesday,False,36,17,tarde,Servir,Debito,13500,0,2155,0
6655,2024-09-03,2024,9,September,Tuesday,False,36,17,tarde,Llevar,Debito,8100,0,1293,0
6656,2024-09-03,2024,9,September,Tuesday,False,36,17,tarde,Llevar,Efectivo,2000,0,319,0
6657,2024-09-03,2024,9,September,Tuesday,False,36,17,tarde,Servir,Debito,3200,0,511,0
6658,2024-09-03,2024,9,September,Tuesday,False,36,18,tarde,Llevar,Debito,4800,0,766,0
6659,2024-09-03,2024,9,September,Tuesday,False,36,18,tarde,Llevar,Credito,4000,0,639,0
6660,2024-09-03,2024,9,September,Tuesday,False,36,18,tarde,Llevar,Debito,3500,0,559,0
6661,2024-09-03,2024,9,September,Tuesday,False,36,18,tarde,Llevar,Debito,2900,0,463,0
6662,2024-09-03,2024,9,September,Tuesday,False,36,18,tarde,Llevar,Credito,17000,0,2714,0
6663,2024-09-03,2024,9,September,Tuesday,False,36,18,tarde,Servir,Debito,15300,0,2443,0
6664,2024-09-03,2024,9,September,Tuesday,False,36,18,tarde,Llevar,Debito,7200,0,1150,0
6665,2024-09-03,2024,9,September,Tuesday,False,36,18,tarde,Llevar,Debito,6000,0,958,0
6666,2024-09-03,2024,9,September,Tuesday,False,36,18,tarde,Llevar,Debito,3100,0,495,0
6667,2024-09-03,2024,9,September,Tuesday,False,36,18,tarde,Llevar,Debito,7000,0,1118,0
6668,2024-09-03,2024,9,September,Tuesday,False,36,18,tarde,Servir,Debito,15400,0,2459,0
6669,2024-09-03,2024,9,September,Tuesday,False,36,19,cierre,Llevar,Debito,3000,0,479,0
6670,2024-09-03,2024,9,September,Tuesday,False,36,19,cierre,Servir,Efectivo,8800,0,1405,0
6671,2024-09-03,2024,9,September,Tuesday,False,36,19,cierre,Servir,Debito,15500,0,2475,0
6672,2024-09-03,2024,9,September,Tuesday,False,36,19,cierre,Llevar,Debito,5800,0,0,0
6673,2024-09-03,2024,9,September,Tuesday,False,36,19,cierre,Servir,Debito,3000,0,479,0
6674,2024-09-03,2024,9,September,Tuesday,False,36,19,cierre,Llevar,Debito,7500,0,1197,0
6675,2024-09-03,2024,9,September,Tuesday,False,36,19,cierre,Llevar,Debito,4000,0,639,0
6676,2024-09-03,2024,9,September,Tuesday,False,36,19,cierre,Llevar,Debito,6200,0,0,0
6677,2024-09-03,2024,9,September,Tuesday,False,36,19,cierre,Llevar,Debito,2800,0,447,0
6678,2024-09-04,2024,9,September,Wednesday,False,36,11,manana,Llevar,Debito,6000,0,958,0
6679,2024-09-04,2024,9,September,Wednesday,False,36,11,manana,Llevar,Efectivo,12200,0,1948,0
6680,2024-09-04,2024,9,September,Wednesday,False,36,12,manana,Llevar,Credito,4000,0,639,0
6681,2024-09-04,2024,9,September,Wednesday,False,36,12,manana,Servir,Debito,6000,0,958,0
6682,2024-09-04,2024,9,September,Wednesday,False,36,12,manana,Servir,Edenred,5200,0,0,0
6683,2024-09-04,2024,9,September,Wednesday,False,36,12,manana,Llevar,Credito,1500,0,239,0
6684,2024-09-04,2024,9,September,Wednesday,False,36,12,manana,Llevar,Debito,1200,0,192,0
6685,2024-09-04,2024,9,September,Wednesday,False,36,13,almuerzo,Servir,Debito,4400,0,703,0
6686,2024-09-04,2024,9,September,Wednesday,False,36,13,almuerzo,Llevar,Debito,11700,0,1868,0
6687,2024-09-04,2024,9,September,Wednesday,False,36,13,almuerzo,Llevar,Debito,1500,0,239,0
6688,2024-09-04,2024,9,September,Wednesday,False,36,13,almuerzo,Llevar,Debito,1500,0,239,0
6689,2024-09-04,2024,9,September,Wednesday,False,36,14,almuerzo,Llevar,Debito,3000,0,479,0
6690,2024-09-04,2024,9,September,Wednesday,False,36,14,almuerzo,Llevar,Debito,2800,0,447,0
6691,2024-09-04,2024,9,September,Wednesday,False,36,14,almuerzo,Servir,Debito,7500,0,1197,0
6692,2024-09-04,2024,9,September,Wednesday,False,36,15,almuerzo,Llevar,Edenred,8000,0,0,0
6693,2024-09-04,2024,9,September,Wednesday,False,36,15,almuerzo,Llevar,Efectivo,2000,0,0,0
6694,2024-09-04,2024,9,September,Wednesday,False,36,15,almuerzo,Servir,Debito,17800,0,2842,0
6695,2024-09-04,2024,9,September,Wednesday,False,36,15,almuerzo,Llevar,Debito,14400,0,2299,0
6696,2024-09-04,2024,9,September,Wednesday,False,36,16,tarde,Llevar,Debito,2800,0,447,0
6697,2024-09-04,2024,9,September,Wednesday,False,36,16,tarde,Llevar,Debito,5060,0,808,0
6698,2024-09-04,2024,9,September,Wednesday,False,36,16,tarde,Llevar,Debito,4300,0,687,0
6699,2024-09-04,2024,9,September,Wednesday,False,36,16,tarde,Llevar,Debito,2600,0,415,0
6700,2024-09-04,2024,9,September,Wednesday,False,36,16,tarde,Llevar,Debito,2700,0,431,0
6701,2024-09-04,2024,9,September,Wednesday,False,36,16,tarde,Servir,Debito,4400,0,703,0
6702,2024-09-04,2024,9,September,Wednesday,False,36,16,tarde,Llevar,Efectivo,2000,0,319,0
6703,2024-09-04,2024,9,September,Wednesday,False,36,16,tarde,Llevar,Debito,2000,0,319,0
6704,2024-09-04,2024,9,September,Wednesday,False,36,17,tarde,Servir,Debito,9800,0,1565,0
6705,2024-09-04,2024,9,September,Wednesday,False,36,17,tarde,Llevar,Debito,9700,0,1549,0
6706,2024-09-04,2024,9,September,Wednesday,False,36,17,tarde,Llevar,Debito,6000,0,958,0
6707,2024-09-04,2024,9,September,Wednesday,False,36,17,tarde,Llevar,Debito,3000,0,479,0
6708,2024-09-04,2024,9,September,Wednesday,False,36,17,tarde,Servir,Credito,11500,0,1836,0
6709,2024-09-04,2024,9,September,Wednesday,False,36,17,tarde,Llevar,Debito,3500,0,559,0
6710,2024-09-04,2024,9,September,Wednesday,False,36,17,tarde,Llevar,Debito,28500,0,4550,0
6711,2024-09-04,2024,9,September,Wednesday,False,36,17,tarde,Llevar,Debito,5500,0,878,0
6712,2024-09-04,2024,9,September,Wednesday,False,36,17,tarde,Servir,Debito,9600,0,1533,0
6713,2024-09-04,2024,9,September,Wednesday,False,36,17,tarde,Servir,Debito,11600,0,1852,0
6714,2024-09-04,2024,9,September,Wednesday,False,36,18,tarde,Llevar,Debito,5800,0,926,0
6715,2024-09-04,2024,9,September,Wednesday,False,36,18,tarde,Llevar,Debito,27300,0,4359,0
6716,2024-09-04,2024,9,September,Wednesday,False,36,18,tarde,Servir,Debito,5700,0,0,0
6717,2024-09-04,2024,9,September,Wednesday,False,36,18,tarde,Llevar,Debito,4400,0,703,0
6718,2024-09-04,2024,9,September,Wednesday,False,36,18,tarde,Llevar,Debito,2000,0,319,0
6719,2024-09-04,2024,9,September,Wednesday,False,36,18,tarde,Llevar,Debito,8100,0,1293,0
6720,2024-09-04,2024,9,September,Wednesday,False,36,18,tarde,Llevar,Debito,4900,0,782,0
6721,2024-09-04,2024,9,September,Wednesday,False,36,18,tarde,Llevar,Debito,2900,0,463,0
6722,2024-09-04,2024,9,September,Wednesday,False,36,18,tarde,Servir,Debito,11900,0,1900,0
6723,2024-09-04,2024,9,September,Wednesday,False,36,18,tarde,Servir,Debito,2400,0,383,0
6724,2024-09-04,2024,9,September,Wednesday,False,36,18,tarde,Llevar,Efectivo,5200,0,830,0
6725,2024-09-04,2024,9,September,Wednesday,False,36,19,cierre,Llevar,Debito,2000,0,319,0
6726,2024-09-04,2024,9,September,Wednesday,False,36,19,cierre,Servir,Debito,3500,0,559,0
6727,2024-09-04,2024,9,September,Wednesday,False,36,19,cierre,Servir,Debito,8000,0,1277,0
6728,2024-09-04,2024,9,September,Wednesday,False,36,19,cierre,Servir,Edenred,12300,0,0,0
6729,2024-09-04,2024,9,September,Wednesday,False,36,19,cierre,Servir,Credito,9200,0,1469,0
6730,2024-09-04,2024,9,September,Wednesday,False,36,19,cierre,Llevar,Debito,6600,0,1054,0
6731,2024-09-04,2024,9,September,Wednesday,False,36,19,cierre,Servir,Debito,9000,0,1437,0
6732,2024-09-04,2024,9,September,Wednesday,False,36,19,cierre,Llevar,Debito,3200,0,511,0
6733,2024-09-04,2024,9,September,Wednesday,False,36,19,cierre,Llevar,Debito,2400,0,383,0
6734,2024-09-04,2024,9,September,Wednesday,False,36,19,cierre,Servir,Debito,6830,0,1091,0
6735,2024-09-04,2024,9,September,Wednesday,False,36,19,cierre,Llevar,Edenred,2000,0,0,0
6736,2024-09-04,2024,9,September,Wednesday,False,36,19,cierre,Servir,Debito,1000,0,160,0
6737,2024-09-04,2024,9,September,Wednesday,False,36,19,cierre,Llevar,Debito,7700,0,1229,0
6738,2024-09-05,2024,9,September,Thursday,False,36,11,manana,Servir,Credito,9900,0,1581,0
6739,2024-09-05,2024,9,September,Thursday,False,36,11,manana,Llevar,Debito,5000,0,798,0
6740,2024-09-05,2024,9,September,Thursday,False,36,11,manana,Servir,Debito,9800,0,1565,0
6741,2024-09-05,2024,9,September,Thursday,False,36,11,manana,Llevar,Debito,2000,0,319,0
6742,2024-09-05,2024,9,September,Thursday,False,36,12,manana,Llevar,Debito,2000,0,319,0
6743,2024-09-05,2024,9,September,Thursday,False,36,12,manana,Llevar,Efectivo,6400,0,0,0
6744,2024-09-05,2024,9,September,Thursday,False,36,12,manana,Llevar,Debito,2200,0,351,0
6745,2024-09-05,2024,9,September,Thursday,False,36,12,manana,Llevar,Debito,3000,0,479,0
6746,2024-09-05,2024,9,September,Thursday,False,36,12,manana,Llevar,Debito,2200,0,351,0
6747,2024-09-05,2024,9,September,Thursday,False,36,12,manana,Llevar,Debito,1400,0,224,0
6748,2024-09-05,2024,9,September,Thursday,False,36,13,almuerzo,Llevar,Debito,2000,0,319,0
6749,2024-09-05,2024,9,September,Thursday,False,36,13,almuerzo,Servir,Efectivo,16700,0,2666,1670
6750,2024-09-05,2024,9,September,Thursday,False,36,13,almuerzo,Servir,Efectivo,2900,0,463,0
6751,2024-09-05,2024,9,September,Thursday,False,36,13,almuerzo,Llevar,Credito,3200,0,511,0
6752,2024-09-05,2024,9,September,Thursday,False,36,14,almuerzo,Llevar,Debito,1400,0,224,0
6753,2024-09-05,2024,9,September,Thursday,False,36,14,almuerzo,Llevar,Debito,2800,0,447,0
6754,2024-09-05,2024,9,September,Thursday,False,36,15,almuerzo,Llevar,Debito,2000,0,319,0
6755,2024-09-05,2024,9,September,Thursday,False,36,16,tarde,Servir,Efectivo,25400,0,4055,0
6756,2024-09-05,2024,9,September,Thursday,False,36,16,tarde,Llevar,Debito,15500,0,2475,0
6757,2024-09-05,2024,9,September,Thursday,False,36,16,tarde,Llevar,Efectivo,10700,0,1708,0
6758,2024-09-05,2024,9,September,Thursday,False,36,17,tarde,Llevar,Debito,2800,0,447,0
6759,2024-09-05,2024,9,September,Thursday,False,36,17,tarde,Llevar,Debito,2000,0,319,0
6760,2024-09-05,2024,9,September,Thursday,False,36,17,tarde,Llevar,Debito,1400,0,224,0
6761,2024-09-05,2024,9,September,Thursday,False,36,17,tarde,Servir,Edenred,7200,0,0,0
6762,2024-09-05,2024,9,September,Thursday,False,36,17,tarde,Servir,Debito,21000,0,3353,0
6763,2024-09-05,2024,9,September,Thursday,False,36,17,tarde,Llevar,Debito,1500,0,239,0
6764,2024-09-05,2024,9,September,Thursday,False,36,17,tarde,Llevar,Debito,4000,0,639,0
6765,2024-09-05,2024,9,September,Thursday,False,36,17,tarde,Llevar,Debito,4400,0,703,0
6766,2024-09-05,2024,9,September,Thursday,False,36,17,tarde,Llevar,Debito,1500,0,239,0
6767,2024-09-05,2024,9,September,Thursday,False,36,17,tarde,Llevar,Debito,2800,0,447,0
6768,2024-09-05,2024,9,September,Thursday,False,36,17,tarde,Llevar,Debito,1819,0,290,0
6769,2024-09-05,2024,9,September,Thursday,False,36,17,tarde,Llevar,Debito,2400,0,383,0
6770,2024-09-05,2024,9,September,Thursday,False,36,17,tarde,Llevar,Debito,3500,0,559,0
6771,2024-09-05,2024,9,September,Thursday,False,36,17,tarde,Servir,Debito,15100,0,2411,0
6772,2024-09-05,2024,9,September,Thursday,False,36,17,tarde,Servir,Debito,8400,0,1341,840
6773,2024-09-05,2024,9,September,Thursday,False,36,18,tarde,Llevar,Debito,4000,0,639,0
6774,2024-09-05,2024,9,September,Thursday,False,36,18,tarde,Llevar,Debito,4329,0,691,0
6775,2024-09-05,2024,9,September,Thursday,False,36,18,tarde,Llevar,Debito,3200,0,511,0
6776,2024-09-05,2024,9,September,Thursday,False,36,18,tarde,Llevar,Debito,2000,0,319,0
6777,2024-09-05,2024,9,September,Thursday,False,36,18,tarde,Llevar,Debito,9100,0,1453,0
6778,2024-09-05,2024,9,September,Thursday,False,36,18,tarde,Servir,Debito,3000,0,479,0
6779,2024-09-05,2024,9,September,Thursday,False,36,18,tarde,Llevar,Debito,3200,0,511,0
6780,2024-09-05,2024,9,September,Thursday,False,36,18,tarde,Llevar,Debito,6200,0,990,0
6781,2024-09-05,2024,9,September,Thursday,False,36,18,tarde,Servir,Efectivo,5400,0,862,0
6782,2024-09-05,2024,9,September,Thursday,False,36,18,tarde,Llevar,Debito,5000,0,798,0
6783,2024-09-05,2024,9,September,Thursday,False,36,18,tarde,Llevar,Debito,2000,0,0,0
6784,2024-09-05,2024,9,September,Thursday,False,36,18,tarde,Llevar,Debito,2900,0,463,0
6785,2024-09-05,2024,9,September,Thursday,False,36,18,tarde,Llevar,Debito,8500,0,1357,0
6786,2024-09-05,2024,9,September,Thursday,False,36,18,tarde,Llevar,Debito,3000,0,479,0
6787,2024-09-05,2024,9,September,Thursday,False,36,18,tarde,Llevar,Debito,3200,0,511,0
6788,2024-09-05,2024,9,September,Thursday,False,36,18,tarde,Llevar,Debito,13900,0,2219,0
6789,2024-09-05,2024,9,September,Thursday,False,36,18,tarde,Servir,Debito,19800,0,3161,0
6790,2024-09-05,2024,9,September,Thursday,False,36,18,tarde,Servir,Efectivo,15400,0,0,0
6791,2024-09-05,2024,9,September,Thursday,False,36,18,tarde,Llevar,Debito,3400,0,543,0
6792,2024-09-05,2024,9,September,Thursday,False,36,19,cierre,Servir,Debito,7700,0,1229,0
6793,2024-09-05,2024,9,September,Thursday,False,36,19,cierre,Llevar,Debito,3900,0,623,0
6794,2024-09-05,2024,9,September,Thursday,False,36,19,cierre,Servir,Debito,7000,0,1118,0
6795,2024-09-05,2024,9,September,Thursday,False,36,19,cierre,Llevar,Debito,2000,0,319,0
6796,2024-09-05,2024,9,September,Thursday,False,36,19,cierre,Llevar,Debito,7700,0,1229,0
6797,2024-09-05,2024,9,September,Thursday,False,36,19,cierre,Servir,Debito,13700,0,2187,0
6798,2024-09-05,2024,9,September,Thursday,False,36,19,cierre,Llevar,Debito,2900,0,463,0
6799,2024-09-05,2024,9,September,Thursday,False,36,19,cierre,Llevar,Debito,8100,0,1293,0
6800,2024-09-05,2024,9,September,Thursday,False,36,20,cierre,Llevar,Efectivo,11600,0,1852,0
6801,2024-09-05,2024,9,September,Thursday,False,36,20,cierre,Servir,Debito,8000,0,1277,0
6802,2024-09-05,2024,9,September,Thursday,False,36,20,cierre,Llevar,Debito,1720,0,275,0
6803,2024-09-05,2024,9,September,Thursday,False,36,20,cierre,Llevar,Debito,3429,0,548,0
6804,2024-09-06,2024,9,September,Friday,False,36,11,manana,Llevar,Credito,5500,0,878,0
6805,2024-09-06,2024,9,September,Friday,False,36,11,manana,Llevar,Debito,8600,0,1373,0
6806,2024-09-06,2024,9,September,Friday,False,36,11,manana,Llevar,Credito,5000,0,798,0
6807,2024-09-06,2024,9,September,Friday,False,36,12,manana,Llevar,Debito,3000,0,479,0
6808,2024-09-06,2024,9,September,Friday,False,36,13,almuerzo,Llevar,Edenred,4800,0,0,0
6809,2024-09-06,2024,9,September,Friday,False,36,13,almuerzo,Llevar,Debito,3000,0,479,0
6810,2024-09-06,2024,9,September,Friday,False,36,13,almuerzo,Llevar,Debito,8900,0,1421,0
6811,2024-09-06,2024,9,September,Friday,False,36,13,almuerzo,Llevar,Credito,13800,0,2203,0
6812,2024-09-06,2024,9,September,Friday,False,36,13,almuerzo,Servir,Efectivo,5100,0,814,0
6813,2024-09-06,2024,9,September,Friday,False,36,13,almuerzo,Llevar,Efectivo,1500,0,239,0
6814,2024-09-06,2024,9,September,Friday,False,36,13,almuerzo,Llevar,Efectivo,2000,0,319,0
6815,2024-09-06,2024,9,September,Friday,False,36,13,almuerzo,Llevar,Debito,4500,0,718,0
6816,2024-09-06,2024,9,September,Friday,False,36,13,almuerzo,Llevar,Credito,3000,0,479,0
6817,2024-09-06,2024,9,September,Friday,False,36,14,almuerzo,Servir,Efectivo,7000,0,1118,0
6818,2024-09-06,2024,9,September,Friday,False,36,14,almuerzo,Servir,Efectivo,1400,0,224,0
6819,2024-09-06,2024,9,September,Friday,False,36,14,almuerzo,Servir,Efectivo,12300,0,1964,0
6820,2024-09-06,2024,9,September,Friday,False,36,14,almuerzo,Llevar,Credito,4000,0,639,0
6821,2024-09-06,2024,9,September,Friday,False,36,14,almuerzo,Servir,Edenred,2800,0,0,0
6822,2024-09-06,2024,9,September,Friday,False,36,14,almuerzo,Llevar,Credito,9400,0,1501,0
6823,2024-09-06,2024,9,September,Friday,False,36,14,almuerzo,Llevar,Efectivo,1500,0,239,0
6824,2024-09-06,2024,9,September,Friday,False,36,14,almuerzo,Servir,Debito,3500,0,559,0
6825,2024-09-06,2024,9,September,Friday,False,36,14,almuerzo,Servir,Debito,6700,0,1070,0
6826,2024-09-06,2024,9,September,Friday,False,36,15,almuerzo,Servir,Efectivo,3000,0,479,0
6827,2024-09-06,2024,9,September,Friday,False,36,15,almuerzo,Llevar,Debito,8000,0,1277,0
6828,2024-09-06,2024,9,September,Friday,False,36,15,almuerzo,Llevar,Efectivo,7100,0,1134,0
6829,2024-09-06,2024,9,September,Friday,False,36,15,almuerzo,Llevar,Debito,3000,0,479,0
6830,2024-09-06,2024,9,September,Friday,False,36,15,almuerzo,Llevar,Debito,2800,0,447,0
6831,2024-09-06,2024,9,September,Friday,False,36,16,tarde,Servir,Debito,9000,0,1437,0
6832,2024-09-06,2024,9,September,Friday,False,36,16,tarde,Llevar,Efectivo,2000,0,319,0
6833,2024-09-06,2024,9,September,Friday,False,36,16,tarde,Servir,Efectivo,20800,0,3321,0
6834,2024-09-06,2024,9,September,Friday,False,36,16,tarde,Llevar,Debito,4800,0,766,0
6835,2024-09-06,2024,9,September,Friday,False,36,16,tarde,Servir,Efectivo,3000,0,479,0
6836,2024-09-06,2024,9,September,Friday,False,36,16,tarde,Servir,Debito,5500,0,878,0
6837,2024-09-06,2024,9,September,Friday,False,36,16,tarde,Llevar,Debito,4300,0,687,0
6838,2024-09-06,2024,9,September,Friday,False,36,16,tarde,Servir,Edenred,7800,0,0,0
6839,2024-09-06,2024,9,September,Friday,False,36,16,tarde,Llevar,Efectivo,2000,0,319,0
6840,2024-09-06,2024,9,September,Friday,False,36,16,tarde,Llevar,Debito,24200,0,3864,0
6841,2024-09-06,2024,9,September,Friday,False,36,17,tarde,Servir,Efectivo,15000,0,2395,0
6842,2024-09-06,2024,9,September,Friday,False,36,17,tarde,Llevar,Transferencia,42000,0,0,0
6843,2024-09-06,2024,9,September,Friday,False,36,17,tarde,Llevar,Sodexo,2200,0,0,0
6844,2024-09-06,2024,9,September,Friday,False,36,17,tarde,Llevar,Debito,3000,0,479,0
6845,2024-09-06,2024,9,September,Friday,False,36,17,tarde,Llevar,Efectivo,4700,0,750,0
6846,2024-09-06,2024,9,September,Friday,False,36,17,tarde,Llevar,Debito,2000,0,319,0
6847,2024-09-06,2024,9,September,Friday,False,36,17,tarde,Llevar,Credito,2000,0,319,0
6848,2024-09-06,2024,9,September,Friday,False,36,17,tarde,Servir,Debito,5200,0,830,0
6849,2024-09-06,2024,9,September,Friday,False,36,17,tarde,Llevar,Debito,4400,0,703,0
6850,2024-09-06,2024,9,September,Friday,False,36,17,tarde,Servir,Debito,6300,0,1006,0
6851,2024-09-06,2024,9,September,Friday,False,36,17,tarde,Servir,Debito,3500,0,559,0
6852,2024-09-06,2024,9,September,Friday,False,36,17,tarde,Llevar,Efectivo,2780,0,444,0
6853,2024-09-06,2024,9,September,Friday,False,36,17,tarde,Llevar,Debito,1500,0,239,0
6854,2024-09-06,2024,9,September,Friday,False,36,17,tarde,Llevar,Edenred,11200,0,0,0
6855,2024-09-06,2024,9,September,Friday,False,36,17,tarde,Servir,Efectivo,16100,0,2571,0
6856,2024-09-06,2024,9,September,Friday,False,36,17,tarde,Servir,Efectivo,16200,0,2587,0
6857,2024-09-06,2024,9,September,Friday,False,36,18,tarde,Servir,Debito,10700,0,1708,0
6858,2024-09-06,2024,9,September,Friday,False,36,18,tarde,Llevar,Debito,4700,0,750,0
6859,2024-09-06,2024,9,September,Friday,False,36,18,tarde,Servir,Efectivo,18000,0,2874,0
6860,2024-09-06,2024,9,September,Friday,False,36,18,tarde,Llevar,Debito,19800,0,3161,0
6861,2024-09-06,2024,9,September,Friday,False,36,18,tarde,Servir,Sodexo,2400,0,0,0
6862,2024-09-06,2024,9,September,Friday,False,36,18,tarde,Llevar,Debito,2000,0,319,0
6863,2024-09-06,2024,9,September,Friday,False,36,18,tarde,Llevar,Debito,1412,0,225,0
6864,2024-09-06,2024,9,September,Friday,False,36,19,cierre,Llevar,Debito,7600,0,1213,0
6865,2024-09-06,2024,9,September,Friday,False,36,19,cierre,Servir,Debito,3400,0,543,0
6866,2024-09-06,2024,9,September,Friday,False,36,19,cierre,Servir,Efectivo,10400,0,1661,0
6867,2024-09-06,2024,9,September,Friday,False,36,19,cierre,Llevar,Debito,4000,0,639,0
6868,2024-09-06,2024,9,September,Friday,False,36,19,cierre,Llevar,Debito,1500,0,239,0
6869,2024-09-06,2024,9,September,Friday,False,36,19,cierre,Llevar,Debito,4800,0,766,0
6870,2024-09-06,2024,9,September,Friday,False,36,19,cierre,Llevar,Debito,2000,0,319,0
6871,2024-09-07,2024,9,September,Saturday,True,36,10,manana,Servir,Credito,15200,0,2427,0
6872,2024-09-07,2024,9,September,Saturday,True,36,11,manana,Llevar,Debito,4800,0,766,0
6873,2024-09-07,2024,9,September,Saturday,True,36,11,manana,Servir,Debito,1400,0,224,0
6874,2024-09-07,2024,9,September,Saturday,True,36,11,manana,Servir,Debito,12500,0,1996,0
6875,2024-09-07,2024,9,September,Saturday,True,36,11,manana,Llevar,Debito,6900,0,1102,0
6876,2024-09-07,2024,9,September,Saturday,True,36,11,manana,Servir,Transferencia,4600,0,0,0
6877,2024-09-07,2024,9,September,Saturday,True,36,12,manana,Servir,Debito,6800,0,1086,0
6878,2024-09-07,2024,9,September,Saturday,True,36,12,manana,Llevar,Efectivo,5000,0,798,0
6879,2024-09-07,2024,9,September,Saturday,True,36,12,manana,Servir,Debito,18800,0,3002,1880
6880,2024-09-07,2024,9,September,Saturday,True,36,13,almuerzo,Servir,Edenred,9100,0,0,0
6881,2024-09-07,2024,9,September,Saturday,True,36,13,almuerzo,Llevar,Efectivo,2000,0,319,0
6882,2024-09-07,2024,9,September,Saturday,True,36,14,almuerzo,Llevar,Efectivo,2800,0,447,0
6883,2024-09-07,2024,9,September,Saturday,True,36,14,almuerzo,Servir,Efectivo,1500,0,239,0
6884,2024-09-07,2024,9,September,Saturday,True,36,14,almuerzo,Llevar,Debito,4000,0,639,0
6885,2024-09-07,2024,9,September,Saturday,True,36,14,almuerzo,Llevar,Debito,2000,0,319,0
6886,2024-09-07,2024,9,September,Saturday,True,36,16,tarde,Llevar,Debito,10200,0,1629,0
6887,2024-09-07,2024,9,September,Saturday,True,36,16,tarde,Servir,Debito,6400,0,1022,0
6888,2024-09-07,2024,9,September,Saturday,True,36,16,tarde,Servir,Efectivo,6100,0,974,0
6889,2024-09-07,2024,9,September,Saturday,True,36,16,tarde,Servir,Debito,12800,0,2044,1280
6890,2024-09-07,2024,9,September,Saturday,True,36,16,tarde,Servir,Debito,12800,0,2044,0
6891,2024-09-07,2024,9,September,Saturday,True,36,16,tarde,Servir,Debito,13100,0,2092,0
6892,2024-09-07,2024,9,September,Saturday,True,36,16,tarde,Llevar,Debito,10300,0,1645,0
6893,2024-09-07,2024,9,September,Saturday,True,36,16,tarde,Llevar,Debito,4000,0,639,0
6894,2024-09-07,2024,9,September,Saturday,True,36,16,tarde,Llevar,Efectivo,1500,0,239,0
6895,2024-09-07,2024,9,September,Saturday,True,36,16,tarde,Llevar,Debito,6000,0,958,0
6896,2024-09-07,2024,9,September,Saturday,True,36,16,tarde,Servir,Debito,11300,0,1804,0
6897,2024-09-07,2024,9,September,Saturday,True,36,16,tarde,Llevar,Debito,3500,0,559,0
6898,2024-09-07,2024,9,September,Saturday,True,36,16,tarde,Servir,Efectivo,7700,0,1229,0
6899,2024-09-07,2024,9,September,Saturday,True,36,16,tarde,Llevar,Debito,2400,0,383,0
6900,2024-09-07,2024,9,September,Saturday,True,36,17,tarde,Servir,Transferencia,6500,0,1038,0
6901,2024-09-07,2024,9,September,Saturday,True,36,17,tarde,Llevar,Debito,8000,0,1277,0
6902,2024-09-07,2024,9,September,Saturday,True,36,17,tarde,Servir,Debito,13500,0,2155,0
6903,2024-09-07,2024,9,September,Saturday,True,36,17,tarde,Llevar,Debito,3500,0,559,0
6904,2024-09-07,2024,9,September,Saturday,True,36,17,tarde,Servir,Edenred,14500,0,0,0
6905,2024-09-07,2024,9,September,Saturday,True,36,17,tarde,Llevar,Debito,2900,0,463,0
6906,2024-09-07,2024,9,September,Saturday,True,36,17,tarde,Llevar,Debito,2000,0,319,0
6907,2024-09-07,2024,9,September,Saturday,True,36,18,tarde,Servir,Efectivo,4000,0,639,0
6908,2024-09-07,2024,9,September,Saturday,True,36,18,tarde,Servir,Debito,9600,0,1533,0
6909,2024-09-07,2024,9,September,Saturday,True,36,18,tarde,Llevar,Debito,4700,0,750,0
6910,2024-09-07,2024,9,September,Saturday,True,36,18,tarde,Llevar,Debito,2000,0,319,0
6911,2024-09-07,2024,9,September,Saturday,True,36,18,tarde,Servir,Debito,10100,0,1613,0
6912,2024-09-07,2024,9,September,Saturday,True,36,18,tarde,Llevar,Debito,6700,0,1070,0
6913,2024-09-07,2024,9,September,Saturday,True,36,18,tarde,Servir,Debito,19100,0,3050,0
6914,2024-09-07,2024,9,September,Saturday,True,36,18,tarde,Servir,Edenred,3000,0,0,0
6915,2024-09-07,2024,9,September,Saturday,True,36,18,tarde,Llevar,Debito,23200,0,3704,0
6916,2024-09-07,2024,9,September,Saturday,True,36,18,tarde,Servir,Debito,12000,0,1916,0
6917,2024-09-07,2024,9,September,Saturday,True,36,18,tarde,Llevar,Debito,7400,0,1182,0
6918,2024-09-07,2024,9,September,Saturday,True,36,18,tarde,Servir,Debito,11500,0,1836,0
6919,2024-09-07,2024,9,September,Saturday,True,36,18,tarde,Llevar,Efectivo,4400,0,703,0
6920,2024-09-07,2024,9,September,Saturday,True,36,18,tarde,Servir,Debito,2000,0,319,0
6921,2024-09-07,2024,9,September,Saturday,True,36,18,tarde,Llevar,Debito,5900,0,942,0
6922,2024-09-07,2024,9,September,Saturday,True,36,18,tarde,Servir,Efectivo,8400,0,1341,0
6923,2024-09-07,2024,9,September,Saturday,True,36,18,tarde,Servir,Efectivo,6000,0,958,0
6924,2024-09-07,2024,9,September,Saturday,True,36,18,tarde,Servir,Debito,18700,0,2986,0
6925,2024-09-07,2024,9,September,Saturday,True,36,18,tarde,Llevar,Debito,8700,0,1389,0
6926,2024-09-07,2024,9,September,Saturday,True,36,19,cierre,Llevar,Debito,6000,0,958,0
6927,2024-09-07,2024,9,September,Saturday,True,36,19,cierre,Servir,Debito,16400,0,2618,0
6928,2024-09-07,2024,9,September,Saturday,True,36,19,cierre,Llevar,Debito,10400,0,1661,0
6929,2024-09-07,2024,9,September,Saturday,True,36,19,cierre,Llevar,Debito,2700,0,431,0
6930,2024-09-07,2024,9,September,Saturday,True,36,19,cierre,Llevar,Efectivo,2000,0,0,0
6931,2024-09-07,2024,9,September,Saturday,True,36,19,cierre,Servir,Edenred,6200,0,0,0
6932,2024-09-07,2024,9,September,Saturday,True,36,19,cierre,Servir,Debito,17500,0,2794,0
6933,2024-09-07,2024,9,September,Saturday,True,36,19,cierre,Servir,Debito,15900,0,2539,0
6934,2024-09-07,2024,9,September,Saturday,True,36,19,cierre,Llevar,Debito,2900,0,463,0
6935,2024-09-09,2024,9,September,Monday,False,37,10,manana,Llevar,Debito,5000,0,798,0
6936,2024-09-09,2024,9,September,Monday,False,37,11,manana,Servir,Debito,4700,0,750,0
6937,2024-09-09,2024,9,September,Monday,False,37,11,manana,Llevar,Debito,6000,0,958,0
6938,2024-09-09,2024,9,September,Monday,False,37,12,manana,Servir,Efectivo,4200,0,671,0
6939,2024-09-09,2024,9,September,Monday,False,37,12,manana,Llevar,Efectivo,1500,0,239,0
6940,2024-09-09,2024,9,September,Monday,False,37,12,manana,Llevar,Debito,3000,0,479,0
6941,2024-09-09,2024,9,September,Monday,False,37,12,manana,Servir,Debito,10500,0,1676,0
6942,2024-09-09,2024,9,September,Monday,False,37,13,almuerzo,Servir,Debito,10500,0,1676,0
6943,2024-09-09,2024,9,September,Monday,False,37,13,almuerzo,Servir,Efectivo,6900,0,0,0
6944,2024-09-09,2024,9,September,Monday,False,37,13,almuerzo,Llevar,Debito,3200,0,511,0
6945,2024-09-09,2024,9,September,Monday,False,37,14,almuerzo,Servir,Efectivo,8500,0,0,850
6946,2024-09-09,2024,9,September,Monday,False,37,14,almuerzo,Llevar,Debito,5100,0,814,0
6947,2024-09-09,2024,9,September,Monday,False,37,14,almuerzo,Llevar,Debito,2900,0,463,0
6948,2024-09-09,2024,9,September,Monday,False,37,16,tarde,Servir,Debito,9000,0,1437,900
6949,2024-09-09,2024,9,September,Monday,False,37,16,tarde,Llevar,Debito,5100,0,814,0
6950,2024-09-09,2024,9,September,Monday,False,37,16,tarde,Servir,Debito,8500,0,1357,850
6951,2024-09-09,2024,9,September,Monday,False,37,16,tarde,Llevar,Efectivo,4000,0,639,0
6952,2024-09-09,2024,9,September,Monday,False,37,16,tarde,Llevar,Debito,2000,0,319,0
6953,2024-09-09,2024,9,September,Monday,False,37,16,tarde,Servir,Debito,10500,0,1676,0
6954,2024-09-09,2024,9,September,Monday,False,37,17,tarde,Servir,Debito,12400,0,1980,0
6955,2024-09-09,2024,9,September,Monday,False,37,17,tarde,Servir,Debito,22400,0,3576,2240
6956,2024-09-09,2024,9,September,Monday,False,37,17,tarde,Llevar,Debito,14000,0,2235,0
6957,2024-09-09,2024,9,September,Monday,False,37,17,tarde,Llevar,Efectivo,11200,0,1788,0
6958,2024-09-09,2024,9,September,Monday,False,37,17,tarde,Llevar,Debito,2800,0,447,0
6959,2024-09-09,2024,9,September,Monday,False,37,17,tarde,Llevar,Debito,3100,0,495,0
6960,2024-09-09,2024,9,September,Monday,False,37,18,tarde,Llevar,Debito,4900,0,782,0
6961,2024-09-09,2024,9,September,Monday,False,37,18,tarde,Llevar,Efectivo,2000,0,319,0
6962,2024-09-09,2024,9,September,Monday,False,37,18,tarde,Llevar,Debito,3500,0,559,0
6963,2024-09-09,2024,9,September,Monday,False,37,18,tarde,Llevar,Debito,2000,0,319,0
6964,2024-09-09,2024,9,September,Monday,False,37,18,tarde,Llevar,Efectivo,2000,0,319,0
6965,2024-09-09,2024,9,September,Monday,False,37,18,tarde,Servir,Debito,9200,0,1469,920
6966,2024-09-09,2024,9,September,Monday,False,37,19,cierre,Servir,Credito,8200,0,1309,820
6967,2024-09-09,2024,9,September,Monday,False,37,19,cierre,Llevar,Debito,4000,0,639,0
6968,2024-09-09,2024,9,September,Monday,False,37,19,cierre,Llevar,Efectivo,4900,0,782,0
6969,2024-09-09,2024,9,September,Monday,False,37,19,cierre,Servir,Debito,15000,0,2395,0
6970,2024-09-10,2024,9,September,Tuesday,False,37,10,manana,Llevar,Debito,6200,0,990,0
6971,2024-09-10,2024,9,September,Tuesday,False,37,11,manana,Servir,Debito,9900,0,1581,0
6972,2024-09-10,2024,9,September,Tuesday,False,37,11,manana,Llevar,Debito,1500,0,239,0
6973,2024-09-10,2024,9,September,Tuesday,False,37,11,manana,Llevar,Debito,5500,0,878,0
6974,2024-09-10,2024,9,September,Tuesday,False,37,12,manana,Llevar,Credito,3100,0,495,0
6975,2024-09-10,2024,9,September,Tuesday,False,37,12,manana,Llevar,Credito,4000,0,639,0
6976,2024-09-10,2024,9,September,Tuesday,False,37,12,manana,Llevar,Efectivo,9600,0,0,0
6977,2024-09-10,2024,9,September,Tuesday,False,37,13,almuerzo,Llevar,Efectivo,3400,0,543,0
6978,2024-09-10,2024,9,September,Tuesday,False,37,13,almuerzo,Llevar,Debito,2000,0,319,0
6979,2024-09-10,2024,9,September,Tuesday,False,37,13,almuerzo,Servir,Edenred,5500,0,0,0
6980,2024-09-10,2024,9,September,Tuesday,False,37,14,almuerzo,Llevar,Efectivo,1400,0,0,0
6981,2024-09-10,2024,9,September,Tuesday,False,37,14,almuerzo,Llevar,Debito,2900,0,463,0
6982,2024-09-10,2024,9,September,Tuesday,False,37,14,almuerzo,Servir,Debito,7000,0,1118,0
6983,2024-09-10,2024,9,September,Tuesday,False,37,15,almuerzo,Llevar,Debito,1500,0,239,0
6984,2024-09-10,2024,9,September,Tuesday,False,37,15,almuerzo,Llevar,Debito,6200,0,990,0
6985,2024-09-10,2024,9,September,Tuesday,False,37,17,tarde,Servir,Credito,7000,0,1118,0
6986,2024-09-10,2024,9,September,Tuesday,False,37,17,tarde,Llevar,Debito,5900,0,942,0
6987,2024-09-10,2024,9,September,Tuesday,False,37,17,tarde,Llevar,Debito,2800,0,447,0
6988,2024-09-10,2024,9,September,Tuesday,False,37,17,tarde,Llevar,Debito,2000,0,319,0
6989,2024-09-10,2024,9,September,Tuesday,False,37,17,tarde,Llevar,Debito,4000,0,639,0
6990,2024-09-10,2024,9,September,Tuesday,False,37,17,tarde,Llevar,Debito,1500,0,239,0
6991,2024-09-10,2024,9,September,Tuesday,False,37,17,tarde,Llevar,Debito,6200,0,0,0
6992,2024-09-10,2024,9,September,Tuesday,False,37,17,tarde,Servir,Debito,7700,0,1229,0
6993,2024-09-10,2024,9,September,Tuesday,False,37,17,tarde,Llevar,Debito,2000,0,319,0
6994,2024-09-10,2024,9,September,Tuesday,False,37,17,tarde,Servir,Debito,11800,0,1884,0
6995,2024-09-10,2024,9,September,Tuesday,False,37,17,tarde,Servir,Debito,12500,0,1996,0
6996,2024-09-10,2024,9,September,Tuesday,False,37,18,tarde,Llevar,Debito,3000,0,479,0
6997,2024-09-10,2024,9,September,Tuesday,False,37,18,tarde,Llevar,Debito,3100,0,0,0
6998,2024-09-10,2024,9,September,Tuesday,False,37,18,tarde,Servir,Debito,2000,0,319,0
6999,2024-09-10,2024,9,September,Tuesday,False,37,18,tarde,Llevar,Debito,3200,0,0,0
7000,2024-09-10,2024,9,September,Tuesday,False,37,18,tarde,Llevar,Debito,3000,0,479,0
7001,2024-09-10,2024,9,September,Tuesday,False,37,18,tarde,Llevar,Debito,1419,0,227,0
7002,2024-09-10,2024,9,September,Tuesday,False,37,18,tarde,Llevar,Debito,5000,0,798,0
7003,2024-09-10,2024,9,September,Tuesday,False,37,18,tarde,Llevar,Efectivo,12000,0,1916,0
7004,2024-09-10,2024,9,September,Tuesday,False,37,18,tarde,Llevar,Debito,3000,0,479,0
7005,2024-09-10,2024,9,September,Tuesday,False,37,18,tarde,Llevar,Debito,3100,0,495,0
7006,2024-09-10,2024,9,September,Tuesday,False,37,18,tarde,Servir,Credito,12300,0,1964,0
7007,2024-09-10,2024,9,September,Tuesday,False,37,18,tarde,Servir,Debito,10500,0,1676,0
7008,2024-09-10,2024,9,September,Tuesday,False,37,19,cierre,Llevar,Credito,7000,0,1118,0
7009,2024-09-10,2024,9,September,Tuesday,False,37,19,cierre,Servir,Debito,6000,0,958,0
7010,2024-09-10,2024,9,September,Tuesday,False,37,19,cierre,Llevar,Transferencia,4980,0,0,0
7011,2024-09-10,2024,9,September,Tuesday,False,37,19,cierre,Llevar,Debito,3100,0,495,0
7012,2024-09-10,2024,9,September,Tuesday,False,37,19,cierre,Servir,Debito,7000,0,1118,0
7013,2024-09-10,2024,9,September,Tuesday,False,37,20,cierre,Servir,Debito,3100,0,495,0
7014,2024-09-10,2024,9,September,Tuesday,False,37,20,cierre,Llevar,Debito,2900,0,463,0
7015,2024-09-10,2024,9,September,Tuesday,False,37,20,cierre,Llevar,Debito,4500,0,718,0
7016,2024-09-11,2024,9,September,Wednesday,False,37,10,manana,Servir,Debito,3500,0,559,0
7017,2024-09-11,2024,9,September,Wednesday,False,37,11,manana,Llevar,Credito,3100,0,495,0
7018,2024-09-11,2024,9,September,Wednesday,False,37,11,manana,Servir,Debito,3500,0,559,0
7019,2024-09-11,2024,9,September,Wednesday,False,37,11,manana,Llevar,Debito,10900,0,1740,0
7020,2024-09-11,2024,9,September,Wednesday,False,37,12,manana,Llevar,Efectivo,2000,0,0,0
7021,2024-09-11,2024,9,September,Wednesday,False,37,13,almuerzo,Servir,Efectivo,2000,0,319,0
7022,2024-09-11,2024,9,September,Wednesday,False,37,13,almuerzo,Llevar,Efectivo,2000,0,319,0
7023,2024-09-11,2024,9,September,Wednesday,False,37,14,almuerzo,Llevar,Efectivo,4000,0,639,0
7024,2024-09-11,2024,9,September,Wednesday,False,37,14,almuerzo,Servir,Debito,8000,0,1277,0
7025,2024-09-11,2024,9,September,Wednesday,False,37,14,almuerzo,Llevar,Debito,4000,0,639,0
7026,2024-09-11,2024,9,September,Wednesday,False,37,14,almuerzo,Servir,Efectivo,4000,0,639,0
7027,2024-09-11,2024,9,September,Wednesday,False,37,14,almuerzo,Servir,Efectivo,6000,0,958,0
7028,2024-09-11,2024,9,September,Wednesday,False,37,15,almuerzo,Llevar,Efectivo,2000,0,319,0
7029,2024-09-11,2024,9,September,Wednesday,False,37,15,almuerzo,Llevar,Debito,7500,0,1197,0
7030,2024-09-11,2024,9,September,Wednesday,False,37,15,almuerzo,Servir,Debito,6000,0,958,0
7031,2024-09-11,2024,9,September,Wednesday,False,37,16,tarde,Llevar,Efectivo,1500,0,239,0
7032,2024-09-11,2024,9,September,Wednesday,False,37,16,tarde,Servir,Efectivo,3000,0,479,0
7033,2024-09-11,2024,9,September,Wednesday,False,37,16,tarde,Servir,Efectivo,5000,0,0,0
7034,2024-09-11,2024,9,September,Wednesday,False,37,16,tarde,Servir,Debito,13200,0,2108,0
7035,2024-09-11,2024,9,September,Wednesday,False,37,16,tarde,Llevar,Debito,3000,0,479,0
7036,2024-09-11,2024,9,September,Wednesday,False,37,16,tarde,Llevar,Debito,4300,0,687,0
7037,2024-09-11,2024,9,September,Wednesday,False,37,16,tarde,Llevar,Debito,7500,0,1197,0
7038,2024-09-11,2024,9,September,Wednesday,False,37,16,tarde,Llevar,Transferencia,130650,0,0,0
7039,2024-09-11,2024,9,September,Wednesday,False,37,17,tarde,Servir,Credito,10800,0,1724,0
7040,2024-09-11,2024,9,September,Wednesday,False,37,17,tarde,Servir,Debito,5200,0,830,0
7041,2024-09-11,2024,9,September,Wednesday,False,37,17,tarde,Llevar,Debito,5700,0,910,0
7042,2024-09-11,2024,9,September,Wednesday,False,37,17,tarde,Llevar,Efectivo,2500,0,399,0
7043,2024-09-11,2024,9,September,Wednesday,False,37,17,tarde,Llevar,Efectivo,2500,0,0,0
7044,2024-09-11,2024,9,September,Wednesday,False,37,17,tarde,Llevar,Debito,4000,0,639,0
7045,2024-09-11,2024,9,September,Wednesday,False,37,17,tarde,Servir,Credito,8600,0,1373,0
7046,2024-09-11,2024,9,September,Wednesday,False,37,17,tarde,Servir,Debito,9900,0,0,0
7047,2024-09-11,2024,9,September,Wednesday,False,37,18,tarde,Llevar,Credito,15700,0,2507,0
7048,2024-09-11,2024,9,September,Wednesday,False,37,18,tarde,Llevar,Efectivo,8700,0,1389,0
7049,2024-09-11,2024,9,September,Wednesday,False,37,18,tarde,Llevar,Debito,11000,0,1756,0
7050,2024-09-11,2024,9,September,Wednesday,False,37,18,tarde,Llevar,Efectivo,1500,0,239,0
7051,2024-09-11,2024,9,September,Wednesday,False,37,18,tarde,Llevar,Credito,1500,0,239,0
7052,2024-09-11,2024,9,September,Wednesday,False,37,18,tarde,Llevar,Debito,2800,0,447,0
7053,2024-09-11,2024,9,September,Wednesday,False,37,18,tarde,Servir,Credito,5800,0,0,0
7054,2024-09-11,2024,9,September,Wednesday,False,37,18,tarde,Llevar,Debito,11300,0,1804,0
7055,2024-09-11,2024,9,September,Wednesday,False,37,18,tarde,Llevar,Credito,13900,0,2219,0
7056,2024-09-11,2024,9,September,Wednesday,False,37,18,tarde,Servir,Efectivo,13700,0,2187,1370
7057,2024-09-11,2024,9,September,Wednesday,False,37,18,tarde,Llevar,Debito,8700,0,0,0
7058,2024-09-11,2024,9,September,Wednesday,False,37,18,tarde,Llevar,Debito,3500,0,0,0
7059,2024-09-11,2024,9,September,Wednesday,False,37,19,cierre,Servir,Debito,3100,0,0,0
7060,2024-09-11,2024,9,September,Wednesday,False,37,19,cierre,Servir,Debito,20600,0,3289,0
7061,2024-09-11,2024,9,September,Wednesday,False,37,19,cierre,Llevar,Debito,7500,0,1197,0
7062,2024-09-11,2024,9,September,Wednesday,False,37,19,cierre,Llevar,Debito,4800,0,766,0
7063,2024-09-11,2024,9,September,Wednesday,False,37,19,cierre,Llevar,Credito,1200,0,192,0
7064,2024-09-11,2024,9,September,Wednesday,False,37,19,cierre,Servir,Debito,2000,0,319,0
7065,2024-09-11,2024,9,September,Wednesday,False,37,19,cierre,Llevar,Debito,3500,0,559,0
7066,2024-09-11,2024,9,September,Wednesday,False,37,19,cierre,Llevar,Debito,9200,0,1469,0
7067,2024-09-11,2024,9,September,Wednesday,False,37,19,cierre,Llevar,Credito,12100,0,1932,0
7068,2024-09-12,2024,9,September,Thursday,False,37,11,manana,Llevar,Efectivo,8700,0,0,0
7069,2024-09-12,2024,9,September,Thursday,False,37,11,manana,Llevar,Debito,3000,0,479,0
7070,2024-09-12,2024,9,September,Thursday,False,37,11,manana,Llevar,Debito,5700,0,910,0
7071,2024-09-12,2024,9,September,Thursday,False,37,11,manana,Llevar,Debito,1500,0,239,0
7072,2024-09-12,2024,9,September,Thursday,False,37,12,manana,Llevar,Credito,7500,0,1197,0
7073,2024-09-12,2024,9,September,Thursday,False,37,12,manana,Llevar,Efectivo,2000,0,319,0
7074,2024-09-12,2024,9,September,Thursday,False,37,13,almuerzo,Llevar,Debito,7200,0,1150,0
7075,2024-09-12,2024,9,September,Thursday,False,37,13,almuerzo,Llevar,Debito,11000,0,1756,0
7076,2024-09-12,2024,9,September,Thursday,False,37,13,almuerzo,Llevar,Debito,2800,0,447,0
7077,2024-09-12,2024,9,September,Thursday,False,37,13,almuerzo,Llevar,Efectivo,1200,0,192,0
7078,2024-09-12,2024,9,September,Thursday,False,37,14,almuerzo,Llevar,Debito,3100,0,495,0
7079,2024-09-12,2024,9,September,Thursday,False,37,14,almuerzo,Llevar,Debito,2000,0,319,0
7080,2024-09-12,2024,9,September,Thursday,False,37,14,almuerzo,Llevar,Debito,4000,0,639,0
7081,2024-09-12,2024,9,September,Thursday,False,37,16,tarde,Llevar,Efectivo,10500,0,1676,0
7082,2024-09-12,2024,9,September,Thursday,False,37,16,tarde,Llevar,Debito,6300,0,1006,0
7083,2024-09-12,2024,9,September,Thursday,False,37,16,tarde,Llevar,Debito,4400,0,703,0
7084,2024-09-12,2024,9,September,Thursday,False,37,16,tarde,Llevar,Debito,11300,0,1804,0
7085,2024-09-12,2024,9,September,Thursday,False,37,16,tarde,Servir,Debito,3000,0,479,0
7086,2024-09-12,2024,9,September,Thursday,False,37,16,tarde,Llevar,Debito,11400,0,1820,0
7087,2024-09-12,2024,9,September,Thursday,False,37,17,tarde,Llevar,Credito,10400,0,1661,0
7088,2024-09-12,2024,9,September,Thursday,False,37,17,tarde,Llevar,Debito,13700,0,2187,0
7089,2024-09-12,2024,9,September,Thursday,False,37,17,tarde,Servir,Debito,9000,0,1437,0
7090,2024-09-12,2024,9,September,Thursday,False,37,17,tarde,Llevar,Debito,2400,0,383,0
7091,2024-09-12,2024,9,September,Thursday,False,37,18,tarde,Llevar,Debito,2900,0,463,0
7092,2024-09-12,2024,9,September,Thursday,False,37,18,tarde,Servir,Debito,23000,0,3672,0
7093,2024-09-12,2024,9,September,Thursday,False,37,18,tarde,Llevar,Debito,3000,0,479,0
7094,2024-09-12,2024,9,September,Thursday,False,37,18,tarde,Servir,Debito,18800,0,3002,0
7095,2024-09-12,2024,9,September,Thursday,False,37,18,tarde,Llevar,Debito,2000,0,319,0
7096,2024-09-12,2024,9,September,Thursday,False,37,18,tarde,Llevar,Debito,4000,0,639,0
7097,2024-09-12,2024,9,September,Thursday,False,37,18,tarde,Servir,Debito,1500,0,239,0
7098,2024-09-12,2024,9,September,Thursday,False,37,18,tarde,Llevar,Debito,3200,0,0,0
7099,2024-09-12,2024,9,September,Thursday,False,37,18,tarde,Llevar,Debito,3500,0,559,0
7100,2024-09-12,2024,9,September,Thursday,False,37,18,tarde,Llevar,Debito,7000,0,1118,0
7101,2024-09-12,2024,9,September,Thursday,False,37,18,tarde,Llevar,Debito,10500,0,1676,0
7102,2024-09-12,2024,9,September,Thursday,False,37,18,tarde,Servir,Debito,23600,0,3768,0
7103,2024-09-12,2024,9,September,Thursday,False,37,18,tarde,Servir,Debito,15700,0,2507,1570
7104,2024-09-12,2024,9,September,Thursday,False,37,18,tarde,Llevar,Debito,4500,0,718,0
7105,2024-09-12,2024,9,September,Thursday,False,37,18,tarde,Llevar,Credito,11500,0,1836,0
7106,2024-09-12,2024,9,September,Thursday,False,37,19,cierre,Servir,Credito,25500,0,4071,2550
7107,2024-09-12,2024,9,September,Thursday,False,37,19,cierre,Llevar,Debito,2400,0,383,0
7108,2024-09-12,2024,9,September,Thursday,False,37,19,cierre,Llevar,Debito,5400,0,862,0
7109,2024-09-12,2024,9,September,Thursday,False,37,19,cierre,Servir,Debito,10200,0,1629,1020
7110,2024-09-12,2024,9,September,Thursday,False,37,19,cierre,Llevar,Debito,9000,0,0,0
7111,2024-09-12,2024,9,September,Thursday,False,37,19,cierre,Servir,Efectivo,2600,0,415,0
7112,2024-09-12,2024,9,September,Thursday,False,37,19,cierre,Llevar,Debito,3500,0,0,0
7113,2024-09-12,2024,9,September,Thursday,False,37,19,cierre,Servir,Efectivo,3000,0,0,0
7114,2024-09-12,2024,9,September,Thursday,False,37,20,cierre,Llevar,Debito,5000,0,798,0
7115,2024-09-13,2024,9,September,Friday,False,37,10,manana,Llevar,Debito,5000,0,798,0
7116,2024-09-13,2024,9,September,Friday,False,37,10,manana,Llevar,Debito,3500,0,559,0
7117,2024-09-13,2024,9,September,Friday,False,37,11,manana,Llevar,Efectivo,1500,0,239,0
7118,2024-09-13,2024,9,September,Friday,False,37,11,manana,Llevar,Debito,2000,0,319,0
7119,2024-09-13,2024,9,September,Friday,False,37,12,manana,Llevar,Debito,4000,0,639,0
7120,2024-09-13,2024,9,September,Friday,False,37,12,manana,Llevar,Credito,4900,0,782,0
7121,2024-09-13,2024,9,September,Friday,False,37,12,manana,Llevar,Debito,3000,0,479,0
7122,2024-09-13,2024,9,September,Friday,False,37,13,almuerzo,Llevar,Debito,3100,0,495,0
7123,2024-09-13,2024,9,September,Friday,False,37,14,almuerzo,Servir,Debito,4000,0,639,0
7124,2024-09-13,2024,9,September,Friday,False,37,14,almuerzo,Servir,Efectivo,3200,0,511,0
7125,2024-09-13,2024,9,September,Friday,False,37,14,almuerzo,Llevar,Edenred,4000,0,0,0
7126,2024-09-13,2024,9,September,Friday,False,37,15,almuerzo,Llevar,Efectivo,9000,0,1437,0
7127,2024-09-13,2024,9,September,Friday,False,37,15,almuerzo,Llevar,Edenred,3500,0,0,0
7128,2024-09-13,2024,9,September,Friday,False,37,15,almuerzo,Servir,Efectivo,1400,0,224,0
7129,2024-09-13,2024,9,September,Friday,False,37,15,almuerzo,Servir,Debito,3800,0,607,0
7130,2024-09-13,2024,9,September,Friday,False,37,15,almuerzo,Llevar,Debito,10200,0,1629,0
7131,2024-09-13,2024,9,September,Friday,False,37,15,almuerzo,Servir,Debito,1300,0,208,0
7132,2024-09-13,2024,9,September,Friday,False,37,16,tarde,Llevar,Edenred,1200,0,0,0
7133,2024-09-13,2024,9,September,Friday,False,37,16,tarde,Llevar,Efectivo,1300,0,208,0
7134,2024-09-13,2024,9,September,Friday,False,37,16,tarde,Llevar,Edenred,1300,0,0,0
7135,2024-09-13,2024,9,September,Friday,False,37,16,tarde,Llevar,Transferencia,42000,0,0,0
7136,2024-09-13,2024,9,September,Friday,False,37,16,tarde,Llevar,Debito,2000,0,319,0
7137,2024-09-13,2024,9,September,Friday,False,37,16,tarde,Servir,Efectivo,5500,0,878,0
7138,2024-09-13,2024,9,September,Friday,False,37,16,tarde,Llevar,Efectivo,1400,0,224,0
7139,2024-09-13,2024,9,September,Friday,False,37,16,tarde,Llevar,Efectivo,2200,0,0,0
7140,2024-09-13,2024,9,September,Friday,False,37,16,tarde,Llevar,Debito,2200,0,351,0
7141,2024-09-13,2024,9,September,Friday,False,37,17,tarde,Llevar,Debito,3200,0,511,0
7142,2024-09-13,2024,9,September,Friday,False,37,17,tarde,Servir,Efectivo,2200,0,351,0
7143,2024-09-13,2024,9,September,Friday,False,37,17,tarde,Servir,Debito,6900,0,1102,0
7144,2024-09-13,2024,9,September,Friday,False,37,17,tarde,Servir,Debito,18200,0,2906,0
7145,2024-09-13,2024,9,September,Friday,False,37,17,tarde,Servir,Debito,4600,0,734,0
7146,2024-09-13,2024,9,September,Friday,False,37,17,tarde,Llevar,Efectivo,2800,0,447,0
7147,2024-09-13,2024,9,September,Friday,False,37,17,tarde,Servir,Debito,3870,0,618,0
7148,2024-09-13,2024,9,September,Friday,False,37,17,tarde,Llevar,Efectivo,15100,0,2411,0
7149,2024-09-13,2024,9,September,Friday,False,37,17,tarde,Llevar,Efectivo,3500,0,559,0
7150,2024-09-13,2024,9,September,Friday,False,37,17,tarde,Llevar,Debito,25300,0,4039,0
7151,2024-09-13,2024,9,September,Friday,False,37,17,tarde,Llevar,Debito,1500,0,239,0
7152,2024-09-13,2024,9,September,Friday,False,37,17,tarde,Llevar,Debito,5200,0,830,0
7153,2024-09-13,2024,9,September,Friday,False,37,17,tarde,Llevar,Debito,3500,0,559,0
7154,2024-09-13,2024,9,September,Friday,False,37,17,tarde,Llevar,Debito,8400,0,1341,0
7155,2024-09-13,2024,9,September,Friday,False,37,17,tarde,Llevar,Debito,9000,0,1437,0
7156,2024-09-13,2024,9,September,Friday,False,37,18,tarde,Llevar,Debito,3500,0,559,0
7157,2024-09-13,2024,9,September,Friday,False,37,18,tarde,Servir,Debito,6300,0,1006,0
7158,2024-09-13,2024,9,September,Friday,False,37,18,tarde,Llevar,Debito,5600,0,894,0
7159,2024-09-13,2024,9,September,Friday,False,37,18,tarde,Llevar,Debito,3000,0,479,0
7160,2024-09-13,2024,9,September,Friday,False,37,18,tarde,Servir,Efectivo,15200,0,2427,0
7161,2024-09-13,2024,9,September,Friday,False,37,18,tarde,Llevar,Debito,2000,0,319,0
7162,2024-09-13,2024,9,September,Friday,False,37,18,tarde,Llevar,Debito,12401,0,1980,0
7163,2024-09-13,2024,9,September,Friday,False,37,18,tarde,Llevar,Debito,5400,0,862,0
7164,2024-09-13,2024,9,September,Friday,False,37,18,tarde,Llevar,Debito,4700,0,750,0
7165,2024-09-13,2024,9,September,Friday,False,37,18,tarde,Llevar,Edenred,5500,0,0,0
7166,2024-09-13,2024,9,September,Friday,False,37,19,cierre,Llevar,Debito,3000,0,479,0
7167,2024-09-13,2024,9,September,Friday,False,37,19,cierre,Llevar,Debito,3500,0,559,0
7168,2024-09-13,2024,9,September,Friday,False,37,19,cierre,Llevar,Debito,2600,0,415,0
7169,2024-09-13,2024,9,September,Friday,False,37,19,cierre,Servir,Efectivo,19800,0,3161,0
7170,2024-09-13,2024,9,September,Friday,False,37,19,cierre,Servir,Credito,8800,0,1405,0
7171,2024-09-13,2024,9,September,Friday,False,37,19,cierre,Servir,Debito,17800,0,2842,0
7172,2024-09-13,2024,9,September,Friday,False,37,19,cierre,Llevar,Credito,1400,0,224,0
7173,2024-09-13,2024,9,September,Friday,False,37,19,cierre,Servir,Credito,2000,0,319,0
7174,2024-09-13,2024,9,September,Friday,False,37,20,cierre,Llevar,Debito,15600,0,2491,0
7175,2024-09-13,2024,9,September,Friday,False,37,20,cierre,Llevar,Transferencia,8500,0,0,0
7176,2024-09-14,2024,9,September,Saturday,True,37,11,manana,Servir,Debito,9200,0,1469,0
7177,2024-09-14,2024,9,September,Saturday,True,37,11,manana,Llevar,Debito,4800,0,766,0
7178,2024-09-14,2024,9,September,Saturday,True,37,11,manana,Llevar,Debito,15000,0,2395,0
7179,2024-09-14,2024,9,September,Saturday,True,37,12,manana,Llevar,Edenred,3500,0,0,0
7180,2024-09-14,2024,9,September,Saturday,True,37,12,manana,Servir,Efectivo,11100,0,1772,0
7181,2024-09-14,2024,9,September,Saturday,True,37,12,manana,Llevar,Efectivo,3400,0,0,0
7182,2024-09-14,2024,9,September,Saturday,True,37,12,manana,Llevar,Efectivo,4500,0,718,0
7183,2024-09-14,2024,9,September,Saturday,True,37,13,almuerzo,Llevar,Debito,7300,0,1166,0
7184,2024-09-14,2024,9,September,Saturday,True,37,13,almuerzo,Llevar,Efectivo,7000,0,1118,0
7185,2024-09-14,2024,9,September,Saturday,True,37,13,almuerzo,Servir,Debito,16100,0,2571,1610
7186,2024-09-14,2024,9,September,Saturday,True,37,13,almuerzo,Llevar,Credito,7200,0,1150,0
7187,2024-09-14,2024,9,September,Saturday,True,37,14,almuerzo,Llevar,Debito,10300,0,1645,0
7188,2024-09-14,2024,9,September,Saturday,True,37,14,almuerzo,Llevar,Efectivo,5000,0,798,0
7189,2024-09-14,2024,9,September,Saturday,True,37,14,almuerzo,Servir,Debito,9500,0,1517,0
7190,2024-09-14,2024,9,September,Saturday,True,37,14,almuerzo,Llevar,Efectivo,5800,0,926,0
7191,2024-09-14,2024,9,September,Saturday,True,37,14,almuerzo,Llevar,Debito,4000,0,639,0
7192,2024-09-14,2024,9,September,Saturday,True,37,15,almuerzo,Llevar,Debito,19600,0,3129,0
7193,2024-09-14,2024,9,September,Saturday,True,37,16,tarde,Llevar,Debito,12600,0,2012,0
7194,2024-09-14,2024,9,September,Saturday,True,37,16,tarde,Llevar,Debito,7500,0,1197,0
7195,2024-09-14,2024,9,September,Saturday,True,37,16,tarde,Llevar,Debito,5700,0,910,0
7196,2024-09-14,2024,9,September,Saturday,True,37,16,tarde,Servir,Efectivo,5400,0,862,0
7197,2024-09-14,2024,9,September,Saturday,True,37,16,tarde,Llevar,Debito,6400,0,1022,0
7198,2024-09-14,2024,9,September,Saturday,True,37,16,tarde,Servir,Credito,5200,0,830,0
7199,2024-09-14,2024,9,September,Saturday,True,37,16,tarde,Llevar,Edenred,2000,0,0,0
7200,2024-09-14,2024,9,September,Saturday,True,37,16,tarde,Llevar,Credito,2000,0,319,0
7201,2024-09-14,2024,9,September,Saturday,True,37,16,tarde,Servir,Debito,5800,0,926,0
7202,2024-09-14,2024,9,September,Saturday,True,37,16,tarde,Llevar,Debito,8300,0,1325,0
7203,2024-09-14,2024,9,September,Saturday,True,37,17,tarde,Llevar,Efectivo,11000,0,1756,0
7204,2024-09-14,2024,9,September,Saturday,True,37,17,tarde,Llevar,Debito,5500,0,878,0
7205,2024-09-14,2024,9,September,Saturday,True,37,17,tarde,Llevar,Debito,2400,0,383,0
7206,2024-09-14,2024,9,September,Saturday,True,37,17,tarde,Llevar,Debito,7500,0,1197,0
7207,2024-09-14,2024,9,September,Saturday,True,37,17,tarde,Servir,Debito,9000,0,1437,0
7208,2024-09-14,2024,9,September,Saturday,True,37,17,tarde,Llevar,Debito,2000,0,319,0
7209,2024-09-14,2024,9,September,Saturday,True,37,17,tarde,Llevar,Debito,2600,0,415,0
7210,2024-09-14,2024,9,September,Saturday,True,37,17,tarde,Servir,Debito,2700,0,431,270
7211,2024-09-14,2024,9,September,Saturday,True,37,17,tarde,Llevar,Debito,15100,0,2411,0
7212,2024-09-14,2024,9,September,Saturday,True,37,17,tarde,Servir,Debito,14000,0,2235,0
7213,2024-09-14,2024,9,September,Saturday,True,37,17,tarde,Servir,Debito,2000,0,319,0
7214,2024-09-14,2024,9,September,Saturday,True,37,17,tarde,Llevar,Credito,5400,0,862,0
7215,2024-09-14,2024,9,September,Saturday,True,37,17,tarde,Llevar,Debito,4900,0,782,0
7216,2024-09-14,2024,9,September,Saturday,True,37,17,tarde,Llevar,Debito,4300,0,687,0
7217,2024-09-14,2024,9,September,Saturday,True,37,18,tarde,Servir,Debito,6800,0,1086,0
7218,2024-09-14,2024,9,September,Saturday,True,37,18,tarde,Llevar,Debito,18800,0,3002,0
7219,2024-09-14,2024,9,September,Saturday,True,37,18,tarde,Llevar,Debito,11500,0,1836,0
7220,2024-09-14,2024,9,September,Saturday,True,37,18,tarde,Llevar,Debito,6000,0,958,0
7221,2024-09-14,2024,9,September,Saturday,True,37,18,tarde,Llevar,Debito,2000,0,319,0
7222,2024-09-14,2024,9,September,Saturday,True,37,18,tarde,Llevar,Debito,3000,0,479,0
7223,2024-09-14,2024,9,September,Saturday,True,37,18,tarde,Servir,Efectivo,2700,0,431,270
7224,2024-09-14,2024,9,September,Saturday,True,37,19,cierre,Llevar,Efectivo,10500,0,1676,0
7225,2024-09-14,2024,9,September,Saturday,True,37,19,cierre,Llevar,Debito,2000,0,319,0
7226,2024-09-14,2024,9,September,Saturday,True,37,19,cierre,Llevar,Credito,18274,0,2918,0
7227,2024-09-14,2024,9,September,Saturday,True,37,19,cierre,Llevar,Credito,3500,0,559,0
7228,2024-09-14,2024,9,September,Saturday,True,37,19,cierre,Servir,Debito,8200,0,1309,0
7229,2024-09-14,2024,9,September,Saturday,True,37,19,cierre,Servir,Debito,4800,0,766,0
7230,2024-09-14,2024,9,September,Saturday,True,37,19,cierre,Llevar,Debito,12300,0,1964,0
7231,2024-09-14,2024,9,September,Saturday,True,37,20,cierre,Llevar,Debito,11600,0,1852,0
7232,2024-09-14,2024,9,September,Saturday,True,37,20,cierre,Llevar,Debito,1500,0,239,0
7233,2024-09-16,2024,9,September,Monday,False,38,10,manana,Llevar,Debito,4000,0,639,0
7234,2024-09-16,2024,9,September,Monday,False,38,11,manana,Llevar,Debito,5500,0,878,0
7235,2024-09-16,2024,9,September,Monday,False,38,11,manana,Servir,Debito,7700,0,1229,0
7236,2024-09-16,2024,9,September,Monday,False,38,12,manana,Servir,Debito,11300,0,1804,0
7237,2024-09-16,2024,9,September,Monday,False,38,12,manana,Llevar,Debito,6000,0,958,0
7238,2024-09-16,2024,9,September,Monday,False,38,12,manana,Llevar,Debito,3500,0,559,0
7239,2024-09-16,2024,9,September,Monday,False,38,13,almuerzo,Llevar,Debito,1200,0,192,0
7240,2024-09-16,2024,9,September,Monday,False,38,13,almuerzo,Llevar,Efectivo,7500,0,1197,0
7241,2024-09-16,2024,9,September,Monday,False,38,13,almuerzo,Llevar,Debito,5200,0,830,0
7242,2024-09-16,2024,9,September,Monday,False,38,13,almuerzo,Servir,Debito,10300,0,1645,0
7243,2024-09-16,2024,9,September,Monday,False,38,14,almuerzo,Servir,Debito,14300,0,2283,1430
7244,2024-09-16,2024,9,September,Monday,False,38,14,almuerzo,Llevar,Debito,2800,0,447,0
7245,2024-09-16,2024,9,September,Monday,False,38,14,almuerzo,Llevar,Debito,4000,0,639,0
7246,2024-09-16,2024,9,September,Monday,False,38,14,almuerzo,Llevar,Debito,5200,0,830,0
7247,2024-09-16,2024,9,September,Monday,False,38,15,almuerzo,Llevar,Debito,13500,0,2155,0
7248,2024-09-16,2024,9,September,Monday,False,38,15,almuerzo,Servir,Debito,9300,0,1485,0
7249,2024-09-16,2024,9,September,Monday,False,38,16,tarde,Llevar,Debito,5896,0,942,0
7250,2024-09-16,2024,9,September,Monday,False,38,16,tarde,Llevar,Efectivo,5600,0,894,0
7251,2024-09-16,2024,9,September,Monday,False,38,16,tarde,Llevar,Debito,13500,0,2155,0
7252,2024-09-16,2024,9,September,Monday,False,38,16,tarde,Servir,Debito,12900,0,2060,1290
7253,2024-09-16,2024,9,September,Monday,False,38,16,tarde,Llevar,Debito,8969,0,1432,0
7254,2024-09-16,2024,9,September,Monday,False,38,17,tarde,Servir,Debito,7200,0,1150,720
7255,2024-09-16,2024,9,September,Monday,False,38,17,tarde,Llevar,Debito,3000,0,479,0
7256,2024-09-16,2024,9,September,Monday,False,38,17,tarde,Llevar,Transferencia,8500,0,0,0
7257,2024-09-16,2024,9,September,Monday,False,38,17,tarde,Llevar,Efectivo,15900,0,2539,0
7258,2024-09-16,2024,9,September,Monday,False,38,17,tarde,Servir,Efectivo,42200,0,0,0
7259,2024-09-16,2024,9,September,Monday,False,38,17,tarde,Llevar,Debito,2000,0,319,0
7260,2024-09-16,2024,9,September,Monday,False,38,17,tarde,Servir,Debito,17400,0,0,0
7261,2024-09-16,2024,9,September,Monday,False,38,18,tarde,Servir,Debito,19000,0,3034,1900
7262,2024-09-16,2024,9,September,Monday,False,38,18,tarde,Llevar,Debito,15600,0,2491,0
7263,2024-09-16,2024,9,September,Monday,False,38,18,tarde,Llevar,Debito,18000,0,2874,0
7264,2024-09-16,2024,9,September,Monday,False,38,18,tarde,Llevar,Debito,4500,0,718,0
7265,2024-09-16,2024,9,September,Monday,False,38,18,tarde,Llevar,Debito,3000,0,479,0
7266,2024-09-16,2024,9,September,Monday,False,38,18,tarde,Llevar,Debito,2000,0,319,0
7267,2024-09-16,2024,9,September,Monday,False,38,18,tarde,Llevar,Debito,15000,0,2395,0
7268,2024-09-16,2024,9,September,Monday,False,38,18,tarde,Llevar,Debito,5500,0,878,0
7269,2024-09-16,2024,9,September,Monday,False,38,18,tarde,Servir,Credito,14700,0,2347,1470
7270,2024-09-16,2024,9,September,Monday,False,38,18,tarde,Llevar,Credito,3200,0,511,0
7271,2024-09-16,2024,9,September,Monday,False,38,18,tarde,Servir,Debito,9600,0,1533,0
7272,2024-09-16,2024,9,September,Monday,False,38,19,cierre,Llevar,Debito,4000,0,639,0
7273,2024-09-16,2024,9,September,Monday,False,38,19,cierre,Llevar,Efectivo,2000,0,0,0
7274,2024-09-17,2024,9,September,Tuesday,False,38,11,manana,Llevar,Efectivo,7500,0,1197,0
7275,2024-09-17,2024,9,September,Tuesday,False,38,11,manana,Llevar,Debito,3500,0,559,0
7276,2024-09-17,2024,9,September,Tuesday,False,38,12,manana,Llevar,Transferencia,16400,0,2618,0
7277,2024-09-17,2024,9,September,Tuesday,False,38,12,manana,Llevar,Efectivo,2000,0,319,0
7278,2024-09-17,2024,9,September,Tuesday,False,38,12,manana,Llevar,Debito,3500,0,559,0
7279,2024-09-17,2024,9,September,Tuesday,False,38,12,manana,Llevar,Debito,3000,0,479,0
7280,2024-09-17,2024,9,September,Tuesday,False,38,12,manana,Llevar,Debito,10650,0,1700,0
7281,2024-09-17,2024,9,September,Tuesday,False,38,12,manana,Llevar,Efectivo,14000,0,0,0
7282,2024-09-17,2024,9,September,Tuesday,False,38,12,manana,Llevar,Efectivo,1400,0,0,0
7283,2024-09-17,2024,9,September,Tuesday,False,38,12,manana,Llevar,Credito,7050,0,1126,0
7284,2024-09-17,2024,9,September,Tuesday,False,38,13,almuerzo,Llevar,Debito,6200,0,990,0
7285,2024-09-17,2024,9,September,Tuesday,False,38,13,almuerzo,Llevar,Efectivo,5500,0,878,0
7286,2024-09-17,2024,9,September,Tuesday,False,38,13,almuerzo,Servir,Efectivo,4000,0,639,0
7287,2024-09-17,2024,9,September,Tuesday,False,38,13,almuerzo,Llevar,Debito,11400,0,1820,0
7288,2024-09-17,2024,9,September,Tuesday,False,38,13,almuerzo,Llevar,Efectivo,3500,0,559,0
7289,2024-09-17,2024,9,September,Tuesday,False,38,13,almuerzo,Llevar,Debito,3500,0,559,0
7290,2024-09-17,2024,9,September,Tuesday,False,38,13,almuerzo,Llevar,Debito,2000,0,319,0
7292,2024-09-17,2024,9,September,Tuesday,False,38,14,almuerzo,Llevar,Debito,15600,0,2491,0
7293,2024-09-17,2024,9,September,Tuesday,False,38,14,almuerzo,Llevar,Efectivo,4300,0,687,0
7294,2024-09-17,2024,9,September,Tuesday,False,38,14,almuerzo,Llevar,Debito,7800,0,1245,0
7295,2024-09-17,2024,9,September,Tuesday,False,38,14,almuerzo,Llevar,Credito,12200,0,1948,0
7296,2024-09-17,2024,9,September,Tuesday,False,38,14,almuerzo,Servir,Efectivo,3500,0,559,0
7297,2024-09-17,2024,9,September,Tuesday,False,38,14,almuerzo,Servir,Edenred,9700,0,0,0
7298,2024-09-17,2024,9,September,Tuesday,False,38,14,almuerzo,Llevar,Debito,3500,0,559,0
7299,2024-09-17,2024,9,September,Tuesday,False,38,14,almuerzo,Servir,Edenred,7500,0,0,0
7300,2024-09-17,2024,9,September,Tuesday,False,38,14,almuerzo,Servir,Efectivo,7600,0,0,0
7301,2024-09-17,2024,9,September,Tuesday,False,38,14,almuerzo,Llevar,Debito,50300,0,0,0
7302,2024-09-17,2024,9,September,Tuesday,False,38,14,almuerzo,Servir,Debito,15400,0,2459,0
7303,2024-09-17,2024,9,September,Tuesday,False,38,14,almuerzo,Llevar,Debito,2000,0,319,0
7304,2024-09-17,2024,9,September,Tuesday,False,38,15,almuerzo,Llevar,Debito,7500,0,1197,0
7305,2024-09-17,2024,9,September,Tuesday,False,38,15,almuerzo,Llevar,Efectivo,5400,600,862,0
7306,2024-09-17,2024,9,September,Tuesday,False,38,15,almuerzo,Llevar,Transferencia,15600,0,2491,0
7307,2024-09-17,2024,9,September,Tuesday,False,38,15,almuerzo,Llevar,Debito,5500,0,878,0
7308,2024-09-17,2024,9,September,Tuesday,False,38,15,almuerzo,Llevar,Debito,12400,0,1980,0
7309,2024-09-17,2024,9,September,Tuesday,False,38,16,tarde,Llevar,Debito,2000,0,0,0
7310,2024-09-17,2024,9,September,Tuesday,False,38,16,tarde,Llevar,Debito,3000,0,479,0
7311,2024-09-17,2024,9,September,Tuesday,False,38,16,tarde,Llevar,Debito,11660,0,1862,0
7312,2024-09-20,2024,9,September,Friday,False,38,13,almuerzo,Llevar,Debito,8700,0,1389,0
7313,2024-09-20,2024,9,September,Friday,False,38,14,almuerzo,Servir,Debito,3500,0,559,0
7314,2024-09-20,2024,9,September,Friday,False,38,15,almuerzo,Llevar,Debito,11000,0,1756,0
7315,2024-09-20,2024,9,September,Friday,False,38,16,tarde,Llevar,Debito,5700,0,910,0
7316,2024-09-20,2024,9,September,Friday,False,38,16,tarde,Llevar,Debito,7500,0,1197,0
7317,2024-09-20,2024,9,September,Friday,False,38,17,tarde,Llevar,Debito,10800,0,1724,0
7318,2024-09-20,2024,9,September,Friday,False,38,17,tarde,Llevar,Credito,6000,0,958,0
7319,2024-09-20,2024,9,September,Friday,False,38,17,tarde,Llevar,Efectivo,8200,0,1309,0
7320,2024-09-20,2024,9,September,Friday,False,38,17,tarde,Llevar,Efectivo,2000,0,319,0
7321,2024-09-20,2024,9,September,Friday,False,38,18,tarde,Llevar,Debito,8600,0,1373,0
7322,2024-09-20,2024,9,September,Friday,False,38,18,tarde,Llevar,Debito,7500,0,1197,0
7323,2024-09-20,2024,9,September,Friday,False,38,20,cierre,Llevar,Efectivo,2000,0,319,0
7324,2024-09-21,2024,9,September,Saturday,True,38,12,manana,Llevar,Debito,2000,0,319,0
7325,2024-09-21,2024,9,September,Saturday,True,38,12,manana,Llevar,Efectivo,10000,0,1597,0
7326,2024-09-21,2024,9,September,Saturday,True,38,14,almuerzo,Servir,Debito,8200,0,1309,820
7327,2024-09-21,2024,9,September,Saturday,True,38,14,almuerzo,Llevar,Efectivo,10000,0,0,0
7328,2024-09-21,2024,9,September,Saturday,True,38,14,almuerzo,Llevar,Debito,2000,0,319,0
7329,2024-09-21,2024,9,September,Saturday,True,38,15,almuerzo,Llevar,Debito,7500,0,1197,0
7330,2024-09-21,2024,9,September,Saturday,True,38,15,almuerzo,Llevar,Debito,5600,0,894,0
7331,2024-09-21,2024,9,September,Saturday,True,38,15,almuerzo,Llevar,Efectivo,1400,0,0,0
7332,2024-09-21,2024,9,September,Saturday,True,38,15,almuerzo,Llevar,Debito,3500,0,559,0
7333,2024-09-21,2024,9,September,Saturday,True,38,15,almuerzo,Llevar,Debito,15300,0,2443,0
7334,2024-09-21,2024,9,September,Saturday,True,38,15,almuerzo,Servir,Efectivo,18700,0,2986,1870
7335,2024-09-21,2024,9,September,Saturday,True,38,16,tarde,Servir,Debito,5900,0,942,0
7336,2024-09-21,2024,9,September,Saturday,True,38,16,tarde,Servir,Efectivo,5000,0,0,0
7337,2024-09-21,2024,9,September,Saturday,True,38,16,tarde,Servir,Debito,3000,0,479,0
7338,2024-09-21,2024,9,September,Saturday,True,38,16,tarde,Servir,Credito,10700,0,1708,0
7340,2024-09-21,2024,9,September,Saturday,True,38,17,tarde,Llevar,Debito,3200,0,511,0
7341,2024-09-21,2024,9,September,Saturday,True,38,17,tarde,Llevar,Efectivo,4200,0,671,0
7342,2024-09-21,2024,9,September,Saturday,True,38,17,tarde,Llevar,Debito,2900,0,463,0
7343,2024-09-21,2024,9,September,Saturday,True,38,17,tarde,Llevar,Debito,11000,0,1756,0
7344,2024-09-21,2024,9,September,Saturday,True,38,17,tarde,Llevar,Credito,6900,0,1102,0
7345,2024-09-21,2024,9,September,Saturday,True,38,17,tarde,Servir,Debito,3200,0,511,0
7346,2024-09-21,2024,9,September,Saturday,True,38,17,tarde,Llevar,Debito,8900,0,1421,0
7347,2024-09-21,2024,9,September,Saturday,True,38,18,tarde,Llevar,Debito,3200,0,511,0
7348,2024-09-21,2024,9,September,Saturday,True,38,18,tarde,Llevar,Debito,3200,0,511,0
7349,2024-09-21,2024,9,September,Saturday,True,38,18,tarde,Servir,Debito,12600,0,2012,0
7350,2024-09-21,2024,9,September,Saturday,True,38,19,cierre,Llevar,Credito,6700,0,1070,0
7351,2024-09-21,2024,9,September,Saturday,True,38,19,cierre,Llevar,Credito,3000,0,0,0
7352,2024-09-21,2024,9,September,Saturday,True,38,19,cierre,Llevar,Debito,7000,0,1118,0
7353,2024-09-21,2024,9,September,Saturday,True,38,20,cierre,Llevar,Efectivo,8000,0,1277,0
7354,2024-09-21,2024,9,September,Saturday,True,38,21,cierre,Llevar,Debito,7200,0,1150,0
7355,2024-09-21,2024,9,September,Saturday,True,38,21,cierre,Llevar,Debito,14400,0,2299,0
7356,2024-09-23,2024,9,September,Monday,False,39,10,manana,Llevar,Debito,5500,0,878,0
7357,2024-09-23,2024,9,September,Monday,False,39,11,manana,Llevar,Credito,4400,0,703,0
7358,2024-09-23,2024,9,September,Monday,False,39,11,manana,Servir,Debito,11000,0,1756,0
7359,2024-09-23,2024,9,September,Monday,False,39,12,manana,Servir,Debito,5200,0,830,0
7360,2024-09-23,2024,9,September,Monday,False,39,13,almuerzo,Llevar,Debito,1400,0,224,0
7361,2024-09-23,2024,9,September,Monday,False,39,13,almuerzo,Llevar,Debito,3400,0,543,0
7362,2024-09-23,2024,9,September,Monday,False,39,13,almuerzo,Servir,Credito,14300,0,2283,1430
7363,2024-09-23,2024,9,September,Monday,False,39,13,almuerzo,Llevar,Debito,2800,0,447,0
7364,2024-09-23,2024,9,September,Monday,False,39,14,almuerzo,Servir,Debito,3500,0,559,0
7365,2024-09-23,2024,9,September,Monday,False,39,14,almuerzo,Llevar,Debito,3500,0,559,0
7366,2024-09-23,2024,9,September,Monday,False,39,14,almuerzo,Llevar,Debito,2000,0,319,0
7367,2024-09-23,2024,9,September,Monday,False,39,14,almuerzo,Servir,Debito,5200,0,830,520
7368,2024-09-23,2024,9,September,Monday,False,39,14,almuerzo,Llevar,Debito,1500,0,239,0
7369,2024-09-23,2024,9,September,Monday,False,39,15,almuerzo,Llevar,Efectivo,6000,0,958,0
7370,2024-09-23,2024,9,September,Monday,False,39,16,tarde,Llevar,Debito,2000,0,319,0
7371,2024-09-23,2024,9,September,Monday,False,39,16,tarde,Llevar,Debito,1500,0,239,0
7372,2024-09-23,2024,9,September,Monday,False,39,16,tarde,Servir,Transferencia,7200,0,1150,0
7373,2024-09-23,2024,9,September,Monday,False,39,16,tarde,Llevar,Debito,2000,0,319,0
7374,2024-09-23,2024,9,September,Monday,False,39,16,tarde,Llevar,Debito,4400,0,703,0
7375,2024-09-23,2024,9,September,Monday,False,39,17,tarde,Llevar,Debito,8000,0,0,0
7376,2024-09-23,2024,9,September,Monday,False,39,17,tarde,Llevar,Debito,3200,0,511,0
7377,2024-09-23,2024,9,September,Monday,False,39,17,tarde,Llevar,Efectivo,2000,0,319,0
7378,2024-09-23,2024,9,September,Monday,False,39,17,tarde,Llevar,Debito,1390,0,222,0
7379,2024-09-23,2024,9,September,Monday,False,39,17,tarde,Llevar,Debito,2000,0,319,0
7380,2024-09-23,2024,9,September,Monday,False,39,17,tarde,Llevar,Debito,4000,0,639,0
7381,2024-09-23,2024,9,September,Monday,False,39,18,tarde,Servir,Debito,8800,0,1405,880
7382,2024-09-23,2024,9,September,Monday,False,39,18,tarde,Llevar,Efectivo,1400,0,0,0
7383,2024-09-23,2024,9,September,Monday,False,39,18,tarde,Llevar,Debito,2908,0,464,0
7384,2024-09-23,2024,9,September,Monday,False,39,18,tarde,Servir,Debito,6700,0,1070,0
7385,2024-09-23,2024,9,September,Monday,False,39,18,tarde,Llevar,Debito,7412,0,1183,0
7386,2024-09-23,2024,9,September,Monday,False,39,18,tarde,Llevar,Debito,3000,0,479,0
7387,2024-09-23,2024,9,September,Monday,False,39,18,tarde,Llevar,Debito,2000,0,319,0
7388,2024-09-23,2024,9,September,Monday,False,39,18,tarde,Llevar,Credito,2800,0,447,0
7389,2024-09-23,2024,9,September,Monday,False,39,18,tarde,Llevar,Debito,2900,0,463,0
7390,2024-09-23,2024,9,September,Monday,False,39,18,tarde,Llevar,Debito,7000,0,1118,0
7391,2024-09-23,2024,9,September,Monday,False,39,19,cierre,Llevar,Debito,4808,0,768,0
7392,2024-09-23,2024,9,September,Monday,False,39,19,cierre,Llevar,Debito,2000,0,319,0
7393,2024-09-23,2024,9,September,Monday,False,39,19,cierre,Llevar,Efectivo,2000,0,0,0
7394,2024-09-23,2024,9,September,Monday,False,39,19,cierre,Llevar,Debito,7500,0,1197,0
7395,2024-09-23,2024,9,September,Monday,False,39,19,cierre,Llevar,Credito,7600,0,1213,0
7396,2024-09-23,2024,9,September,Monday,False,39,19,cierre,Llevar,Debito,9500,0,1517,0
7397,2024-09-23,2024,9,September,Monday,False,39,19,cierre,Llevar,Debito,2000,0,319,0
7398,2024-09-23,2024,9,September,Monday,False,39,19,cierre,Llevar,Debito,10000,0,1597,0
7399,2024-09-23,2024,9,September,Monday,False,39,19,cierre,Servir,Debito,1000,0,160,0
7400,2024-09-23,2024,9,September,Monday,False,39,19,cierre,Llevar,Debito,4000,0,639,0
7401,2024-09-24,2024,9,September,Tuesday,False,39,11,manana,Llevar,Debito,7500,0,1197,0
7402,2024-09-24,2024,9,September,Tuesday,False,39,11,manana,Servir,Efectivo,2800,0,447,0
7403,2024-09-24,2024,9,September,Tuesday,False,39,11,manana,Servir,Efectivo,6800,0,1086,0
7404,2024-09-24,2024,9,September,Tuesday,False,39,11,manana,Servir,Debito,10300,0,1645,0
7405,2024-09-24,2024,9,September,Tuesday,False,39,11,manana,Servir,Debito,9500,0,1517,0
7406,2024-09-24,2024,9,September,Tuesday,False,39,12,manana,Llevar,Credito,3500,0,559,0
7407,2024-09-24,2024,9,September,Tuesday,False,39,13,almuerzo,Llevar,Debito,3500,0,559,0
7408,2024-09-24,2024,9,September,Tuesday,False,39,14,almuerzo,Llevar,Efectivo,3000,0,479,0
7409,2024-09-24,2024,9,September,Tuesday,False,39,14,almuerzo,Servir,Efectivo,12000,0,1916,0
7410,2024-09-24,2024,9,September,Tuesday,False,39,14,almuerzo,Llevar,Debito,2700,0,431,0
7411,2024-09-24,2024,9,September,Tuesday,False,39,14,almuerzo,Llevar,Transferencia,42000,0,0,0
7412,2024-09-24,2024,9,September,Tuesday,False,39,15,almuerzo,Servir,Efectivo,7500,0,1197,0
7413,2024-09-24,2024,9,September,Tuesday,False,39,15,almuerzo,Servir,Debito,16000,0,2555,0
7414,2024-09-24,2024,9,September,Tuesday,False,39,16,tarde,Servir,Debito,8000,0,1277,0
7415,2024-09-24,2024,9,September,Tuesday,False,39,16,tarde,Servir,Debito,4000,0,639,0
7416,2024-09-24,2024,9,September,Tuesday,False,39,16,tarde,Llevar,Sodexo,12500,0,0,0
7417,2024-09-24,2024,9,September,Tuesday,False,39,16,tarde,Llevar,Sodexo,4000,0,0,0
7418,2024-09-24,2024,9,September,Tuesday,False,39,16,tarde,Servir,Debito,4000,0,639,0
7419,2024-09-24,2024,9,September,Tuesday,False,39,16,tarde,Llevar,Credito,9000,0,1437,0
7420,2024-09-24,2024,9,September,Tuesday,False,39,17,tarde,Servir,Efectivo,24500,0,3912,0
7421,2024-09-24,2024,9,September,Tuesday,False,39,17,tarde,Llevar,Debito,5500,0,878,0
7422,2024-09-24,2024,9,September,Tuesday,False,39,17,tarde,Llevar,Efectivo,2500,0,0,0
7423,2024-09-24,2024,9,September,Tuesday,False,39,17,tarde,Servir,Efectivo,10800,0,1724,0
7424,2024-09-24,2024,9,September,Tuesday,False,39,17,tarde,Servir,Debito,4186,0,668,0
7425,2024-09-24,2024,9,September,Tuesday,False,39,17,tarde,Llevar,Debito,4300,0,687,0
7426,2024-09-24,2024,9,September,Tuesday,False,39,18,tarde,Servir,Debito,13800,0,2203,0
7427,2024-09-24,2024,9,September,Tuesday,False,39,18,tarde,Llevar,Debito,3500,0,559,0
7428,2024-09-24,2024,9,September,Tuesday,False,39,18,tarde,Servir,Debito,7500,0,1197,0
7429,2024-09-24,2024,9,September,Tuesday,False,39,18,tarde,Servir,Debito,3400,0,543,0
7430,2024-09-24,2024,9,September,Tuesday,False,39,18,tarde,Servir,Efectivo,6200,0,990,0
7431,2024-09-24,2024,9,September,Tuesday,False,39,18,tarde,Llevar,Debito,3200,0,511,0
7432,2024-09-24,2024,9,September,Tuesday,False,39,18,tarde,Servir,Debito,23200,0,3704,0
7433,2024-09-24,2024,9,September,Tuesday,False,39,18,tarde,Llevar,Debito,3500,0,559,0
7434,2024-09-24,2024,9,September,Tuesday,False,39,18,tarde,Llevar,Debito,7300,0,1166,0
7435,2024-09-24,2024,9,September,Tuesday,False,39,18,tarde,Llevar,Efectivo,4910,0,784,0
7436,2024-09-24,2024,9,September,Tuesday,False,39,18,tarde,Llevar,Debito,4500,0,718,0
7437,2024-09-24,2024,9,September,Tuesday,False,39,18,tarde,Llevar,Debito,6000,0,958,0
7438,2024-09-24,2024,9,September,Tuesday,False,39,19,cierre,Llevar,Efectivo,2000,0,319,0
7439,2024-09-24,2024,9,September,Tuesday,False,39,19,cierre,Llevar,Debito,2000,0,319,0
7440,2024-09-24,2024,9,September,Tuesday,False,39,19,cierre,Servir,Efectivo,2000,0,0,0
7441,2024-09-24,2024,9,September,Tuesday,False,39,19,cierre,Llevar,Debito,9600,0,1533,0
7442,2024-09-24,2024,9,September,Tuesday,False,39,19,cierre,Llevar,Debito,3000,0,479,0
7443,2024-09-24,2024,9,September,Tuesday,False,39,19,cierre,Llevar,Debito,1400,0,224,0
7444,2024-09-24,2024,9,September,Tuesday,False,39,19,cierre,Llevar,Debito,6300,0,1006,0
7445,2024-09-24,2024,9,September,Tuesday,False,39,19,cierre,Llevar,Debito,3500,0,559,0
7446,2024-09-24,2024,9,September,Tuesday,False,39,19,cierre,Llevar,Debito,3000,0,479,0
7447,2024-09-24,2024,9,September,Tuesday,False,39,19,cierre,Servir,Efectivo,3000,0,479,0
7448,2024-09-24,2024,9,September,Tuesday,False,39,19,cierre,Llevar,Debito,7500,0,1197,0
7449,2024-09-24,2024,9,September,Tuesday,False,39,19,cierre,Servir,Efectivo,5000,0,798,0
7450,2024-09-24,2024,9,September,Tuesday,False,39,19,cierre,Servir,Debito,3000,0,479,0
7451,2024-09-24,2024,9,September,Tuesday,False,39,19,cierre,Servir,Debito,1500,0,239,0
7452,2024-09-24,2024,9,September,Tuesday,False,39,19,cierre,Servir,Efectivo,1500,0,239,0
7453,2024-09-24,2024,9,September,Tuesday,False,39,20,cierre,Servir,Debito,4700,0,750,0
7454,2024-09-25,2024,9,September,Wednesday,False,39,11,manana,Servir,Debito,9600,0,1533,0
7455,2024-09-25,2024,9,September,Wednesday,False,39,11,manana,Llevar,Debito,7600,0,1213,0
7456,2024-09-25,2024,9,September,Wednesday,False,39,11,manana,Servir,Debito,5400,0,862,0
7457,2024-09-25,2024,9,September,Wednesday,False,39,11,manana,Llevar,Efectivo,3200,0,511,0
7458,2024-09-25,2024,9,September,Wednesday,False,39,12,manana,Llevar,Debito,3700,0,591,0
7459,2024-09-25,2024,9,September,Wednesday,False,39,12,manana,Llevar,Debito,14900,0,0,0
7460,2024-09-25,2024,9,September,Wednesday,False,39,12,manana,Llevar,Debito,1500,0,239,0
7461,2024-09-25,2024,9,September,Wednesday,False,39,12,manana,Llevar,Debito,4800,0,766,0
7462,2024-09-25,2024,9,September,Wednesday,False,39,12,manana,Servir,Efectivo,14900,0,0,0
7463,2024-09-25,2024,9,September,Wednesday,False,39,12,manana,Llevar,Debito,9000,0,1437,0
7464,2024-09-25,2024,9,September,Wednesday,False,39,13,almuerzo,Llevar,Debito,9700,0,1549,0
7465,2024-09-25,2024,9,September,Wednesday,False,39,14,almuerzo,Llevar,Debito,2900,0,0,0
7466,2024-09-25,2024,9,September,Wednesday,False,39,14,almuerzo,Llevar,Efectivo,5600,0,0,0
7467,2024-09-25,2024,9,September,Wednesday,False,39,14,almuerzo,Servir,Efectivo,1500,0,0,0
7468,2024-09-25,2024,9,September,Wednesday,False,39,14,almuerzo,Llevar,Debito,4900,0,782,0
7469,2024-09-25,2024,9,September,Wednesday,False,39,15,almuerzo,Servir,Debito,12000,0,1916,0
7470,2024-09-25,2024,9,September,Wednesday,False,39,15,almuerzo,Servir,Debito,16400,0,2618,0
7471,2024-09-25,2024,9,September,Wednesday,False,39,16,tarde,Llevar,Debito,7000,0,1118,0
7472,2024-09-25,2024,9,September,Wednesday,False,39,16,tarde,Llevar,Efectivo,1500,0,0,0
7473,2024-09-25,2024,9,September,Wednesday,False,39,16,tarde,Llevar,Debito,2800,0,447,0
7474,2024-09-25,2024,9,September,Wednesday,False,39,16,tarde,Llevar,Efectivo,4900,0,782,0
7475,2024-09-25,2024,9,September,Wednesday,False,39,17,tarde,Llevar,Efectivo,2200,0,351,0
7476,2024-09-25,2024,9,September,Wednesday,False,39,17,tarde,Llevar,Debito,4309,0,0,0
7477,2024-09-25,2024,9,September,Wednesday,False,39,17,tarde,Llevar,Debito,3400,0,543,0
7478,2024-09-25,2024,9,September,Wednesday,False,39,17,tarde,Llevar,Efectivo,5400,0,862,0
7479,2024-09-25,2024,9,September,Wednesday,False,39,17,tarde,Servir,Sodexo,13800,0,0,0
7480,2024-09-25,2024,9,September,Wednesday,False,39,17,tarde,Llevar,Efectivo,1000,0,0,0
7481,2024-09-25,2024,9,September,Wednesday,False,39,17,tarde,Llevar,Debito,2000,0,319,0
7482,2024-09-25,2024,9,September,Wednesday,False,39,17,tarde,Llevar,Debito,2800,0,447,0
7483,2024-09-25,2024,9,September,Wednesday,False,39,17,tarde,Llevar,Debito,5500,0,878,0
7484,2024-09-25,2024,9,September,Wednesday,False,39,17,tarde,Servir,Efectivo,6500,0,1038,0
7485,2024-09-25,2024,9,September,Wednesday,False,39,18,tarde,Llevar,Debito,2000,0,319,0
7486,2024-09-25,2024,9,September,Wednesday,False,39,18,tarde,Llevar,Debito,4900,0,782,0
7487,2024-09-25,2024,9,September,Wednesday,False,39,18,tarde,Llevar,Credito,2900,0,463,0
7488,2024-09-25,2024,9,September,Wednesday,False,39,18,tarde,Llevar,Debito,4900,0,782,0
7489,2024-09-25,2024,9,September,Wednesday,False,39,18,tarde,Llevar,Efectivo,4400,0,0,0
7490,2024-09-25,2024,9,September,Wednesday,False,39,18,tarde,Llevar,Efectivo,3100,0,495,0
7491,2024-09-25,2024,9,September,Wednesday,False,39,18,tarde,Llevar,Credito,7300,0,1166,0
7492,2024-09-25,2024,9,September,Wednesday,False,39,18,tarde,Servir,Efectivo,13400,0,2139,0
7493,2024-09-25,2024,9,September,Wednesday,False,39,18,tarde,Llevar,Debito,2900,0,463,0
7494,2024-09-25,2024,9,September,Wednesday,False,39,18,tarde,Llevar,Debito,5500,0,878,0
7495,2024-09-25,2024,9,September,Wednesday,False,39,19,cierre,Servir,Debito,1000,0,160,0
7496,2024-09-25,2024,9,September,Wednesday,False,39,19,cierre,Llevar,Debito,8900,0,1421,0
7497,2024-09-25,2024,9,September,Wednesday,False,39,19,cierre,Servir,Credito,15400,0,2459,0
7498,2024-09-25,2024,9,September,Wednesday,False,39,19,cierre,Servir,Debito,20200,0,3225,0
7499,2024-09-25,2024,9,September,Wednesday,False,39,19,cierre,Llevar,Debito,5800,0,926,0
7500,2024-09-25,2024,9,September,Wednesday,False,39,19,cierre,Llevar,Debito,6200,0,990,0
7501,2024-09-25,2024,9,September,Wednesday,False,39,19,cierre,Servir,Debito,3100,0,495,0
7502,2024-09-25,2024,9,September,Wednesday,False,39,20,cierre,Llevar,Debito,4000,0,639,0
7503,2024-09-25,2024,9,September,Wednesday,False,39,20,cierre,Llevar,Debito,2000,0,0,0
7504,2024-09-26,2024,9,September,Thursday,False,39,10,manana,Llevar,Debito,4200,0,671,0
7505,2024-09-26,2024,9,September,Thursday,False,39,10,manana,Llevar,Debito,5500,0,878,0
7506,2024-09-26,2024,9,September,Thursday,False,39,10,manana,Llevar,Debito,5400,0,862,0
7507,2024-09-26,2024,9,September,Thursday,False,39,10,manana,Servir,Debito,4300,0,687,0
7508,2024-09-26,2024,9,September,Thursday,False,39,11,manana,Llevar,Debito,4600,0,734,0
7509,2024-09-26,2024,9,September,Thursday,False,39,11,manana,Servir,Credito,5400,0,862,0
7510,2024-09-26,2024,9,September,Thursday,False,39,12,manana,Llevar,Debito,3100,0,495,0
7511,2024-09-26,2024,9,September,Thursday,False,39,12,manana,Llevar,Debito,4900,0,782,0
7512,2024-09-26,2024,9,September,Thursday,False,39,12,manana,Llevar,Debito,5600,0,894,0
7513,2024-09-26,2024,9,September,Thursday,False,39,12,manana,Llevar,Debito,3900,0,623,0
7514,2024-09-26,2024,9,September,Thursday,False,39,12,manana,Servir,Efectivo,7400,0,1182,0
7515,2024-09-26,2024,9,September,Thursday,False,39,13,almuerzo,Servir,Debito,2000,0,319,0
7516,2024-09-26,2024,9,September,Thursday,False,39,13,almuerzo,Servir,Debito,1500,0,239,0
7517,2024-09-26,2024,9,September,Thursday,False,39,13,almuerzo,Llevar,Efectivo,6000,0,958,0
7518,2024-09-26,2024,9,September,Thursday,False,39,14,almuerzo,Servir,Efectivo,2000,0,319,0
7519,2024-09-26,2024,9,September,Thursday,False,39,14,almuerzo,Servir,Debito,2900,0,463,0
7520,2024-09-26,2024,9,September,Thursday,False,39,14,almuerzo,Llevar,Debito,1400,0,224,0
7521,2024-09-26,2024,9,September,Thursday,False,39,14,almuerzo,Llevar,Debito,4200,0,671,0
7522,2024-09-26,2024,9,September,Thursday,False,39,16,tarde,Llevar,Debito,3100,0,495,0
7523,2024-09-26,2024,9,September,Thursday,False,39,16,tarde,Servir,Efectivo,11700,0,1868,0
7524,2024-09-26,2024,9,September,Thursday,False,39,16,tarde,Llevar,Debito,9000,0,1437,0
7525,2024-09-26,2024,9,September,Thursday,False,39,16,tarde,Llevar,Efectivo,1400,0,0,0
7526,2024-09-26,2024,9,September,Thursday,False,39,16,tarde,Servir,Debito,7500,0,1197,0
7527,2024-09-26,2024,9,September,Thursday,False,39,16,tarde,Llevar,Debito,3500,0,559,0
7528,2024-09-26,2024,9,September,Thursday,False,39,16,tarde,Servir,Debito,7500,0,1197,0
7529,2024-09-26,2024,9,September,Thursday,False,39,16,tarde,Servir,Efectivo,13100,0,2092,0
7530,2024-09-26,2024,9,September,Thursday,False,39,17,tarde,Llevar,Credito,9700,0,1549,0
7531,2024-09-26,2024,9,September,Thursday,False,39,17,tarde,Servir,Efectivo,11500,0,1836,0
7532,2024-09-26,2024,9,September,Thursday,False,39,17,tarde,Llevar,Debito,2000,0,319,0
7533,2024-09-26,2024,9,September,Thursday,False,39,17,tarde,Servir,Debito,5000,0,798,0
7534,2024-09-26,2024,9,September,Thursday,False,39,17,tarde,Llevar,Debito,5200,0,830,0
7535,2024-09-26,2024,9,September,Thursday,False,39,17,tarde,Llevar,Efectivo,4000,0,639,0
7536,2024-09-26,2024,9,September,Thursday,False,39,17,tarde,Llevar,Debito,5500,0,878,0
7537,2024-09-26,2024,9,September,Thursday,False,39,17,tarde,Llevar,Efectivo,2700,0,431,0
7538,2024-09-26,2024,9,September,Thursday,False,39,17,tarde,Servir,Debito,18700,0,2986,0
7539,2024-09-26,2024,9,September,Thursday,False,39,18,tarde,Llevar,Efectivo,1000,0,160,0
7541,2024-09-26,2024,9,September,Thursday,False,39,18,tarde,Servir,Edenred,6700,0,0,0
7542,2024-09-26,2024,9,September,Thursday,False,39,18,tarde,Servir,Credito,11000,0,1756,0
7543,2024-09-26,2024,9,September,Thursday,False,39,18,tarde,Llevar,Debito,7000,0,1118,0
7544,2024-09-26,2024,9,September,Thursday,False,39,18,tarde,Servir,Debito,12300,0,1964,0
7545,2024-09-26,2024,9,September,Thursday,False,39,18,tarde,Llevar,Debito,2500,0,399,0
7546,2024-09-26,2024,9,September,Thursday,False,39,18,tarde,Llevar,Debito,6500,0,1038,0
7547,2024-09-26,2024,9,September,Thursday,False,39,18,tarde,Llevar,Debito,5000,0,798,0
7548,2024-09-26,2024,9,September,Thursday,False,39,18,tarde,Llevar,Efectivo,2700,0,431,0
7549,2024-09-26,2024,9,September,Thursday,False,39,18,tarde,Servir,Debito,14720,0,2350,0
7550,2024-09-26,2024,9,September,Thursday,False,39,19,cierre,Servir,Efectivo,10560,0,1686,0
7551,2024-09-26,2024,9,September,Thursday,False,39,19,cierre,Llevar,Efectivo,2000,0,319,0
7552,2024-09-26,2024,9,September,Thursday,False,39,19,cierre,Llevar,Debito,4000,0,639,0
7553,2024-09-26,2024,9,September,Thursday,False,39,19,cierre,Llevar,Debito,3500,0,559,0
7554,2024-09-26,2024,9,September,Thursday,False,39,19,cierre,Llevar,Credito,1000,0,160,0
7555,2024-09-26,2024,9,September,Thursday,False,39,19,cierre,Servir,Efectivo,11260,0,1798,0
7556,2024-09-26,2024,9,September,Thursday,False,39,19,cierre,Llevar,Debito,7671,0,1225,0
7557,2024-09-26,2024,9,September,Thursday,False,39,19,cierre,Llevar,Debito,1000,0,160,0
7558,2024-09-26,2024,9,September,Thursday,False,39,19,cierre,Llevar,Debito,17300,0,2762,0
7559,2024-09-26,2024,9,September,Thursday,False,39,19,cierre,Llevar,Credito,2000,0,319,0
7560,2024-09-26,2024,9,September,Thursday,False,39,19,cierre,Servir,Debito,14000,0,2235,0
7561,2024-09-26,2024,9,September,Thursday,False,39,19,cierre,Servir,Debito,11000,0,1756,0
7562,2024-09-26,2024,9,September,Thursday,False,39,20,cierre,Servir,Debito,17600,0,2810,0
7563,2024-09-26,2024,9,September,Thursday,False,39,20,cierre,Llevar,Debito,4530,0,723,0
7564,2024-09-27,2024,9,September,Friday,False,39,11,manana,Servir,Debito,5100,0,814,0
7565,2024-09-27,2024,9,September,Friday,False,39,11,manana,Llevar,Debito,2800,0,447,0
7566,2024-09-27,2024,9,September,Friday,False,39,11,manana,Servir,Debito,1500,0,239,0
7567,2024-09-27,2024,9,September,Friday,False,39,11,manana,Llevar,Debito,5900,0,0,0
7568,2024-09-27,2024,9,September,Friday,False,39,11,manana,Servir,Credito,8400,0,1341,0
7569,2024-09-27,2024,9,September,Friday,False,39,12,manana,Llevar,Debito,4000,0,639,0
7570,2024-09-27,2024,9,September,Friday,False,39,12,manana,Servir,Efectivo,3500,0,0,0
7571,2024-09-27,2024,9,September,Friday,False,39,12,manana,Servir,Efectivo,13600,0,2171,0
7572,2024-09-27,2024,9,September,Friday,False,39,13,almuerzo,Llevar,Debito,6200,0,990,0
7573,2024-09-27,2024,9,September,Friday,False,39,14,almuerzo,Llevar,Credito,3500,0,559,0
7574,2024-09-27,2024,9,September,Friday,False,39,14,almuerzo,Llevar,Debito,7500,0,1197,0
7575,2024-09-27,2024,9,September,Friday,False,39,14,almuerzo,Servir,Efectivo,4500,0,718,0
7576,2024-09-27,2024,9,September,Friday,False,39,14,almuerzo,Llevar,Debito,2800,0,447,0
7577,2024-09-27,2024,9,September,Friday,False,39,15,almuerzo,Llevar,Debito,2200,0,351,0
7578,2024-09-27,2024,9,September,Friday,False,39,15,almuerzo,Llevar,Efectivo,3100,0,495,0
7579,2024-09-27,2024,9,September,Friday,False,39,15,almuerzo,Llevar,Debito,13200,0,2108,0
7580,2024-09-27,2024,9,September,Friday,False,39,15,almuerzo,Llevar,Efectivo,4600,0,734,0
7581,2024-09-27,2024,9,September,Friday,False,39,15,almuerzo,Llevar,Debito,5500,0,878,0
7582,2024-09-27,2024,9,September,Friday,False,39,15,almuerzo,Servir,Debito,13200,0,0,0
7583,2024-09-27,2024,9,September,Friday,False,39,15,almuerzo,Llevar,Efectivo,4000,0,639,0
7584,2024-09-27,2024,9,September,Friday,False,39,15,almuerzo,Llevar,Edenred,1400,0,0,0
7585,2024-09-27,2024,9,September,Friday,False,39,15,almuerzo,Servir,Debito,16500,0,2634,0
7586,2024-09-27,2024,9,September,Friday,False,39,16,tarde,Llevar,Transferencia,3500,0,559,0
7587,2024-09-27,2024,9,September,Friday,False,39,16,tarde,Llevar,Edenred,3500,0,0,0
7588,2024-09-27,2024,9,September,Friday,False,39,16,tarde,Llevar,Efectivo,2000,0,319,0
7589,2024-09-27,2024,9,September,Friday,False,39,16,tarde,Llevar,Debito,4500,0,718,0
7590,2024-09-27,2024,9,September,Friday,False,39,16,tarde,Servir,Debito,26000,0,0,0
7591,2024-09-27,2024,9,September,Friday,False,39,16,tarde,Llevar,Debito,3400,0,543,0
7592,2024-09-27,2024,9,September,Friday,False,39,16,tarde,Llevar,Debito,5600,0,894,0
7593,2024-09-27,2024,9,September,Friday,False,39,16,tarde,Llevar,Credito,4000,0,639,0
7594,2024-09-27,2024,9,September,Friday,False,39,16,tarde,Servir,Debito,4000,0,0,0
7595,2024-09-27,2024,9,September,Friday,False,39,17,tarde,Llevar,Debito,2000,0,319,0
7596,2024-09-27,2024,9,September,Friday,False,39,17,tarde,Llevar,Debito,1430,0,228,0
7597,2024-09-27,2024,9,September,Friday,False,39,17,tarde,Llevar,Debito,10800,0,1724,0
7598,2024-09-27,2024,9,September,Friday,False,39,17,tarde,Llevar,Debito,7500,0,1197,0
7599,2024-09-27,2024,9,September,Friday,False,39,17,tarde,Llevar,Debito,12300,0,1964,0
7600,2024-09-27,2024,9,September,Friday,False,39,17,tarde,Llevar,Credito,3100,0,495,0
7601,2024-09-27,2024,9,September,Friday,False,39,17,tarde,Llevar,Debito,11500,0,1836,0
7602,2024-09-27,2024,9,September,Friday,False,39,17,tarde,Servir,Efectivo,20060,0,3203,0
7603,2024-09-27,2024,9,September,Friday,False,39,17,tarde,Llevar,Efectivo,3200,0,511,0
7604,2024-09-27,2024,9,September,Friday,False,39,17,tarde,Llevar,Debito,1400,0,224,0
7605,2024-09-27,2024,9,September,Friday,False,39,17,tarde,Servir,Efectivo,4400,0,703,0
7606,2024-09-27,2024,9,September,Friday,False,39,17,tarde,Servir,Efectivo,14000,0,2235,0
7607,2024-09-27,2024,9,September,Friday,False,39,17,tarde,Llevar,Debito,7500,0,1197,0
7608,2024-09-27,2024,9,September,Friday,False,39,17,tarde,Llevar,Debito,3200,0,511,0
7609,2024-09-27,2024,9,September,Friday,False,39,17,tarde,Llevar,Credito,12700,0,2028,0
7610,2024-09-27,2024,9,September,Friday,False,39,17,tarde,Llevar,Debito,7000,0,1118,0
7611,2024-09-27,2024,9,September,Friday,False,39,17,tarde,Llevar,Debito,2000,0,319,0
7612,2024-09-27,2024,9,September,Friday,False,39,18,tarde,Llevar,Debito,4000,0,639,0
7613,2024-09-27,2024,9,September,Friday,False,39,18,tarde,Servir,Efectivo,12620,0,2015,0
7614,2024-09-27,2024,9,September,Friday,False,39,18,tarde,Servir,Debito,6300,0,1006,0
7615,2024-09-27,2024,9,September,Friday,False,39,18,tarde,Llevar,Debito,7400,0,1182,0
7616,2024-09-27,2024,9,September,Friday,False,39,18,tarde,Llevar,Efectivo,2000,0,319,0
7617,2024-09-27,2024,9,September,Friday,False,39,18,tarde,Servir,Efectivo,3100,0,495,0
7618,2024-09-27,2024,9,September,Friday,False,39,18,tarde,Llevar,Debito,9200,0,1469,0
7619,2024-09-27,2024,9,September,Friday,False,39,18,tarde,Servir,Efectivo,15500,0,2475,0
7620,2024-09-27,2024,9,September,Friday,False,39,18,tarde,Servir,Debito,8000,0,1277,0
7621,2024-09-27,2024,9,September,Friday,False,39,18,tarde,Llevar,Efectivo,4000,0,639,0
7622,2024-09-27,2024,9,September,Friday,False,39,18,tarde,Llevar,Debito,5400,0,862,0
7623,2024-09-27,2024,9,September,Friday,False,39,18,tarde,Llevar,Edenred,1500,0,239,0
7624,2024-09-27,2024,9,September,Friday,False,39,18,tarde,Servir,Debito,2560,0,409,0
7625,2024-09-27,2024,9,September,Friday,False,39,19,cierre,Llevar,Debito,3000,0,479,0
7626,2024-09-27,2024,9,September,Friday,False,39,19,cierre,Llevar,Debito,4900,0,782,0
7627,2024-09-27,2024,9,September,Friday,False,39,19,cierre,Llevar,Debito,4800,0,766,0
7628,2024-09-27,2024,9,September,Friday,False,39,19,cierre,Servir,Efectivo,5960,0,952,0
7629,2024-09-27,2024,9,September,Friday,False,39,19,cierre,Llevar,Debito,1200,0,192,0
7630,2024-09-27,2024,9,September,Friday,False,39,19,cierre,Llevar,Debito,6000,0,958,0
7631,2024-09-27,2024,9,September,Friday,False,39,19,cierre,Llevar,Efectivo,11000,0,1756,0
7632,2024-09-27,2024,9,September,Friday,False,39,19,cierre,Llevar,Debito,2800,0,447,0
7633,2024-09-27,2024,9,September,Friday,False,39,19,cierre,Servir,Debito,14500,0,2315,0
7634,2024-09-27,2024,9,September,Friday,False,39,19,cierre,Servir,Debito,5000,0,798,0
7635,2024-09-27,2024,9,September,Friday,False,39,19,cierre,Llevar,Debito,9400,0,1501,0
7636,2024-09-27,2024,9,September,Friday,False,39,19,cierre,Llevar,Debito,6000,0,958,0
7637,2024-09-27,2024,9,September,Friday,False,39,19,cierre,Llevar,Debito,2100,0,335,0
7638,2024-09-27,2024,9,September,Friday,False,39,19,cierre,Llevar,Efectivo,3200,0,511,0
7639,2024-09-27,2024,9,September,Friday,False,39,19,cierre,Llevar,Debito,7500,0,1197,0
7640,2024-09-27,2024,9,September,Friday,False,39,19,cierre,Llevar,Debito,4800,0,766,0
7641,2024-09-27,2024,9,September,Friday,False,39,19,cierre,Llevar,Efectivo,1500,0,239,0
7642,2024-09-27,2024,9,September,Friday,False,39,20,cierre,Llevar,Debito,12700,0,2028,0
7643,2024-09-27,2024,9,September,Friday,False,39,20,cierre,Llevar,Efectivo,2000,0,319,0
7644,2024-09-27,2024,9,September,Friday,False,39,20,cierre,Llevar,Efectivo,4200,0,671,0
7645,2024-09-27,2024,9,September,Friday,False,39,20,cierre,Llevar,Debito,5590,0,893,0
7646,2024-09-27,2024,9,September,Friday,False,39,20,cierre,Servir,Debito,6146,0,981,0
7647,2024-09-27,2024,9,September,Friday,False,39,20,cierre,Llevar,Debito,5400,0,862,0
7648,2024-09-27,2024,9,September,Friday,False,39,20,cierre,Llevar,Debito,3100,0,0,0
7649,2024-09-28,2024,9,September,Saturday,True,39,14,almuerzo,Servir,Debito,7400,0,1182,0
7650,2024-09-28,2024,9,September,Saturday,True,39,14,almuerzo,Servir,Debito,13400,0,2139,0
7651,2024-09-28,2024,9,September,Saturday,True,39,14,almuerzo,Llevar,Debito,3400,0,543,0
7652,2024-09-28,2024,9,September,Saturday,True,39,14,almuerzo,Llevar,Efectivo,10000,0,1597,0
7653,2024-09-28,2024,9,September,Saturday,True,39,14,almuerzo,Llevar,Debito,5800,0,926,0
7654,2024-09-28,2024,9,September,Saturday,True,39,14,almuerzo,Llevar,Debito,7700,0,1229,0
7655,2024-09-28,2024,9,September,Saturday,True,39,14,almuerzo,Llevar,Debito,7200,0,1150,0
7656,2024-09-28,2024,9,September,Saturday,True,39,15,almuerzo,Servir,Debito,14400,0,2299,0
7657,2024-09-28,2024,9,September,Saturday,True,39,15,almuerzo,Servir,Debito,14700,0,2922,0
7658,2024-09-28,2024,9,September,Saturday,True,39,15,almuerzo,Llevar,Debito,8000,0,1277,0
7659,2024-09-28,2024,9,September,Saturday,True,39,15,almuerzo,Llevar,Debito,1500,0,239,0
7660,2024-09-28,2024,9,September,Saturday,True,39,16,tarde,Llevar,Debito,7500,0,1197,0
7661,2024-09-28,2024,9,September,Saturday,True,39,16,tarde,Llevar,Debito,6200,0,990,0
7662,2024-09-28,2024,9,September,Saturday,True,39,16,tarde,Servir,Debito,19500,0,0,0
7663,2024-09-28,2024,9,September,Saturday,True,39,16,tarde,Llevar,Debito,7500,0,1197,0
7664,2024-09-28,2024,9,September,Saturday,True,39,16,tarde,Servir,Credito,32700,0,5221,0
7665,2024-09-28,2024,9,September,Saturday,True,39,17,tarde,Llevar,Debito,13700,0,2187,0
7666,2024-09-28,2024,9,September,Saturday,True,39,17,tarde,Llevar,Efectivo,3800,0,607,0
7667,2024-09-28,2024,9,September,Saturday,True,39,17,tarde,Llevar,Debito,3000,0,479,0
7668,2024-09-28,2024,9,September,Saturday,True,39,17,tarde,Servir,Debito,13800,0,2203,0
7669,2024-09-28,2024,9,September,Saturday,True,39,17,tarde,Llevar,Debito,14300,0,2283,0
7670,2024-09-28,2024,9,September,Saturday,True,39,17,tarde,Llevar,Debito,8400,0,1341,0
7671,2024-09-28,2024,9,September,Saturday,True,39,17,tarde,Llevar,Debito,7300,0,1166,0
7672,2024-09-28,2024,9,September,Saturday,True,39,18,tarde,Llevar,Efectivo,4700,0,750,0
7673,2024-09-28,2024,9,September,Saturday,True,39,18,tarde,Llevar,Debito,10200,0,1629,0
7674,2024-09-28,2024,9,September,Saturday,True,39,18,tarde,Servir,Credito,9400,0,1501,0
7675,2024-09-28,2024,9,September,Saturday,True,39,18,tarde,Llevar,Debito,6000,0,958,0
7676,2024-09-28,2024,9,September,Saturday,True,39,18,tarde,Llevar,Debito,4800,0,766,0
7677,2024-09-28,2024,9,September,Saturday,True,39,18,tarde,Llevar,Debito,9600,0,1533,0
7678,2024-09-28,2024,9,September,Saturday,True,39,18,tarde,Llevar,Debito,8000,0,1277,0
7679,2024-09-28,2024,9,September,Saturday,True,39,18,tarde,Servir,Debito,5400,0,862,0
7680,2024-09-28,2024,9,September,Saturday,True,39,18,tarde,Llevar,Efectivo,1400,0,224,0
7681,2024-09-28,2024,9,September,Saturday,True,39,18,tarde,Llevar,Debito,2800,0,447,0
7682,2024-09-28,2024,9,September,Saturday,True,39,18,tarde,Llevar,Debito,6200,0,990,0
7683,2024-09-28,2024,9,September,Saturday,True,39,18,tarde,Servir,Edenred,12600,0,0,0
7684,2024-09-28,2024,9,September,Saturday,True,39,18,tarde,Llevar,Efectivo,1400,0,224,0
7685,2024-09-28,2024,9,September,Saturday,True,39,19,cierre,Llevar,Efectivo,3900,0,623,0
7686,2024-09-28,2024,9,September,Saturday,True,39,19,cierre,Servir,Debito,9000,0,1437,0
7687,2024-09-28,2024,9,September,Saturday,True,39,19,cierre,Llevar,Debito,3000,0,479,0
7688,2024-09-28,2024,9,September,Saturday,True,39,19,cierre,Llevar,Debito,4600,0,734,0
7689,2024-09-28,2024,9,September,Saturday,True,39,19,cierre,Llevar,Efectivo,7300,0,1166,0
7690,2024-09-28,2024,9,September,Saturday,True,39,19,cierre,Servir,Efectivo,3000,0,479,0
7691,2024-09-28,2024,9,September,Saturday,True,39,19,cierre,Servir,Debito,8500,0,1357,0
7692,2024-09-28,2024,9,September,Saturday,True,39,19,cierre,Llevar,Efectivo,4100,0,655,0
7693,2024-09-28,2024,9,September,Saturday,True,39,19,cierre,Llevar,Efectivo,1300,0,208,0
7694,2024-09-28,2024,9,September,Saturday,True,39,20,cierre,Llevar,Transferencia,42000,0,0,0
7695,2024-09-30,2024,9,September,Monday,False,40,12,manana,Llevar,Efectivo,1500,0,239,0
7696,2024-09-30,2024,9,September,Monday,False,40,12,manana,Servir,Efectivo,5500,0,0,0
7697,2024-09-30,2024,9,September,Monday,False,40,12,manana,Llevar,Debito,3400,0,543,0
7698,2024-09-30,2024,9,September,Monday,False,40,12,manana,Servir,Debito,4700,0,750,470
7699,2024-09-30,2024,9,September,Monday,False,40,12,manana,Servir,Transferencia,3500,0,0,0
7700,2024-09-30,2024,9,September,Monday,False,40,13,almuerzo,Servir,Debito,4900,0,782,0
7701,2024-09-30,2024,9,September,Monday,False,40,13,almuerzo,Servir,Credito,2500,0,399,0
7703,2024-09-30,2024,9,September,Monday,False,40,14,almuerzo,Llevar,Debito,5200,0,830,0
7704,2024-09-30,2024,9,September,Monday,False,40,16,tarde,Llevar,Debito,2000,0,319,0
7705,2024-09-30,2024,9,September,Monday,False,40,16,tarde,Llevar,Debito,4900,0,782,0
7706,2024-09-30,2024,9,September,Monday,False,40,17,tarde,Servir,Debito,3200,0,511,320
7707,2024-09-30,2024,9,September,Monday,False,40,17,tarde,Llevar,Debito,3200,0,511,0
7708,2024-09-30,2024,9,September,Monday,False,40,17,tarde,Llevar,Debito,3000,0,479,0
7709,2024-09-30,2024,9,September,Monday,False,40,17,tarde,Llevar,Debito,4000,0,639,0
7710,2024-09-30,2024,9,September,Monday,False,40,17,tarde,Servir,Debito,11800,0,1884,1180
7711,2024-09-30,2024,9,September,Monday,False,40,17,tarde,Llevar,Debito,7500,0,1197,0
7712,2024-09-30,2024,9,September,Monday,False,40,18,tarde,Servir,Debito,13200,0,2108,1320
7713,2024-09-30,2024,9,September,Monday,False,40,18,tarde,Servir,Debito,18400,0,2938,0
7714,2024-09-30,2024,9,September,Monday,False,40,18,tarde,Llevar,Efectivo,3800,0,0,0
7715,2024-09-30,2024,9,September,Monday,False,40,18,tarde,Servir,Credito,14200,0,2267,0
7716,2024-09-30,2024,9,September,Monday,False,40,18,tarde,Servir,Debito,8400,0,1341,0
7717,2024-09-30,2024,9,September,Monday,False,40,19,cierre,Servir,Debito,3100,0,495,0
7718,2024-09-30,2024,9,September,Monday,False,40,19,cierre,Llevar,Debito,8800,0,1405,0
7719,2024-09-30,2024,9,September,Monday,False,40,19,cierre,Llevar,Debito,1400,0,224,0
7720,2024-09-30,2024,9,September,Monday,False,40,19,cierre,Llevar,Debito,5700,0,0,0
7721,2024-09-30,2024,9,September,Monday,False,40,19,cierre,Servir,Debito,13400,0,2139,0
7722,2024-09-30,2024,9,September,Monday,False,40,19,cierre,Llevar,Debito,3500,0,559,0
7723,2024-09-30,2024,9,September,Monday,False,40,19,cierre,Llevar,Efectivo,5500,0,878,0
7724,2024-10-01,2024,10,October,Tuesday,False,40,11,manana,Llevar,Debito,2000,0,319,0
7725,2024-10-01,2024,10,October,Tuesday,False,40,12,manana,Llevar,Edenred,2000,0,0,0
7726,2024-10-01,2024,10,October,Tuesday,False,40,12,manana,Llevar,Efectivo,3000,0,0,0
7727,2024-10-01,2024,10,October,Tuesday,False,40,13,almuerzo,Servir,Efectivo,8000,0,0,0
7728,2024-10-01,2024,10,October,Tuesday,False,40,13,almuerzo,Servir,Debito,5000,0,798,0
7729,2024-10-01,2024,10,October,Tuesday,False,40,13,almuerzo,Llevar,Efectivo,3500,0,0,0
7730,2024-10-01,2024,10,October,Tuesday,False,40,13,almuerzo,Llevar,Debito,2000,0,319,0
7731,2024-10-01,2024,10,October,Tuesday,False,40,13,almuerzo,Servir,Debito,3100,0,495,0
7732,2024-10-01,2024,10,October,Tuesday,False,40,13,almuerzo,Servir,Debito,10200,0,1629,0
7733,2024-10-01,2024,10,October,Tuesday,False,40,13,almuerzo,Servir,Debito,2800,0,447,0
7734,2024-10-01,2024,10,October,Tuesday,False,40,14,almuerzo,Llevar,Debito,3000,0,479,0
7735,2024-10-01,2024,10,October,Tuesday,False,40,14,almuerzo,Llevar,Edenred,2800,0,0,0
7736,2024-10-01,2024,10,October,Tuesday,False,40,14,almuerzo,Llevar,Debito,4300,0,687,0
7737,2024-10-01,2024,10,October,Tuesday,False,40,15,almuerzo,Llevar,Efectivo,1400,0,0,0
7738,2024-10-01,2024,10,October,Tuesday,False,40,15,almuerzo,Llevar,Efectivo,10100,0,0,0
7739,2024-10-01,2024,10,October,Tuesday,False,40,15,almuerzo,Servir,Edenred,2800,0,0,0
7740,2024-10-01,2024,10,October,Tuesday,False,40,16,tarde,Llevar,Debito,4000,0,639,0
7741,2024-10-01,2024,10,October,Tuesday,False,40,16,tarde,Llevar,Edenred,7300,0,0,0
7742,2024-10-01,2024,10,October,Tuesday,False,40,16,tarde,Servir,Debito,16500,0,2634,0
7743,2024-10-01,2024,10,October,Tuesday,False,40,16,tarde,Llevar,Transferencia,117050,0,0,0
7744,2024-10-01,2024,10,October,Tuesday,False,40,16,tarde,Llevar,Debito,4800,0,766,0
7745,2024-10-01,2024,10,October,Tuesday,False,40,17,tarde,Servir,Edenred,27800,0,0,0
7746,2024-10-01,2024,10,October,Tuesday,False,40,17,tarde,Llevar,Debito,7600,0,1213,0
7747,2024-10-01,2024,10,October,Tuesday,False,40,17,tarde,Llevar,Efectivo,3500,0,0,0
7748,2024-10-01,2024,10,October,Tuesday,False,40,17,tarde,Servir,Debito,12600,0,2012,0
7749,2024-10-01,2024,10,October,Tuesday,False,40,17,tarde,Servir,Debito,19100,0,3050,0
7750,2024-10-01,2024,10,October,Tuesday,False,40,17,tarde,Llevar,Edenred,11200,0,0,0
7751,2024-10-01,2024,10,October,Tuesday,False,40,17,tarde,Llevar,Efectivo,4000,0,0,0
7752,2024-10-01,2024,10,October,Tuesday,False,40,17,tarde,Llevar,Efectivo,1500,0,0,0
7753,2024-10-01,2024,10,October,Tuesday,False,40,18,tarde,Servir,Credito,11000,0,1756,0
7754,2024-10-01,2024,10,October,Tuesday,False,40,18,tarde,Llevar,Debito,4800,0,766,0
7755,2024-10-01,2024,10,October,Tuesday,False,40,18,tarde,Servir,Efectivo,17180,0,2743,0
7756,2024-10-01,2024,10,October,Tuesday,False,40,18,tarde,Llevar,Edenred,8600,0,0,0
7757,2024-10-01,2024,10,October,Tuesday,False,40,18,tarde,Servir,Edenred,12700,0,0,0
7758,2024-10-01,2024,10,October,Tuesday,False,40,18,tarde,Llevar,Edenred,4300,0,0,0
7759,2024-10-01,2024,10,October,Tuesday,False,40,18,tarde,Servir,Debito,11100,0,1772,0
7760,2024-10-01,2024,10,October,Tuesday,False,40,18,tarde,Llevar,Debito,3000,0,479,0
7761,2024-10-01,2024,10,October,Tuesday,False,40,18,tarde,Servir,Debito,5200,0,830,0
7762,2024-10-01,2024,10,October,Tuesday,False,40,18,tarde,Llevar,Debito,4500,0,718,0
7763,2024-10-01,2024,10,October,Tuesday,False,40,18,tarde,Llevar,Debito,3600,0,575,0
7764,2024-10-01,2024,10,October,Tuesday,False,40,18,tarde,Servir,Edenred,18900,0,0,0
7765,2024-10-01,2024,10,October,Tuesday,False,40,18,tarde,Llevar,Debito,5500,0,878,0
7766,2024-10-01,2024,10,October,Tuesday,False,40,18,tarde,Servir,Debito,6300,0,1006,0
7767,2024-10-01,2024,10,October,Tuesday,False,40,18,tarde,Servir,Efectivo,9100,0,0,0
7768,2024-10-01,2024,10,October,Tuesday,False,40,19,cierre,Servir,Efectivo,11900,0,0,0
7769,2024-10-01,2024,10,October,Tuesday,False,40,19,cierre,Servir,Debito,24500,0,3912,0
7770,2024-10-01,2024,10,October,Tuesday,False,40,19,cierre,Llevar,Efectivo,5400,0,0,0
7771,2024-10-01,2024,10,October,Tuesday,False,40,19,cierre,Llevar,Credito,4200,0,671,0
7772,2024-10-01,2024,10,October,Tuesday,False,40,19,cierre,Servir,Edenred,12600,0,0,0
7773,2024-10-01,2024,10,October,Tuesday,False,40,19,cierre,Llevar,Debito,2000,0,319,0
7774,2024-10-01,2024,10,October,Tuesday,False,40,19,cierre,Llevar,Efectivo,5600,0,894,0
7775,2024-10-01,2024,10,October,Tuesday,False,40,19,cierre,Llevar,Debito,4300,0,687,0
7776,2024-10-01,2024,10,October,Tuesday,False,40,19,cierre,Servir,Debito,10260,0,1638,0
7777,2024-10-01,2024,10,October,Tuesday,False,40,19,cierre,Servir,Debito,19100,0,3050,0
7778,2024-10-01,2024,10,October,Tuesday,False,40,19,cierre,Servir,Credito,8100,0,1293,0
7779,2024-10-01,2024,10,October,Tuesday,False,40,20,cierre,Llevar,Efectivo,7900,0,0,0
7780,2024-10-01,2024,10,October,Tuesday,False,40,20,cierre,Llevar,Efectivo,8600,0,1373,0
7781,2024-10-02,2024,10,October,Wednesday,False,40,11,manana,Llevar,Transferencia,4900,0,0,0
7782,2024-10-02,2024,10,October,Wednesday,False,40,11,manana,Servir,Debito,2800,0,447,0
7783,2024-10-02,2024,10,October,Wednesday,False,40,11,manana,Servir,Debito,2800,0,447,0
7784,2024-10-02,2024,10,October,Wednesday,False,40,12,manana,Servir,Efectivo,9300,0,1485,0
7785,2024-10-02,2024,10,October,Wednesday,False,40,12,manana,Servir,Credito,12100,0,1932,0
7786,2024-10-02,2024,10,October,Wednesday,False,40,12,manana,Servir,Debito,10200,0,1629,0
7787,2024-10-02,2024,10,October,Wednesday,False,40,13,almuerzo,Llevar,Debito,1400,0,224,0
7788,2024-10-02,2024,10,October,Wednesday,False,40,13,almuerzo,Servir,Debito,7200,0,1150,0
7789,2024-10-02,2024,10,October,Wednesday,False,40,13,almuerzo,Servir,Debito,13100,0,2092,0
7790,2024-10-02,2024,10,October,Wednesday,False,40,13,almuerzo,Llevar,Credito,3100,0,495,0
7791,2024-10-02,2024,10,October,Wednesday,False,40,14,almuerzo,Llevar,Efectivo,2000,0,319,0
7792,2024-10-02,2024,10,October,Wednesday,False,40,14,almuerzo,Llevar,Debito,2000,0,319,0
7793,2024-10-02,2024,10,October,Wednesday,False,40,14,almuerzo,Llevar,Efectivo,2800,0,0,0
7794,2024-10-02,2024,10,October,Wednesday,False,40,15,almuerzo,Llevar,Efectivo,16100,0,0,0
7795,2024-10-02,2024,10,October,Wednesday,False,40,15,almuerzo,Llevar,Transferencia,42000,0,0,0
7796,2024-10-02,2024,10,October,Wednesday,False,40,16,tarde,Servir,Debito,7400,0,1182,0
7797,2024-10-02,2024,10,October,Wednesday,False,40,16,tarde,Servir,Debito,6400,0,1022,0
7798,2024-10-02,2024,10,October,Wednesday,False,40,16,tarde,Llevar,Efectivo,4000,0,639,0
7799,2024-10-02,2024,10,October,Wednesday,False,40,17,tarde,Servir,Transferencia,12200,0,0,0
7800,2024-10-02,2024,10,October,Wednesday,False,40,17,tarde,Servir,Transferencia,12200,0,0,0
7801,2024-10-02,2024,10,October,Wednesday,False,40,17,tarde,Llevar,Debito,8900,0,1421,0
7802,2024-10-02,2024,10,October,Wednesday,False,40,17,tarde,Servir,Debito,2500,0,399,0
7803,2024-10-02,2024,10,October,Wednesday,False,40,17,tarde,Servir,Debito,11900,0,1900,0
7804,2024-10-02,2024,10,October,Wednesday,False,40,17,tarde,Servir,Debito,10600,0,1692,0
7805,2024-10-02,2024,10,October,Wednesday,False,40,17,tarde,Servir,Efectivo,12200,0,0,0
7806,2024-10-02,2024,10,October,Wednesday,False,40,18,tarde,Llevar,Credito,7200,0,1150,0
7807,2024-10-02,2024,10,October,Wednesday,False,40,18,tarde,Llevar,Edenred,15100,0,0,0
7808,2024-10-02,2024,10,October,Wednesday,False,40,18,tarde,Llevar,Debito,10600,0,0,0
7809,2024-10-02,2024,10,October,Wednesday,False,40,18,tarde,Servir,Debito,13200,0,2108,0
7810,2024-10-02,2024,10,October,Wednesday,False,40,18,tarde,Servir,Debito,3100,0,495,0
7811,2024-10-02,2024,10,October,Wednesday,False,40,18,tarde,Servir,Debito,13400,0,2139,0
7812,2024-10-02,2024,10,October,Wednesday,False,40,19,cierre,Llevar,Debito,16400,0,2618,0
7813,2024-10-02,2024,10,October,Wednesday,False,40,19,cierre,Servir,Debito,11000,0,1756,0
7814,2024-10-02,2024,10,October,Wednesday,False,40,19,cierre,Servir,Debito,10800,0,1724,0
7815,2024-10-02,2024,10,October,Wednesday,False,40,19,cierre,Servir,Efectivo,4700,0,750,0
7816,2024-10-03,2024,10,October,Thursday,False,40,11,manana,Llevar,Efectivo,2000,0,319,0
7817,2024-10-03,2024,10,October,Thursday,False,40,12,manana,Servir,Debito,15600,0,2491,0
7818,2024-10-03,2024,10,October,Thursday,False,40,12,manana,Servir,Credito,4900,0,782,0
7819,2024-10-03,2024,10,October,Thursday,False,40,12,manana,Llevar,Debito,2800,0,447,0
7820,2024-10-03,2024,10,October,Thursday,False,40,13,almuerzo,Llevar,Debito,5000,0,798,0
7821,2024-10-03,2024,10,October,Thursday,False,40,16,tarde,Servir,Efectivo,3200,0,0,320
7822,2024-10-03,2024,10,October,Thursday,False,40,16,tarde,Llevar,Efectivo,9500,0,1517,0
7823,2024-10-03,2024,10,October,Thursday,False,40,16,tarde,Llevar,Debito,2000,0,319,0
7824,2024-10-03,2024,10,October,Thursday,False,40,16,tarde,Llevar,Edenred,3200,0,0,0
7825,2024-10-03,2024,10,October,Thursday,False,40,16,tarde,Llevar,Credito,7000,0,1118,0
7826,2024-10-03,2024,10,October,Thursday,False,40,16,tarde,Servir,Debito,4500,0,718,450
7827,2024-10-03,2024,10,October,Thursday,False,40,16,tarde,Llevar,Edenred,3000,0,0,0
7828,2024-10-03,2024,10,October,Thursday,False,40,16,tarde,Llevar,Efectivo,3500,0,559,0
7829,2024-10-03,2024,10,October,Thursday,False,40,16,tarde,Llevar,Debito,5500,0,878,0
7830,2024-10-03,2024,10,October,Thursday,False,40,16,tarde,Servir,Debito,9600,0,1533,960
7831,2024-10-03,2024,10,October,Thursday,False,40,17,tarde,Llevar,Debito,2900,0,463,0
7832,2024-10-03,2024,10,October,Thursday,False,40,17,tarde,Llevar,Debito,3000,0,479,0
7833,2024-10-03,2024,10,October,Thursday,False,40,17,tarde,Llevar,Debito,3100,0,495,0
7834,2024-10-03,2024,10,October,Thursday,False,40,17,tarde,Llevar,Debito,9000,0,1437,0
7835,2024-10-03,2024,10,October,Thursday,False,40,17,tarde,Servir,Debito,13200,0,2108,1320
7836,2024-10-03,2024,10,October,Thursday,False,40,17,tarde,Llevar,Efectivo,9600,0,1533,0
7837,2024-10-03,2024,10,October,Thursday,False,40,17,tarde,Llevar,Debito,6000,0,958,0
7838,2024-10-03,2024,10,October,Thursday,False,40,17,tarde,Llevar,Debito,2000,0,319,0
7839,2024-10-03,2024,10,October,Thursday,False,40,17,tarde,Llevar,Debito,4000,0,639,0
7840,2024-10-03,2024,10,October,Thursday,False,40,18,tarde,Llevar,Edenred,1800,0,0,0
7841,2024-10-03,2024,10,October,Thursday,False,40,18,tarde,Servir,Debito,18800,0,3002,1880
7842,2024-10-03,2024,10,October,Thursday,False,40,18,tarde,Servir,Debito,10200,0,1629,1020
7843,2024-10-03,2024,10,October,Thursday,False,40,18,tarde,Llevar,Efectivo,5800,0,926,0
7844,2024-10-03,2024,10,October,Thursday,False,40,18,tarde,Llevar,Debito,3500,0,559,0
7845,2024-10-03,2024,10,October,Thursday,False,40,18,tarde,Llevar,Debito,4000,0,639,0
7846,2024-10-03,2024,10,October,Thursday,False,40,18,tarde,Llevar,Efectivo,7500,0,1197,0
7847,2024-10-03,2024,10,October,Thursday,False,40,18,tarde,Llevar,Efectivo,2000,0,319,0
7848,2024-10-03,2024,10,October,Thursday,False,40,19,cierre,Llevar,Debito,6400,0,1022,0
7849,2024-10-03,2024,10,October,Thursday,False,40,19,cierre,Servir,Debito,11700,0,1868,0
7850,2024-10-03,2024,10,October,Thursday,False,40,20,cierre,Llevar,Debito,2000,0,319,0
7851,2024-10-03,2024,10,October,Thursday,False,40,20,cierre,Llevar,Debito,3200,0,511,0
7852,2024-10-03,2024,10,October,Thursday,False,40,20,cierre,Llevar,Debito,2000,0,319,0
7853,2024-10-03,2024,10,October,Thursday,False,40,20,cierre,Llevar,Efectivo,2600,0,0,0
7854,2024-10-04,2024,10,October,Friday,False,40,12,manana,Llevar,Debito,3200,0,511,0
7855,2024-10-04,2024,10,October,Friday,False,40,12,manana,Servir,Debito,3100,0,495,0
7856,2024-10-04,2024,10,October,Friday,False,40,12,manana,Servir,Debito,2800,0,447,0
7857,2024-10-04,2024,10,October,Friday,False,40,12,manana,Llevar,Efectivo,4000,0,639,0
7858,2024-10-04,2024,10,October,Friday,False,40,13,almuerzo,Servir,Efectivo,9100,0,1453,0
7859,2024-10-04,2024,10,October,Friday,False,40,13,almuerzo,Llevar,Debito,2800,0,447,0
7860,2024-10-04,2024,10,October,Friday,False,40,13,almuerzo,Llevar,Debito,7500,0,1197,0
7861,2024-10-04,2024,10,October,Friday,False,40,13,almuerzo,Llevar,Debito,4000,0,639,0
7862,2024-10-04,2024,10,October,Friday,False,40,14,almuerzo,Llevar,Debito,2700,0,431,0
7863,2024-10-04,2024,10,October,Friday,False,40,14,almuerzo,Llevar,Debito,3500,0,559,0
7864,2024-10-04,2024,10,October,Friday,False,40,14,almuerzo,Llevar,Debito,6200,0,990,0
7865,2024-10-04,2024,10,October,Friday,False,40,16,tarde,Llevar,Debito,4700,0,750,0
7866,2024-10-04,2024,10,October,Friday,False,40,16,tarde,Llevar,Efectivo,4000,0,639,0
7867,2024-10-04,2024,10,October,Friday,False,40,16,tarde,Servir,Efectivo,13600,0,0,1360
7868,2024-10-04,2024,10,October,Friday,False,40,16,tarde,Llevar,Debito,2200,0,351,0
7869,2024-10-04,2024,10,October,Friday,False,40,16,tarde,Servir,Efectivo,16000,0,0,0
7870,2024-10-04,2024,10,October,Friday,False,40,17,tarde,Servir,Efectivo,9900,0,0,0
7871,2024-10-04,2024,10,October,Friday,False,40,17,tarde,Llevar,Edenred,14800,0,0,0
7872,2024-10-04,2024,10,October,Friday,False,40,17,tarde,Llevar,Debito,5400,0,862,0
7873,2024-10-04,2024,10,October,Friday,False,40,17,tarde,Servir,Efectivo,6000,0,958,0
7874,2024-10-04,2024,10,October,Friday,False,40,17,tarde,Llevar,Efectivo,7500,0,1197,0
7875,2024-10-04,2024,10,October,Friday,False,40,17,tarde,Llevar,Debito,3000,0,479,0
7876,2024-10-04,2024,10,October,Friday,False,40,18,tarde,Llevar,Debito,2000,0,319,0
7877,2024-10-04,2024,10,October,Friday,False,40,18,tarde,Servir,Debito,26800,0,4279,0
7878,2024-10-04,2024,10,October,Friday,False,40,18,tarde,Llevar,Efectivo,2000,0,319,0
7879,2024-10-04,2024,10,October,Friday,False,40,18,tarde,Servir,Debito,24400,0,3896,0
7880,2024-10-04,2024,10,October,Friday,False,40,18,tarde,Llevar,Debito,8000,0,1277,0
7881,2024-10-04,2024,10,October,Friday,False,40,18,tarde,Llevar,Debito,3200,0,511,0
7882,2024-10-04,2024,10,October,Friday,False,40,18,tarde,Llevar,Debito,9900,0,1581,0
7883,2024-10-04,2024,10,October,Friday,False,40,19,cierre,Servir,Debito,9100,0,1453,0
7884,2024-10-04,2024,10,October,Friday,False,40,19,cierre,Servir,Efectivo,9200,0,1469,0
7885,2024-10-04,2024,10,October,Friday,False,40,19,cierre,Llevar,Debito,3200,0,511,0
7886,2024-10-04,2024,10,October,Friday,False,40,19,cierre,Servir,Efectivo,19600,0,3129,0
7887,2024-10-04,2024,10,October,Friday,False,40,19,cierre,Llevar,Debito,3000,0,479,0
7888,2024-10-04,2024,10,October,Friday,False,40,19,cierre,Llevar,Debito,2700,0,431,0
7889,2024-10-04,2024,10,October,Friday,False,40,19,cierre,Llevar,Debito,8600,0,1373,0
7890,2024-10-04,2024,10,October,Friday,False,40,19,cierre,Llevar,Efectivo,6000,0,958,0
7891,2024-10-04,2024,10,October,Friday,False,40,19,cierre,Servir,Efectivo,2900,0,463,0
7892,2024-10-04,2024,10,October,Friday,False,40,20,cierre,Llevar,Debito,6200,0,990,0
7893,2024-10-04,2024,10,October,Friday,False,40,20,cierre,Llevar,Debito,11500,0,1836,0
7894,2024-10-05,2024,10,October,Saturday,True,40,11,manana,Llevar,Debito,2000,0,319,0
7895,2024-10-05,2024,10,October,Saturday,True,40,11,manana,Servir,Debito,14800,0,2363,0
7896,2024-10-05,2024,10,October,Saturday,True,40,11,manana,Llevar,Debito,8800,0,0,0
7897,2024-10-05,2024,10,October,Saturday,True,40,11,manana,Servir,Debito,8300,0,1325,0
7898,2024-10-05,2024,10,October,Saturday,True,40,13,almuerzo,Llevar,Transferencia,7800,0,1245,0
7899,2024-10-05,2024,10,October,Saturday,True,40,13,almuerzo,Llevar,Efectivo,7100,0,1134,0
7900,2024-10-05,2024,10,October,Saturday,True,40,14,almuerzo,Servir,Debito,11700,0,1868,1170
7901,2024-10-05,2024,10,October,Saturday,True,40,14,almuerzo,Servir,Debito,7000,0,1118,0
7902,2024-10-05,2024,10,October,Saturday,True,40,14,almuerzo,Servir,Debito,5500,0,878,0
7903,2024-10-05,2024,10,October,Saturday,True,40,14,almuerzo,Servir,Debito,4900,0,782,0
7904,2024-10-05,2024,10,October,Saturday,True,40,14,almuerzo,Servir,Credito,9500,0,1517,0
7905,2024-10-05,2024,10,October,Saturday,True,40,14,almuerzo,Servir,Debito,5500,0,878,0
7906,2024-10-05,2024,10,October,Saturday,True,40,15,almuerzo,Servir,Debito,15500,0,2475,0
7907,2024-10-05,2024,10,October,Saturday,True,40,16,tarde,Llevar,Debito,4900,0,782,0
7908,2024-10-05,2024,10,October,Saturday,True,40,16,tarde,Llevar,Efectivo,3100,0,495,0
7909,2024-10-05,2024,10,October,Saturday,True,40,16,tarde,Llevar,Efectivo,2000,0,319,0
7910,2024-10-05,2024,10,October,Saturday,True,40,16,tarde,Llevar,Debito,2200,0,351,0
7911,2024-10-05,2024,10,October,Saturday,True,40,16,tarde,Servir,Debito,13500,0,2155,0
7912,2024-10-05,2024,10,October,Saturday,True,40,17,tarde,Servir,Debito,18500,0,2954,0
7913,2024-10-05,2024,10,October,Saturday,True,40,17,tarde,Llevar,Efectivo,6000,0,958,0
7914,2024-10-05,2024,10,October,Saturday,True,40,17,tarde,Llevar,Debito,9700,0,1549,0
7915,2024-10-05,2024,10,October,Saturday,True,40,17,tarde,Llevar,Efectivo,2000,0,319,0
7916,2024-10-05,2024,10,October,Saturday,True,40,17,tarde,Llevar,Efectivo,3500,0,559,0
7917,2024-10-05,2024,10,October,Saturday,True,40,17,tarde,Llevar,Credito,4000,0,639,0
7918,2024-10-05,2024,10,October,Saturday,True,40,17,tarde,Llevar,Debito,5800,0,926,0
7919,2024-10-05,2024,10,October,Saturday,True,40,17,tarde,Llevar,Debito,4000,0,639,0
7920,2024-10-05,2024,10,October,Saturday,True,40,18,tarde,Llevar,Debito,2800,0,447,0
7921,2024-10-05,2024,10,October,Saturday,True,40,19,cierre,Llevar,Credito,4900,0,782,0
7922,2024-10-05,2024,10,October,Saturday,True,40,19,cierre,Llevar,Debito,11500,0,1836,0
7923,2024-10-05,2024,10,October,Saturday,True,40,19,cierre,Llevar,Debito,5700,0,910,0
7924,2024-10-05,2024,10,October,Saturday,True,40,19,cierre,Llevar,Credito,4200,0,671,0
7925,2024-10-05,2024,10,October,Saturday,True,40,19,cierre,Llevar,Debito,10900,0,1740,0
7926,2024-10-05,2024,10,October,Saturday,True,40,19,cierre,Llevar,Debito,3100,0,495,0
7927,2024-10-05,2024,10,October,Saturday,True,40,19,cierre,Llevar,Debito,4400,0,703,0
7928,2024-10-05,2024,10,October,Saturday,True,40,20,cierre,Llevar,Efectivo,7000,0,1118,0
7929,2024-10-07,2024,10,October,Monday,False,41,12,manana,Llevar,Efectivo,1100,0,176,0
7930,2024-10-07,2024,10,October,Monday,False,41,13,almuerzo,Llevar,Debito,2000,0,319,0
7931,2024-10-07,2024,10,October,Monday,False,41,13,almuerzo,Llevar,Efectivo,4800,0,766,0
7932,2024-10-07,2024,10,October,Monday,False,41,14,almuerzo,Servir,Debito,15400,0,2459,1540
7933,2024-10-07,2024,10,October,Monday,False,41,14,almuerzo,Llevar,Debito,2000,0,319,0
7934,2024-10-07,2024,10,October,Monday,False,41,16,tarde,Llevar,Debito,2000,0,319,0
7935,2024-10-07,2024,10,October,Monday,False,41,16,tarde,Servir,Debito,25500,0,4071,0
7936,2024-10-07,2024,10,October,Monday,False,41,17,tarde,Servir,Debito,13800,0,2203,1380
7937,2024-10-07,2024,10,October,Monday,False,41,17,tarde,Servir,Debito,3200,0,511,0
7938,2024-10-07,2024,10,October,Monday,False,41,17,tarde,Llevar,Debito,5000,0,798,0
7939,2024-10-07,2024,10,October,Monday,False,41,18,tarde,Llevar,Debito,4000,0,639,0
7940,2024-10-07,2024,10,October,Monday,False,41,18,tarde,Llevar,Debito,11500,0,1836,0
7941,2024-10-07,2024,10,October,Monday,False,41,18,tarde,Servir,Debito,6500,0,1038,650
7942,2024-10-07,2024,10,October,Monday,False,41,18,tarde,Llevar,Debito,2000,0,319,0
7943,2024-10-07,2024,10,October,Monday,False,41,18,tarde,Llevar,Debito,3500,0,559,0
7944,2024-10-07,2024,10,October,Monday,False,41,18,tarde,Llevar,Debito,2000,0,319,0
7945,2024-10-07,2024,10,October,Monday,False,41,18,tarde,Llevar,Debito,2000,0,319,0
7946,2024-10-07,2024,10,October,Monday,False,41,19,cierre,Llevar,Credito,7500,0,1197,0
7947,2024-10-07,2024,10,October,Monday,False,41,19,cierre,Llevar,Debito,7000,0,1118,0
7948,2024-10-07,2024,10,October,Monday,False,41,19,cierre,Llevar,Debito,4800,0,766,0
7949,2024-10-08,2024,10,October,Tuesday,False,41,13,almuerzo,Llevar,Transferencia,6000,0,0,0
7950,2024-10-08,2024,10,October,Tuesday,False,41,14,almuerzo,Llevar,Debito,3600,0,575,0
7951,2024-10-08,2024,10,October,Tuesday,False,41,14,almuerzo,Llevar,Debito,1000,0,160,0
7952,2024-10-08,2024,10,October,Tuesday,False,41,16,tarde,Servir,Debito,13400,0,2139,0
7953,2024-10-08,2024,10,October,Tuesday,False,41,16,tarde,Servir,Debito,6800,0,1086,0
7954,2024-10-08,2024,10,October,Tuesday,False,41,17,tarde,Llevar,Debito,16500,0,2634,0
7955,2024-10-08,2024,10,October,Tuesday,False,41,17,tarde,Llevar,Debito,2000,0,319,0
7956,2024-10-08,2024,10,October,Tuesday,False,41,18,tarde,Llevar,Edenred,8000,0,0,0
7957,2024-10-08,2024,10,October,Tuesday,False,41,18,tarde,Servir,Edenred,2000,0,0,0
7958,2024-10-08,2024,10,October,Tuesday,False,41,18,tarde,Llevar,Debito,3100,0,495,0
7959,2024-10-09,2024,10,October,Wednesday,False,41,13,almuerzo,Servir,Edenred,11200,0,0,0
7960,2024-10-09,2024,10,October,Wednesday,False,41,14,almuerzo,Servir,Edenred,4000,0,639,0
7961,2024-10-09,2024,10,October,Wednesday,False,41,14,almuerzo,Llevar,Debito,4800,0,766,0
7962,2024-10-09,2024,10,October,Wednesday,False,41,14,almuerzo,Llevar,Debito,3500,0,559,0
7963,2024-10-09,2024,10,October,Wednesday,False,41,16,tarde,Llevar,Debito,7500,0,1197,0
7964,2024-10-09,2024,10,October,Wednesday,False,41,16,tarde,Llevar,Credito,2800,0,447,0
7965,2024-10-09,2024,10,October,Wednesday,False,41,16,tarde,Llevar,Edenred,4000,0,0,0
7966,2024-10-09,2024,10,October,Wednesday,False,41,16,tarde,Llevar,Efectivo,8900,0,1421,0
7967,2024-10-09,2024,10,October,Wednesday,False,41,17,tarde,Servir,Debito,3200,0,511,0
7968,2024-10-09,2024,10,October,Wednesday,False,41,17,tarde,Llevar,Debito,2800,0,447,0
7969,2024-10-09,2024,10,October,Wednesday,False,41,17,tarde,Llevar,Debito,5400,0,862,0
7970,2024-10-09,2024,10,October,Wednesday,False,41,17,tarde,Servir,Edenred,5000,0,0,0
7971,2024-10-09,2024,10,October,Wednesday,False,41,18,tarde,Llevar,Debito,5200,0,830,0
7972,2024-10-09,2024,10,October,Wednesday,False,41,18,tarde,Llevar,Debito,3100,0,495,0
7973,2024-10-09,2024,10,October,Wednesday,False,41,18,tarde,Llevar,Debito,3800,0,607,0
7974,2024-10-09,2024,10,October,Wednesday,False,41,18,tarde,Llevar,Efectivo,1500,0,0,0
7975,2024-10-09,2024,10,October,Wednesday,False,41,18,tarde,Llevar,Debito,2900,0,463,0
7976,2024-10-09,2024,10,October,Wednesday,False,41,18,tarde,Llevar,Debito,3800,0,607,0
7977,2024-10-09,2024,10,October,Wednesday,False,41,19,cierre,Llevar,Debito,4900,0,782,0
7978,2024-10-09,2024,10,October,Wednesday,False,41,19,cierre,Llevar,Debito,2000,0,319,0
7979,2024-10-09,2024,10,October,Wednesday,False,41,19,cierre,Llevar,Debito,8600,0,1373,0
7980,2024-10-09,2024,10,October,Wednesday,False,41,19,cierre,Llevar,Efectivo,2900,0,0,0
7981,2024-10-10,2024,10,October,Thursday,False,41,12,manana,Servir,Debito,9000,0,1437,0
7982,2024-10-10,2024,10,October,Thursday,False,41,13,almuerzo,Servir,Credito,6800,0,1086,680
7983,2024-10-10,2024,10,October,Thursday,False,41,13,almuerzo,Llevar,Debito,4800,0,766,0
7984,2024-10-10,2024,10,October,Thursday,False,41,13,almuerzo,Servir,Credito,3300,0,527,0
7985,2024-10-10,2024,10,October,Thursday,False,41,13,almuerzo,Servir,Credito,1500,0,239,0
7986,2024-10-10,2024,10,October,Thursday,False,41,13,almuerzo,Servir,Efectivo,3100,0,0,0
7987,2024-10-10,2024,10,October,Thursday,False,41,13,almuerzo,Servir,Efectivo,2000,0,0,0
7988,2024-10-10,2024,10,October,Thursday,False,41,13,almuerzo,Llevar,Debito,9000,0,1437,0
7989,2024-10-10,2024,10,October,Thursday,False,41,13,almuerzo,Llevar,Debito,3000,0,479,0
7990,2024-10-10,2024,10,October,Thursday,False,41,13,almuerzo,Llevar,Edenred,6200,0,0,0
7991,2024-10-10,2024,10,October,Thursday,False,41,13,almuerzo,Llevar,Transferencia,8000,0,0,0
7992,2024-10-10,2024,10,October,Thursday,False,41,13,almuerzo,Llevar,Edenred,1400,0,0,0
7993,2024-10-10,2024,10,October,Thursday,False,41,13,almuerzo,Llevar,Debito,2000,0,319,0
7994,2024-10-10,2024,10,October,Thursday,False,41,13,almuerzo,Llevar,Debito,1400,0,224,0
7995,2024-10-10,2024,10,October,Thursday,False,41,13,almuerzo,Llevar,Debito,3100,0,495,0
7996,2024-10-10,2024,10,October,Thursday,False,41,13,almuerzo,Llevar,Debito,2200,0,351,0
7997,2024-10-10,2024,10,October,Thursday,False,41,14,almuerzo,Llevar,Debito,14800,0,2363,0
7998,2024-10-10,2024,10,October,Thursday,False,41,14,almuerzo,Llevar,Credito,1500,0,239,0
7999,2024-10-10,2024,10,October,Thursday,False,41,14,almuerzo,Llevar,Efectivo,3500,0,559,0
8000,2024-10-10,2024,10,October,Thursday,False,41,16,tarde,Llevar,Edenred,3000,0,0,0
8001,2024-10-10,2024,10,October,Thursday,False,41,16,tarde,Llevar,Debito,10000,0,1597,0
8002,2024-10-10,2024,10,October,Thursday,False,41,16,tarde,Llevar,Debito,9100,0,1453,0
8003,2024-10-10,2024,10,October,Thursday,False,41,16,tarde,Llevar,Edenred,2800,0,0,0
8004,2024-10-10,2024,10,October,Thursday,False,41,16,tarde,Llevar,Edenred,4000,0,0,0
8005,2024-10-10,2024,10,October,Thursday,False,41,16,tarde,Llevar,Efectivo,1000,100,160,0
8006,2024-10-10,2024,10,October,Thursday,False,41,17,tarde,Llevar,Credito,7000,0,1118,0
8007,2024-10-10,2024,10,October,Thursday,False,41,17,tarde,Servir,Debito,15100,0,2411,1510
8008,2024-10-10,2024,10,October,Thursday,False,41,17,tarde,Llevar,Debito,9100,0,1453,0
8009,2024-10-10,2024,10,October,Thursday,False,41,17,tarde,Llevar,Debito,3800,0,607,0
8010,2024-10-10,2024,10,October,Thursday,False,41,17,tarde,Servir,Debito,14200,0,2267,1420
8011,2024-10-10,2024,10,October,Thursday,False,41,18,tarde,Llevar,Debito,6600,0,1054,0
8012,2024-10-10,2024,10,October,Thursday,False,41,18,tarde,Llevar,Debito,19300,0,3082,0
8013,2024-10-10,2024,10,October,Thursday,False,41,18,tarde,Servir,Debito,14300,0,2283,1430
8014,2024-10-10,2024,10,October,Thursday,False,41,18,tarde,Llevar,Efectivo,3100,0,495,0
8015,2024-10-10,2024,10,October,Thursday,False,41,18,tarde,Llevar,Debito,4900,0,782,0
8016,2024-10-10,2024,10,October,Thursday,False,41,18,tarde,Llevar,Debito,3800,0,607,0
8017,2024-10-10,2024,10,October,Thursday,False,41,18,tarde,Servir,Efectivo,7000,0,0,0
8018,2024-10-10,2024,10,October,Thursday,False,41,19,cierre,Llevar,Debito,4500,0,718,0
8019,2024-10-10,2024,10,October,Thursday,False,41,19,cierre,Servir,Debito,3500,0,559,0
8020,2024-10-10,2024,10,October,Thursday,False,41,19,cierre,Servir,Debito,8000,0,1277,800
8021,2024-10-10,2024,10,October,Thursday,False,41,19,cierre,Servir,Debito,16600,0,2650,1660
8022,2024-10-10,2024,10,October,Thursday,False,41,19,cierre,Servir,Debito,14900,0,2379,1490
8023,2024-10-10,2024,10,October,Thursday,False,41,19,cierre,Llevar,Efectivo,1500,0,239,0
8024,2024-10-10,2024,10,October,Thursday,False,41,19,cierre,Llevar,Edenred,2000,0,0,0
8025,2024-10-10,2024,10,October,Thursday,False,41,19,cierre,Servir,Debito,3500,0,559,0
8026,2024-10-10,2024,10,October,Thursday,False,41,19,cierre,Llevar,Debito,5100,0,814,0
8027,2024-10-10,2024,10,October,Thursday,False,41,19,cierre,Llevar,Debito,8200,0,1309,0
8028,2024-10-11,2024,10,October,Friday,False,41,12,manana,Llevar,Efectivo,7600,0,0,0
8029,2024-10-11,2024,10,October,Friday,False,41,12,manana,Servir,Efectivo,10000,0,0,0
8030,2024-10-11,2024,10,October,Friday,False,41,12,manana,Llevar,Debito,2000,0,319,0
8031,2024-10-11,2024,10,October,Friday,False,41,12,manana,Servir,Credito,3500,0,559,0
8032,2024-10-11,2024,10,October,Friday,False,41,13,almuerzo,Llevar,Debito,4400,0,703,0
8033,2024-10-11,2024,10,October,Friday,False,41,13,almuerzo,Llevar,Credito,4800,0,766,0
8034,2024-10-11,2024,10,October,Friday,False,41,13,almuerzo,Llevar,Debito,10800,0,1724,0
8035,2024-10-11,2024,10,October,Friday,False,41,13,almuerzo,Llevar,Debito,7800,0,1245,0
8036,2024-10-11,2024,10,October,Friday,False,41,13,almuerzo,Llevar,Debito,7800,0,1245,0
8037,2024-10-11,2024,10,October,Friday,False,41,14,almuerzo,Llevar,Credito,3400,0,543,0
8038,2024-10-11,2024,10,October,Friday,False,41,14,almuerzo,Llevar,Transferencia,42000,0,0,0
8039,2024-10-11,2024,10,October,Friday,False,41,14,almuerzo,Llevar,Transferencia,92180,0,0,0
8040,2024-10-11,2024,10,October,Friday,False,41,14,almuerzo,Servir,Debito,9200,0,1469,0
8041,2024-10-11,2024,10,October,Friday,False,41,14,almuerzo,Llevar,Debito,2800,0,447,0
8042,2024-10-11,2024,10,October,Friday,False,41,15,almuerzo,Llevar,Efectivo,5000,0,798,0
8043,2024-10-11,2024,10,October,Friday,False,41,16,tarde,Servir,Efectivo,32200,0,0,0
8044,2024-10-11,2024,10,October,Friday,False,41,16,tarde,Llevar,Credito,2100,0,335,0
8045,2024-10-11,2024,10,October,Friday,False,41,17,tarde,Servir,Efectivo,7500,0,1197,0
8046,2024-10-11,2024,10,October,Friday,False,41,17,tarde,Llevar,Debito,2000,0,319,0
8047,2024-10-11,2024,10,October,Friday,False,41,17,tarde,Llevar,Debito,4000,0,639,0
8048,2024-10-11,2024,10,October,Friday,False,41,17,tarde,Llevar,Debito,2000,0,319,0
8049,2024-10-11,2024,10,October,Friday,False,41,17,tarde,Llevar,Debito,2000,0,319,0
8050,2024-10-11,2024,10,October,Friday,False,41,17,tarde,Servir,Efectivo,14400,0,0,0
8051,2024-10-11,2024,10,October,Friday,False,41,18,tarde,Servir,Efectivo,17000,0,0,0
8052,2024-10-11,2024,10,October,Friday,False,41,18,tarde,Llevar,Efectivo,3800,0,607,0
8053,2024-10-11,2024,10,October,Friday,False,41,18,tarde,Llevar,Debito,3800,0,607,0
8054,2024-10-11,2024,10,October,Friday,False,41,18,tarde,Llevar,Debito,3800,0,607,0
8055,2024-10-11,2024,10,October,Friday,False,41,19,cierre,Llevar,Debito,3000,0,479,0
8056,2024-10-11,2024,10,October,Friday,False,41,19,cierre,Servir,Edenred,14600,0,0,0
8057,2024-10-11,2024,10,October,Friday,False,41,19,cierre,Llevar,Debito,4600,0,734,0
8058,2024-10-11,2024,10,October,Friday,False,41,19,cierre,Llevar,Efectivo,7000,0,1118,0
8059,2024-10-11,2024,10,October,Friday,False,41,19,cierre,Llevar,Efectivo,1100,0,176,0
8060,2024-10-11,2024,10,October,Friday,False,41,20,cierre,Llevar,Debito,2000,0,319,0
8061,2024-10-12,2024,10,October,Saturday,True,41,11,manana,Llevar,Debito,6800,0,1086,0
8062,2024-10-12,2024,10,October,Saturday,True,41,11,manana,Llevar,Debito,3100,0,495,0
8063,2024-10-12,2024,10,October,Saturday,True,41,13,almuerzo,Servir,Debito,3800,0,607,0
8064,2024-10-12,2024,10,October,Saturday,True,41,13,almuerzo,Llevar,Debito,4000,0,639,0
8065,2024-10-12,2024,10,October,Saturday,True,41,13,almuerzo,Servir,Credito,28800,0,4598,0
8066,2024-10-12,2024,10,October,Saturday,True,41,14,almuerzo,Llevar,Debito,23000,0,3672,0
8067,2024-10-12,2024,10,October,Saturday,True,41,14,almuerzo,Llevar,Debito,13200,0,2108,0
8068,2024-10-12,2024,10,October,Saturday,True,41,14,almuerzo,Llevar,Debito,4200,0,671,0
8069,2024-10-12,2024,10,October,Saturday,True,41,15,almuerzo,Llevar,Debito,6000,0,958,0
8070,2024-10-12,2024,10,October,Saturday,True,41,16,tarde,Servir,Debito,8000,0,1277,800
8071,2024-10-12,2024,10,October,Saturday,True,41,16,tarde,Servir,Debito,5200,0,830,520
8072,2024-10-12,2024,10,October,Saturday,True,41,16,tarde,Llevar,Debito,2000,0,319,0
8073,2024-10-12,2024,10,October,Saturday,True,41,16,tarde,Servir,Debito,10000,0,1597,0
8074,2024-10-12,2024,10,October,Saturday,True,41,17,tarde,Llevar,Debito,4200,0,671,0
8075,2024-10-12,2024,10,October,Saturday,True,41,17,tarde,Llevar,Debito,7500,0,1197,0
8076,2024-10-12,2024,10,October,Saturday,True,41,17,tarde,Servir,Debito,4000,0,639,0
8077,2024-10-12,2024,10,October,Saturday,True,41,17,tarde,Llevar,Debito,9500,0,1517,0
8078,2024-10-12,2024,10,October,Saturday,True,41,17,tarde,Servir,Debito,10200,0,1629,1020
8079,2024-10-12,2024,10,October,Saturday,True,41,17,tarde,Servir,Debito,11800,0,1884,1180
8080,2024-10-12,2024,10,October,Saturday,True,41,17,tarde,Llevar,Efectivo,7000,0,1118,0
8081,2024-10-12,2024,10,October,Saturday,True,41,18,tarde,Servir,Credito,17200,0,2746,0
8082,2024-10-12,2024,10,October,Saturday,True,41,18,tarde,Servir,Debito,16000,0,2555,1600
8083,2024-10-12,2024,10,October,Saturday,True,41,18,tarde,Servir,Debito,13800,0,2203,0
8084,2024-10-12,2024,10,October,Saturday,True,41,18,tarde,Llevar,Debito,10900,0,1740,0
8085,2024-10-12,2024,10,October,Saturday,True,41,19,cierre,Llevar,Debito,3800,0,607,0
8086,2024-10-12,2024,10,October,Saturday,True,41,19,cierre,Llevar,Efectivo,11000,0,1756,0
8087,2024-10-12,2024,10,October,Saturday,True,41,19,cierre,Servir,Debito,13500,0,2155,1350
8088,2024-10-12,2024,10,October,Saturday,True,41,19,cierre,Servir,Debito,14000,0,2235,1400
8089,2024-10-12,2024,10,October,Saturday,True,41,19,cierre,Llevar,Debito,2200,0,351,0
8090,2024-10-14,2024,10,October,Monday,False,42,9,apertura,Llevar,Transferencia,42000,0,0,0
8091,2024-10-14,2024,10,October,Monday,False,42,9,apertura,Llevar,Transferencia,8500,0,0,0
8092,2024-10-14,2024,10,October,Monday,False,42,12,manana,Servir,Debito,13600,0,2171,0
8093,2024-10-14,2024,10,October,Monday,False,42,12,manana,Servir,Credito,15300,0,2443,1530
8094,2024-10-14,2024,10,October,Monday,False,42,13,almuerzo,Llevar,Debito,3800,0,607,0
8095,2024-10-14,2024,10,October,Monday,False,42,13,almuerzo,Servir,Edenred,6800,0,0,0
8096,2024-10-14,2024,10,October,Monday,False,42,14,almuerzo,Llevar,Debito,3800,0,607,0
8097,2024-10-14,2024,10,October,Monday,False,42,16,tarde,Llevar,Debito,3500,0,559,0
8098,2024-10-14,2024,10,October,Monday,False,42,16,tarde,Llevar,Debito,5000,0,798,0
8099,2024-10-14,2024,10,October,Monday,False,42,17,tarde,Llevar,Debito,8400,0,1341,0
8100,2024-10-14,2024,10,October,Monday,False,42,17,tarde,Llevar,Debito,3800,0,607,0
8101,2024-10-14,2024,10,October,Monday,False,42,17,tarde,Servir,Efectivo,12200,0,1948,1220
8102,2024-10-14,2024,10,October,Monday,False,42,17,tarde,Servir,Debito,5400,0,862,540
8103,2024-10-14,2024,10,October,Monday,False,42,17,tarde,Servir,Credito,10800,0,1724,1080
8104,2024-10-14,2024,10,October,Monday,False,42,17,tarde,Llevar,Debito,4750,0,758,0
8105,2024-10-14,2024,10,October,Monday,False,42,18,tarde,Servir,Edenred,6800,0,0,0
8106,2024-10-14,2024,10,October,Monday,False,42,18,tarde,Llevar,Credito,4300,0,687,0
8107,2024-10-14,2024,10,October,Monday,False,42,18,tarde,Llevar,Efectivo,2200,0,351,0
8108,2024-10-14,2024,10,October,Monday,False,42,18,tarde,Llevar,Debito,2100,0,335,0
8109,2024-10-14,2024,10,October,Monday,False,42,18,tarde,Llevar,Debito,5500,0,878,0
8110,2024-10-14,2024,10,October,Monday,False,42,18,tarde,Servir,Debito,15400,0,0,0
8111,2024-10-14,2024,10,October,Monday,False,42,19,cierre,Llevar,Efectivo,1400,0,224,0
8112,2024-10-14,2024,10,October,Monday,False,42,19,cierre,Llevar,Efectivo,2200,0,351,0
8113,2024-10-14,2024,10,October,Monday,False,42,19,cierre,Llevar,Efectivo,2200,0,351,0
8114,2024-10-14,2024,10,October,Monday,False,42,19,cierre,Llevar,Credito,5600,0,894,0
8115,2024-10-14,2024,10,October,Monday,False,42,19,cierre,Llevar,Credito,4000,0,639,0
8116,2024-10-14,2024,10,October,Monday,False,42,19,cierre,Servir,Debito,5500,0,878,0
8117,2024-10-14,2024,10,October,Monday,False,42,19,cierre,Llevar,Debito,3800,0,607,0
8118,2024-10-15,2024,10,October,Tuesday,False,42,12,manana,Llevar,Efectivo,17500,0,2794,0
8119,2024-10-15,2024,10,October,Tuesday,False,42,13,almuerzo,Llevar,Debito,3600,0,575,0
8120,2024-10-15,2024,10,October,Tuesday,False,42,13,almuerzo,Llevar,Edenred,6000,0,0,0
8121,2024-10-15,2024,10,October,Tuesday,False,42,13,almuerzo,Llevar,Debito,6000,0,958,0
8122,2024-10-15,2024,10,October,Tuesday,False,42,13,almuerzo,Llevar,Debito,9600,0,1533,0
8123,2024-10-15,2024,10,October,Tuesday,False,42,14,almuerzo,Llevar,Debito,2000,0,319,0
8124,2024-10-15,2024,10,October,Tuesday,False,42,14,almuerzo,Servir,Debito,10600,0,1692,0
8125,2024-10-15,2024,10,October,Tuesday,False,42,14,almuerzo,Llevar,Debito,4000,0,639,0
8126,2024-10-15,2024,10,October,Tuesday,False,42,14,almuerzo,Llevar,Debito,5800,0,926,0
8127,2024-10-15,2024,10,October,Tuesday,False,42,14,almuerzo,Servir,Debito,2000,0,0,0
8128,2024-10-15,2024,10,October,Tuesday,False,42,14,almuerzo,Servir,Credito,6800,0,1086,0
8129,2024-10-15,2024,10,October,Tuesday,False,42,14,almuerzo,Llevar,Efectivo,30000,0,4790,0
8130,2024-10-15,2024,10,October,Tuesday,False,42,16,tarde,Llevar,Debito,5200,0,830,0
8131,2024-10-15,2024,10,October,Tuesday,False,42,17,tarde,Llevar,Edenred,3800,0,0,0
8132,2024-10-15,2024,10,October,Tuesday,False,42,17,tarde,Servir,Edenred,5600,0,0,0
8133,2024-10-15,2024,10,October,Tuesday,False,42,17,tarde,Servir,Debito,13200,0,0,0
8134,2024-10-15,2024,10,October,Tuesday,False,42,17,tarde,Servir,Debito,24000,0,3832,0
8135,2024-10-15,2024,10,October,Tuesday,False,42,17,tarde,Llevar,Debito,2000,0,319,0
8136,2024-10-15,2024,10,October,Tuesday,False,42,18,tarde,Llevar,Debito,11300,0,1804,0
8137,2024-10-15,2024,10,October,Tuesday,False,42,18,tarde,Llevar,Debito,3500,0,559,0
8138,2024-10-15,2024,10,October,Tuesday,False,42,18,tarde,Llevar,Debito,1500,0,239,0
8139,2024-10-15,2024,10,October,Tuesday,False,42,19,cierre,Llevar,Debito,1500,0,239,0
8140,2024-10-16,2024,10,October,Wednesday,False,42,13,almuerzo,Servir,Debito,6300,0,1006,0
8141,2024-10-16,2024,10,October,Wednesday,False,42,13,almuerzo,Llevar,Efectivo,4000,0,639,0
8142,2024-10-16,2024,10,October,Wednesday,False,42,13,almuerzo,Llevar,Debito,3100,0,495,0
8143,2024-10-16,2024,10,October,Wednesday,False,42,14,almuerzo,Llevar,Debito,4000,0,639,0
8144,2024-10-16,2024,10,October,Wednesday,False,42,14,almuerzo,Servir,Debito,2000,0,319,0
8145,2024-10-16,2024,10,October,Wednesday,False,42,15,almuerzo,Llevar,Debito,1600,0,255,0
8146,2024-10-16,2024,10,October,Wednesday,False,42,15,almuerzo,Servir,Debito,6800,0,1086,0
8147,2024-10-16,2024,10,October,Wednesday,False,42,15,almuerzo,Servir,Debito,7000,0,1118,0
8148,2024-10-16,2024,10,October,Wednesday,False,42,15,almuerzo,Servir,Efectivo,6300,0,1006,0
8149,2024-10-16,2024,10,October,Wednesday,False,42,15,almuerzo,Servir,Debito,9000,0,1437,0
8150,2024-10-16,2024,10,October,Wednesday,False,42,15,almuerzo,Servir,Debito,11000,0,1756,0
8151,2024-10-16,2024,10,October,Wednesday,False,42,15,almuerzo,Servir,Debito,6200,0,990,0
8152,2024-10-16,2024,10,October,Wednesday,False,42,16,tarde,Llevar,Debito,4600,0,734,0
8153,2024-10-16,2024,10,October,Wednesday,False,42,16,tarde,Llevar,Transferencia,42000,0,0,0
8154,2024-10-16,2024,10,October,Wednesday,False,42,16,tarde,Llevar,Transferencia,111440,0,0,0
8155,2024-10-16,2024,10,October,Wednesday,False,42,16,tarde,Llevar,Debito,3100,0,0,0
8156,2024-10-16,2024,10,October,Wednesday,False,42,16,tarde,Llevar,Efectivo,3500,0,559,0
8157,2024-10-16,2024,10,October,Wednesday,False,42,16,tarde,Servir,Efectivo,3200,0,0,0
8158,2024-10-16,2024,10,October,Wednesday,False,42,17,tarde,Llevar,Efectivo,3200,0,0,0
8159,2024-10-16,2024,10,October,Wednesday,False,42,17,tarde,Llevar,Edenred,6300,0,0,0
8160,2024-10-16,2024,10,October,Wednesday,False,42,17,tarde,Llevar,Debito,10500,0,1676,0
8161,2024-10-16,2024,10,October,Wednesday,False,42,17,tarde,Llevar,Debito,16900,0,2698,0
8162,2024-10-16,2024,10,October,Wednesday,False,42,17,tarde,Servir,Debito,6100,0,974,0
8163,2024-10-16,2024,10,October,Wednesday,False,42,17,tarde,Llevar,Debito,20900,0,3337,0
8164,2024-10-16,2024,10,October,Wednesday,False,42,17,tarde,Servir,Debito,3500,0,559,0
8165,2024-10-16,2024,10,October,Wednesday,False,42,17,tarde,Llevar,Debito,3100,0,495,0
8166,2024-10-16,2024,10,October,Wednesday,False,42,17,tarde,Llevar,Debito,1500,0,239,0
8167,2024-10-16,2024,10,October,Wednesday,False,42,17,tarde,Servir,Debito,1500,0,239,0
8168,2024-10-16,2024,10,October,Wednesday,False,42,18,tarde,Servir,Debito,1400,0,224,0
8169,2024-10-16,2024,10,October,Wednesday,False,42,18,tarde,Servir,Debito,1600,0,255,0
8170,2024-10-16,2024,10,October,Wednesday,False,42,18,tarde,Llevar,Debito,5500,0,878,0
8171,2024-10-16,2024,10,October,Wednesday,False,42,18,tarde,Servir,Debito,14400,0,2299,0
8172,2024-10-16,2024,10,October,Wednesday,False,42,18,tarde,Llevar,Debito,8600,0,1373,0
8173,2024-10-16,2024,10,October,Wednesday,False,42,18,tarde,Llevar,Debito,4500,0,718,0
8174,2024-10-16,2024,10,October,Wednesday,False,42,18,tarde,Servir,Debito,11700,0,1868,0
8175,2024-10-17,2024,10,October,Thursday,False,42,12,manana,Llevar,Debito,3400,0,543,0
8176,2024-10-17,2024,10,October,Thursday,False,42,12,manana,Llevar,Debito,3000,0,479,0
8177,2024-10-17,2024,10,October,Thursday,False,42,12,manana,Llevar,Debito,3000,0,479,0
8178,2024-10-17,2024,10,October,Thursday,False,42,12,manana,Llevar,Debito,1400,0,224,0
8179,2024-10-17,2024,10,October,Thursday,False,42,12,manana,Llevar,Efectivo,8600,0,1373,0
8180,2024-10-17,2024,10,October,Thursday,False,42,13,almuerzo,Servir,Debito,29000,0,4630,0
8181,2024-10-17,2024,10,October,Thursday,False,42,13,almuerzo,Servir,Edenred,13800,0,0,0
8182,2024-10-17,2024,10,October,Thursday,False,42,13,almuerzo,Llevar,Debito,10000,0,1597,0
8183,2024-10-17,2024,10,October,Thursday,False,42,13,almuerzo,Llevar,Debito,2000,0,319,0
8184,2024-10-17,2024,10,October,Thursday,False,42,13,almuerzo,Llevar,Debito,4000,0,639,0
8185,2024-10-17,2024,10,October,Thursday,False,42,13,almuerzo,Llevar,Debito,4000,0,639,0
8186,2024-10-17,2024,10,October,Thursday,False,42,13,almuerzo,Servir,Debito,4000,0,639,0
8187,2024-10-17,2024,10,October,Thursday,False,42,13,almuerzo,Llevar,Debito,3500,0,559,0
8188,2024-10-17,2024,10,October,Thursday,False,42,13,almuerzo,Llevar,Debito,8500,0,1357,0
8189,2024-10-17,2024,10,October,Thursday,False,42,14,almuerzo,Llevar,Debito,3000,0,479,0
8190,2024-10-17,2024,10,October,Thursday,False,42,14,almuerzo,Llevar,Debito,7300,0,1166,0
8191,2024-10-17,2024,10,October,Thursday,False,42,15,almuerzo,Llevar,Debito,5800,0,926,0
8192,2024-10-17,2024,10,October,Thursday,False,42,15,almuerzo,Llevar,Efectivo,3800,0,607,0
8193,2024-10-17,2024,10,October,Thursday,False,42,16,tarde,Servir,Debito,6000,0,958,0
8194,2024-10-17,2024,10,October,Thursday,False,42,16,tarde,Servir,Debito,13500,0,2155,1350
8195,2024-10-17,2024,10,October,Thursday,False,42,16,tarde,Servir,Efectivo,12800,0,2044,0
8196,2024-10-17,2024,10,October,Thursday,False,42,17,tarde,Llevar,Edenred,4000,0,0,0
8197,2024-10-17,2024,10,October,Thursday,False,42,17,tarde,Servir,Efectivo,4500,0,718,0
8198,2024-10-17,2024,10,October,Thursday,False,42,17,tarde,Llevar,Debito,15600,0,2491,0
8199,2024-10-17,2024,10,October,Thursday,False,42,18,tarde,Servir,Debito,24300,0,3880,0
8200,2024-10-17,2024,10,October,Thursday,False,42,18,tarde,Servir,Efectivo,1100,0,176,0
8201,2024-10-17,2024,10,October,Thursday,False,42,18,tarde,Servir,Debito,14000,0,2235,1400
8202,2024-10-17,2024,10,October,Thursday,False,42,18,tarde,Llevar,Edenred,3000,0,0,0
8203,2024-10-17,2024,10,October,Thursday,False,42,18,tarde,Llevar,Debito,3800,0,607,0
8204,2024-10-17,2024,10,October,Thursday,False,42,18,tarde,Servir,Debito,3800,0,607,0
8205,2024-10-17,2024,10,October,Thursday,False,42,18,tarde,Llevar,Debito,6600,0,1054,0
8206,2024-10-17,2024,10,October,Thursday,False,42,18,tarde,Llevar,Debito,1500,0,239,0
8207,2024-10-17,2024,10,October,Thursday,False,42,18,tarde,Llevar,Debito,3100,0,495,0
8208,2024-10-17,2024,10,October,Thursday,False,42,18,tarde,Servir,Debito,14600,0,2331,1460
8209,2024-10-17,2024,10,October,Thursday,False,42,19,cierre,Llevar,Efectivo,1600,0,255,0
8210,2024-10-17,2024,10,October,Thursday,False,42,19,cierre,Llevar,Debito,7200,0,1150,0
8211,2024-10-17,2024,10,October,Thursday,False,42,19,cierre,Llevar,Edenred,3500,0,0,0
8212,2024-10-17,2024,10,October,Thursday,False,42,19,cierre,Llevar,Debito,5600,0,894,0
8213,2024-10-18,2024,10,October,Friday,False,42,12,manana,Llevar,Debito,7200,0,1150,0
8214,2024-10-18,2024,10,October,Friday,False,42,13,almuerzo,Servir,Debito,20000,0,0,0
8215,2024-10-18,2024,10,October,Friday,False,42,13,almuerzo,Llevar,Debito,6300,0,1006,0
8216,2024-10-18,2024,10,October,Friday,False,42,13,almuerzo,Servir,Debito,7900,0,1261,0
8217,2024-10-18,2024,10,October,Friday,False,42,13,almuerzo,Servir,Efectivo,20000,0,3193,0
8218,2024-10-18,2024,10,October,Friday,False,42,14,almuerzo,Servir,Debito,12000,0,0,0
8219,2024-10-18,2024,10,October,Friday,False,42,14,almuerzo,Servir,Debito,5400,0,862,0
8220,2024-10-18,2024,10,October,Friday,False,42,14,almuerzo,Servir,Debito,10200,0,1629,0
8221,2024-10-18,2024,10,October,Friday,False,42,14,almuerzo,Llevar,Debito,9000,0,1437,0
8222,2024-10-18,2024,10,October,Friday,False,42,14,almuerzo,Servir,Efectivo,20000,0,0,0
8224,2024-10-18,2024,10,October,Friday,False,42,15,almuerzo,Llevar,Debito,9000,0,1437,0
8225,2024-10-18,2024,10,October,Friday,False,42,15,almuerzo,Llevar,Debito,7600,0,1213,0
8226,2024-10-18,2024,10,October,Friday,False,42,15,almuerzo,Llevar,Debito,7500,0,1197,0
8227,2024-10-18,2024,10,October,Friday,False,42,15,almuerzo,Servir,Debito,4000,0,639,0
8228,2024-10-18,2024,10,October,Friday,False,42,16,tarde,Llevar,Debito,3800,0,607,0
8229,2024-10-18,2024,10,October,Friday,False,42,16,tarde,Servir,Debito,20000,0,3193,0
8230,2024-10-18,2024,10,October,Friday,False,42,16,tarde,Servir,Debito,18000,0,2874,0
8231,2024-10-18,2024,10,October,Friday,False,42,16,tarde,Llevar,Debito,3500,0,559,0
8232,2024-10-18,2024,10,October,Friday,False,42,16,tarde,Llevar,Debito,5800,0,926,0
8233,2024-10-18,2024,10,October,Friday,False,42,16,tarde,Llevar,Credito,5500,0,878,0
8234,2024-10-18,2024,10,October,Friday,False,42,16,tarde,Llevar,Debito,3800,0,607,0
8235,2024-10-18,2024,10,October,Friday,False,42,17,tarde,Servir,Edenred,26500,0,0,0
8236,2024-10-18,2024,10,October,Friday,False,42,17,tarde,Servir,Debito,25900,0,0,0
8237,2024-10-18,2024,10,October,Friday,False,42,17,tarde,Servir,Credito,13800,0,2203,0
8238,2024-10-18,2024,10,October,Friday,False,42,18,tarde,Llevar,Debito,3000,0,479,0
8239,2024-10-18,2024,10,October,Friday,False,42,18,tarde,Servir,Debito,13000,0,2076,0
8240,2024-10-18,2024,10,October,Friday,False,42,18,tarde,Llevar,Debito,9700,0,1549,0
8241,2024-10-18,2024,10,October,Friday,False,42,18,tarde,Llevar,Debito,3400,0,543,0
8242,2024-10-18,2024,10,October,Friday,False,42,18,tarde,Llevar,Efectivo,3100,0,0,0
8243,2024-10-18,2024,10,October,Friday,False,42,18,tarde,Servir,Efectivo,2000,0,319,0
8244,2024-10-18,2024,10,October,Friday,False,42,18,tarde,Servir,Efectivo,5400,0,862,0
8245,2024-10-18,2024,10,October,Friday,False,42,18,tarde,Llevar,Debito,5000,0,798,0
8246,2024-10-18,2024,10,October,Friday,False,42,19,cierre,Llevar,Debito,3100,0,495,0
8247,2024-10-18,2024,10,October,Friday,False,42,19,cierre,Llevar,Debito,3000,0,479,0
8248,2024-10-18,2024,10,October,Friday,False,42,19,cierre,Llevar,Debito,6500,0,1038,0
8249,2024-10-18,2024,10,October,Friday,False,42,19,cierre,Llevar,Debito,6500,0,1038,0
8250,2024-10-18,2024,10,October,Friday,False,42,19,cierre,Llevar,Debito,14300,0,2283,0
8251,2024-10-18,2024,10,October,Friday,False,42,19,cierre,Llevar,Debito,3400,0,543,0
8252,2024-10-18,2024,10,October,Friday,False,42,19,cierre,Llevar,Debito,3000,0,479,0
8253,2024-10-19,2024,10,October,Saturday,True,42,12,manana,Llevar,Efectivo,11000,0,1756,0
8254,2024-10-19,2024,10,October,Saturday,True,42,13,almuerzo,Servir,Efectivo,11900,0,1900,1190
8255,2024-10-19,2024,10,October,Saturday,True,42,13,almuerzo,Llevar,Debito,4400,0,703,0
8256,2024-10-19,2024,10,October,Saturday,True,42,13,almuerzo,Servir,Debito,9800,0,1565,0
8257,2024-10-19,2024,10,October,Saturday,True,42,13,almuerzo,Servir,Debito,12500,0,1996,1250
8258,2024-10-19,2024,10,October,Saturday,True,42,13,almuerzo,Servir,Debito,14000,0,2235,1400
8259,2024-10-19,2024,10,October,Saturday,True,42,13,almuerzo,Llevar,Efectivo,3800,0,607,0
8260,2024-10-19,2024,10,October,Saturday,True,42,14,almuerzo,Servir,Debito,3800,0,607,0
8261,2024-10-19,2024,10,October,Saturday,True,42,14,almuerzo,Llevar,Debito,3500,0,559,0
8262,2024-10-19,2024,10,October,Saturday,True,42,14,almuerzo,Llevar,Debito,11400,0,1820,0
8263,2024-10-19,2024,10,October,Saturday,True,42,16,tarde,Llevar,Debito,3800,0,607,0
8264,2024-10-19,2024,10,October,Saturday,True,42,16,tarde,Servir,Debito,22800,0,3640,2280
8265,2024-10-19,2024,10,October,Saturday,True,42,16,tarde,Llevar,Edenred,2000,0,0,0
8266,2024-10-19,2024,10,October,Saturday,True,42,16,tarde,Servir,Debito,9300,0,1485,930
8267,2024-10-19,2024,10,October,Saturday,True,42,16,tarde,Servir,Credito,20000,0,3193,2000
8268,2024-10-19,2024,10,October,Saturday,True,42,16,tarde,Servir,Debito,10600,0,1692,1060
8269,2024-10-19,2024,10,October,Saturday,True,42,17,tarde,Servir,Debito,20100,0,3209,2010
8270,2024-10-19,2024,10,October,Saturday,True,42,17,tarde,Llevar,Efectivo,4200,0,671,0
8271,2024-10-19,2024,10,October,Saturday,True,42,17,tarde,Servir,Debito,5500,0,878,550
8272,2024-10-19,2024,10,October,Saturday,True,42,17,tarde,Servir,Debito,10200,0,1629,0
8273,2024-10-19,2024,10,October,Saturday,True,42,17,tarde,Llevar,Efectivo,2800,0,447,0
8274,2024-10-19,2024,10,October,Saturday,True,42,17,tarde,Llevar,Debito,9700,0,1549,0
8275,2024-10-19,2024,10,October,Saturday,True,42,18,tarde,Llevar,Debito,2800,0,447,0
8276,2024-10-19,2024,10,October,Saturday,True,42,18,tarde,Llevar,Debito,1600,0,255,0
8277,2024-10-19,2024,10,October,Saturday,True,42,18,tarde,Servir,Debito,2000,0,319,0
8278,2024-10-19,2024,10,October,Saturday,True,42,18,tarde,Llevar,Debito,3000,0,479,0
8279,2024-10-19,2024,10,October,Saturday,True,42,18,tarde,Servir,Debito,12500,0,1996,1250
8280,2024-10-19,2024,10,October,Saturday,True,42,19,cierre,Servir,Debito,17400,0,2778,1740
8281,2024-10-19,2024,10,October,Saturday,True,42,19,cierre,Llevar,Debito,4000,0,639,0
8282,2024-10-19,2024,10,October,Saturday,True,42,19,cierre,Llevar,Credito,4800,0,766,0
8283,2024-10-19,2024,10,October,Saturday,True,42,19,cierre,Servir,Credito,12000,0,1916,1200
8284,2024-10-19,2024,10,October,Saturday,True,42,19,cierre,Llevar,Debito,3000,0,479,0
8285,2024-10-19,2024,10,October,Saturday,True,42,20,cierre,Llevar,Debito,2000,0,319,0
8286,2024-10-21,2024,10,October,Monday,False,43,10,manana,Llevar,Transferencia,42000,0,0,0
8287,2024-10-21,2024,10,October,Monday,False,43,11,manana,Llevar,Credito,9400,0,0,0
8288,2024-10-21,2024,10,October,Monday,False,43,12,manana,Llevar,Debito,5600,0,0,0
8289,2024-10-21,2024,10,October,Monday,False,43,12,manana,Servir,Efectivo,6500,0,1038,0
8290,2024-10-21,2024,10,October,Monday,False,43,13,almuerzo,Llevar,Debito,3000,0,479,0
8291,2024-10-21,2024,10,October,Monday,False,43,13,almuerzo,Servir,Debito,2800,0,447,0
8292,2024-10-21,2024,10,October,Monday,False,43,13,almuerzo,Servir,Debito,15800,0,2523,1580
8293,2024-10-21,2024,10,October,Monday,False,43,14,almuerzo,Llevar,Debito,3800,0,607,0
8294,2024-10-21,2024,10,October,Monday,False,43,14,almuerzo,Servir,Debito,13000,0,2076,0
8295,2024-10-21,2024,10,October,Monday,False,43,14,almuerzo,Servir,Edenred,40000,0,0,0
8296,2024-10-21,2024,10,October,Monday,False,43,14,almuerzo,Llevar,Debito,3800,0,607,0
8297,2024-10-21,2024,10,October,Monday,False,43,14,almuerzo,Llevar,Debito,2800,0,447,0
8298,2024-10-21,2024,10,October,Monday,False,43,14,almuerzo,Llevar,Debito,2000,0,319,0
8299,2024-10-21,2024,10,October,Monday,False,43,15,almuerzo,Llevar,Transferencia,3000,0,0,0
8300,2024-10-21,2024,10,October,Monday,False,43,15,almuerzo,Servir,Debito,11800,0,1884,0
8301,2024-10-21,2024,10,October,Monday,False,43,15,almuerzo,Llevar,Efectivo,4000,0,639,0
8302,2024-10-21,2024,10,October,Monday,False,43,16,tarde,Llevar,Debito,8000,0,1277,0
8303,2024-10-21,2024,10,October,Monday,False,43,16,tarde,Llevar,Debito,3800,0,607,0
8304,2024-10-21,2024,10,October,Monday,False,43,16,tarde,Llevar,Debito,3500,0,559,0
8305,2024-10-21,2024,10,October,Monday,False,43,16,tarde,Servir,Debito,31000,0,4950,3100
8306,2024-10-21,2024,10,October,Monday,False,43,16,tarde,Llevar,Debito,6000,0,958,0
8307,2024-10-21,2024,10,October,Monday,False,43,16,tarde,Llevar,Debito,2000,0,319,0
8308,2024-10-21,2024,10,October,Monday,False,43,17,tarde,Servir,Debito,12000,0,1916,1200
8309,2024-10-21,2024,10,October,Monday,False,43,17,tarde,Servir,Efectivo,10800,0,1724,1080
8310,2024-10-21,2024,10,October,Monday,False,43,17,tarde,Llevar,Debito,5600,0,894,0
8311,2024-10-21,2024,10,October,Monday,False,43,17,tarde,Llevar,Debito,3800,0,607,0
8313,2024-10-21,2024,10,October,Monday,False,43,17,tarde,Llevar,Debito,6000,0,958,0
8314,2024-10-21,2024,10,October,Monday,False,43,17,tarde,Llevar,Credito,7500,0,1197,0
8315,2024-10-21,2024,10,October,Monday,False,43,17,tarde,Llevar,Debito,8200,0,1309,0
8316,2024-10-21,2024,10,October,Monday,False,43,17,tarde,Llevar,Credito,8800,0,1405,0
8317,2024-10-21,2024,10,October,Monday,False,43,17,tarde,Llevar,Debito,8000,0,1277,0
8318,2024-10-21,2024,10,October,Monday,False,43,17,tarde,Llevar,Debito,4000,0,639,0
8319,2024-10-21,2024,10,October,Monday,False,43,17,tarde,Llevar,Debito,15000,0,2395,0
8320,2024-10-21,2024,10,October,Monday,False,43,18,tarde,Llevar,Debito,2000,0,319,0
8321,2024-10-21,2024,10,October,Monday,False,43,18,tarde,Servir,Debito,17400,0,2778,1740
8322,2024-10-21,2024,10,October,Monday,False,43,18,tarde,Llevar,Debito,5000,0,798,0
8323,2024-10-21,2024,10,October,Monday,False,43,18,tarde,Servir,Credito,7000,0,1118,500
8324,2024-10-21,2024,10,October,Monday,False,43,19,cierre,Servir,Debito,12100,0,1932,1210
8325,2024-10-22,2024,10,October,Tuesday,False,43,13,almuerzo,Servir,Efectivo,17000,0,0,1700
8326,2024-10-22,2024,10,October,Tuesday,False,43,13,almuerzo,Llevar,Efectivo,8000,0,1277,0
8327,2024-10-22,2024,10,October,Tuesday,False,43,13,almuerzo,Llevar,Debito,8400,0,0,0
8328,2024-10-22,2024,10,October,Tuesday,False,43,13,almuerzo,Servir,Debito,4000,0,639,0
8329,2024-10-22,2024,10,October,Tuesday,False,43,13,almuerzo,Llevar,Credito,2000,0,319,0
8330,2024-10-22,2024,10,October,Tuesday,False,43,14,almuerzo,Llevar,Debito,5600,0,894,0
8331,2024-10-22,2024,10,October,Tuesday,False,43,14,almuerzo,Servir,Debito,4300,0,687,0
8332,2024-10-22,2024,10,October,Tuesday,False,43,14,almuerzo,Servir,Transferencia,15100,0,0,0
8333,2024-10-22,2024,10,October,Tuesday,False,43,14,almuerzo,Llevar,Debito,5600,0,894,0
8334,2024-10-22,2024,10,October,Tuesday,False,43,14,almuerzo,Llevar,Debito,4000,0,639,0
8335,2024-10-22,2024,10,October,Tuesday,False,43,14,almuerzo,Llevar,Edenred,7500,0,0,0
8336,2024-10-22,2024,10,October,Tuesday,False,43,14,almuerzo,Llevar,Debito,6000,0,958,0
8337,2024-10-22,2024,10,October,Tuesday,False,43,15,almuerzo,Llevar,Credito,3800,0,607,0
8338,2024-10-22,2024,10,October,Tuesday,False,43,17,tarde,Llevar,Debito,4000,0,639,0
8339,2024-10-22,2024,10,October,Tuesday,False,43,17,tarde,Servir,Debito,20000,0,3193,0
8340,2024-10-22,2024,10,October,Tuesday,False,43,17,tarde,Servir,Efectivo,31500,0,5029,0
8341,2024-10-22,2024,10,October,Tuesday,False,43,17,tarde,Servir,Efectivo,2800,0,447,0
8342,2024-10-22,2024,10,October,Tuesday,False,43,18,tarde,Servir,Debito,5700,0,910,0
8343,2024-10-22,2024,10,October,Tuesday,False,43,18,tarde,Llevar,Debito,2000,0,319,0
8344,2024-10-22,2024,10,October,Tuesday,False,43,18,tarde,Llevar,Transferencia,17000,0,0,0
8345,2024-10-22,2024,10,October,Tuesday,False,43,18,tarde,Llevar,Debito,4000,0,639,0
8346,2024-10-22,2024,10,October,Tuesday,False,43,18,tarde,Llevar,Debito,1000,0,160,0
8347,2024-10-22,2024,10,October,Tuesday,False,43,18,tarde,Servir,Debito,20000,0,3193,0
8348,2024-10-22,2024,10,October,Tuesday,False,43,18,tarde,Servir,Debito,20600,0,3289,0
8349,2024-10-22,2024,10,October,Tuesday,False,43,18,tarde,Servir,Debito,16400,0,2618,0
8350,2024-10-22,2024,10,October,Tuesday,False,43,18,tarde,Llevar,Debito,3800,0,607,0
8351,2024-10-22,2024,10,October,Tuesday,False,43,18,tarde,Servir,Debito,2000,0,319,0
8352,2024-10-22,2024,10,October,Tuesday,False,43,18,tarde,Llevar,Credito,3600,0,575,0
8353,2024-10-22,2024,10,October,Tuesday,False,43,19,cierre,Servir,Debito,14800,0,2363,0
8354,2024-10-22,2024,10,October,Tuesday,False,43,19,cierre,Llevar,Debito,5200,0,830,0
8355,2024-10-22,2024,10,October,Tuesday,False,43,19,cierre,Llevar,Debito,3400,0,543,0
8356,2024-10-23,2024,10,October,Wednesday,False,43,12,manana,Llevar,Efectivo,2000,0,319,0
8357,2024-10-23,2024,10,October,Wednesday,False,43,12,manana,Servir,Debito,7000,0,1118,0
8358,2024-10-23,2024,10,October,Wednesday,False,43,12,manana,Llevar,Efectivo,2000,0,319,0
8359,2024-10-23,2024,10,October,Wednesday,False,43,13,almuerzo,Servir,Debito,3200,0,511,0
8360,2024-10-23,2024,10,October,Wednesday,False,43,13,almuerzo,Servir,Debito,10500,0,1676,0
8361,2024-10-23,2024,10,October,Wednesday,False,43,13,almuerzo,Servir,Credito,11000,0,1756,0
8362,2024-10-23,2024,10,October,Wednesday,False,43,14,almuerzo,Servir,Debito,10600,0,1692,0
8363,2024-10-23,2024,10,October,Wednesday,False,43,14,almuerzo,Llevar,Debito,3100,0,495,0
8364,2024-10-23,2024,10,October,Wednesday,False,43,16,tarde,Llevar,Debito,2000,0,319,0
8365,2024-10-23,2024,10,October,Wednesday,False,43,16,tarde,Llevar,Efectivo,1400,0,224,0
8366,2024-10-23,2024,10,October,Wednesday,False,43,16,tarde,Servir,Debito,7000,0,0,0
8367,2024-10-23,2024,10,October,Wednesday,False,43,16,tarde,Servir,Debito,10500,0,1676,0
8368,2024-10-23,2024,10,October,Wednesday,False,43,17,tarde,Llevar,Efectivo,3100,0,495,0
8369,2024-10-23,2024,10,October,Wednesday,False,43,17,tarde,Servir,Debito,5400,0,862,0
8370,2024-10-23,2024,10,October,Wednesday,False,43,17,tarde,Servir,Debito,5200,0,830,0
8371,2024-10-23,2024,10,October,Wednesday,False,43,17,tarde,Llevar,Debito,6000,0,958,0
8372,2024-10-23,2024,10,October,Wednesday,False,43,17,tarde,Llevar,Debito,4200,0,671,0
8373,2024-10-23,2024,10,October,Wednesday,False,43,17,tarde,Llevar,Credito,6700,0,1070,0
8374,2024-10-23,2024,10,October,Wednesday,False,43,17,tarde,Servir,Credito,17000,0,2714,0
8375,2024-10-23,2024,10,October,Wednesday,False,43,17,tarde,Llevar,Edenred,3800,0,0,0
8376,2024-10-23,2024,10,October,Wednesday,False,43,18,tarde,Servir,Debito,25800,0,4119,0
8377,2024-10-23,2024,10,October,Wednesday,False,43,18,tarde,Llevar,Debito,10900,0,1740,0
8378,2024-10-23,2024,10,October,Wednesday,False,43,18,tarde,Llevar,Debito,3500,0,559,0
8379,2024-10-23,2024,10,October,Wednesday,False,43,18,tarde,Servir,Debito,13800,0,2203,0
8380,2024-10-23,2024,10,October,Wednesday,False,43,19,cierre,Llevar,Debito,5800,0,926,0
8381,2024-10-23,2024,10,October,Wednesday,False,43,19,cierre,Llevar,Debito,4600,0,734,0
8382,2024-10-23,2024,10,October,Wednesday,False,43,19,cierre,Llevar,Credito,6000,0,958,0
8383,2024-10-23,2024,10,October,Wednesday,False,43,20,cierre,Servir,Debito,40600,0,6482,0
8384,2024-10-23,2024,10,October,Wednesday,False,43,20,cierre,Llevar,Efectivo,7800,0,0,0
8385,2024-10-23,2024,10,October,Wednesday,False,43,20,cierre,Llevar,Debito,11000,0,1756,0
8386,2024-10-23,2024,10,October,Wednesday,False,43,20,cierre,Servir,Debito,16000,0,2555,0
8387,2024-10-23,2024,10,October,Wednesday,False,43,20,cierre,Servir,Debito,27800,0,4439,0
8388,2024-10-23,2024,10,October,Wednesday,False,43,21,cierre,Llevar,Debito,2800,0,447,0
8389,2024-10-23,2024,10,October,Wednesday,False,43,21,cierre,Llevar,Efectivo,7800,0,0,0
8390,2024-10-23,2024,10,October,Wednesday,False,43,21,cierre,Llevar,Debito,5800,0,926,0
8391,2024-10-23,2024,10,October,Wednesday,False,43,21,cierre,Servir,Debito,5800,0,926,0
8392,2024-10-24,2024,10,October,Thursday,False,43,12,manana,Servir,Debito,5500,0,878,0
8393,2024-10-24,2024,10,October,Thursday,False,43,12,manana,Servir,Debito,8000,0,1277,0
8394,2024-10-24,2024,10,October,Thursday,False,43,12,manana,Llevar,Credito,6300,0,1006,0
8395,2024-10-24,2024,10,October,Thursday,False,43,13,almuerzo,Servir,Debito,11700,0,1868,1170
8396,2024-10-24,2024,10,October,Thursday,False,43,13,almuerzo,Llevar,Debito,3100,0,495,0
8397,2024-10-24,2024,10,October,Thursday,False,43,13,almuerzo,Servir,Efectivo,4700,0,0,0
8398,2024-10-24,2024,10,October,Thursday,False,43,13,almuerzo,Llevar,Debito,2000,0,319,0
8399,2024-10-24,2024,10,October,Thursday,False,43,13,almuerzo,Llevar,Efectivo,2000,0,319,0
8400,2024-10-24,2024,10,October,Thursday,False,43,13,almuerzo,Llevar,Debito,2000,0,319,0
8401,2024-10-24,2024,10,October,Thursday,False,43,13,almuerzo,Llevar,Debito,3800,0,607,0
8402,2024-10-24,2024,10,October,Thursday,False,43,14,almuerzo,Llevar,Debito,2000,0,319,0
8403,2024-10-24,2024,10,October,Thursday,False,43,14,almuerzo,Servir,Debito,7900,0,1261,790
8404,2024-10-24,2024,10,October,Thursday,False,43,14,almuerzo,Llevar,Debito,2000,0,319,0
8405,2024-10-24,2024,10,October,Thursday,False,43,15,almuerzo,Llevar,Debito,4000,0,639,0
8406,2024-10-24,2024,10,October,Thursday,False,43,16,tarde,Llevar,Efectivo,3500,0,559,0
8407,2024-10-24,2024,10,October,Thursday,False,43,16,tarde,Llevar,Debito,7500,0,1197,0
8408,2024-10-24,2024,10,October,Thursday,False,43,16,tarde,Servir,Debito,24200,0,3864,2420
8409,2024-10-24,2024,10,October,Thursday,False,43,16,tarde,Llevar,Debito,4800,0,766,0
8410,2024-10-24,2024,10,October,Thursday,False,43,16,tarde,Servir,Efectivo,22500,0,0,2250
8411,2024-10-24,2024,10,October,Thursday,False,43,16,tarde,Llevar,Debito,13000,0,2076,0
8412,2024-10-24,2024,10,October,Thursday,False,43,17,tarde,Llevar,Debito,3500,0,559,0
8413,2024-10-24,2024,10,October,Thursday,False,43,17,tarde,Llevar,Debito,3800,0,607,0
8414,2024-10-24,2024,10,October,Thursday,False,43,17,tarde,Servir,Credito,12200,0,1948,0
8415,2024-10-24,2024,10,October,Thursday,False,43,17,tarde,Llevar,Debito,5800,0,926,0
8416,2024-10-24,2024,10,October,Thursday,False,43,17,tarde,Llevar,Debito,3000,0,479,0
8417,2024-10-24,2024,10,October,Thursday,False,43,17,tarde,Servir,Debito,12600,0,2012,0
8418,2024-10-24,2024,10,October,Thursday,False,43,17,tarde,Servir,Debito,22000,0,0,0
8419,2024-10-24,2024,10,October,Thursday,False,43,17,tarde,Llevar,Debito,5000,0,798,0
8420,2024-10-24,2024,10,October,Thursday,False,43,18,tarde,Servir,Debito,16600,0,2650,1660
8421,2024-10-24,2024,10,October,Thursday,False,43,18,tarde,Llevar,Debito,5300,0,846,0
8422,2024-10-24,2024,10,October,Thursday,False,43,18,tarde,Llevar,Debito,3000,0,479,0
8423,2024-10-24,2024,10,October,Thursday,False,43,18,tarde,Llevar,Debito,12700,0,2028,1270
8424,2024-10-24,2024,10,October,Thursday,False,43,18,tarde,Llevar,Credito,1500,0,239,0
8425,2024-10-24,2024,10,October,Thursday,False,43,18,tarde,Llevar,Efectivo,3000,0,479,0
8426,2024-10-24,2024,10,October,Thursday,False,43,18,tarde,Llevar,Debito,6500,0,1038,0
8427,2024-10-24,2024,10,October,Thursday,False,43,18,tarde,Llevar,Debito,2000,0,319,0
8428,2024-10-24,2024,10,October,Thursday,False,43,18,tarde,Llevar,Debito,3800,0,607,0
8429,2024-10-24,2024,10,October,Thursday,False,43,18,tarde,Llevar,Debito,2000,0,319,0
8430,2024-10-24,2024,10,October,Thursday,False,43,18,tarde,Servir,Debito,8400,0,1341,840
8431,2024-10-24,2024,10,October,Thursday,False,43,18,tarde,Servir,Debito,5500,0,878,0
8432,2024-10-24,2024,10,October,Thursday,False,43,18,tarde,Servir,Debito,13300,0,2124,1330
8433,2024-10-24,2024,10,October,Thursday,False,43,19,cierre,Servir,Debito,12000,0,1916,1200
8434,2024-10-24,2024,10,October,Thursday,False,43,19,cierre,Servir,Debito,11300,0,1804,1130
8435,2024-10-24,2024,10,October,Thursday,False,43,19,cierre,Servir,Debito,8800,0,1405,0
8436,2024-10-24,2024,10,October,Thursday,False,43,19,cierre,Servir,Debito,12600,0,2012,1260
8437,2024-10-24,2024,10,October,Thursday,False,43,19,cierre,Llevar,Debito,1000,0,160,0
8438,2024-10-24,2024,10,October,Thursday,False,43,20,cierre,Llevar,Debito,2000,0,319,0
8439,2024-10-24,2024,10,October,Thursday,False,43,23,cierre,Llevar,Transferencia,89440,0,0,0
8440,2024-10-25,2024,10,October,Friday,False,43,0,apertura,Llevar,Efectivo,8000,0,0,0
8441,2024-10-25,2024,10,October,Friday,False,43,12,manana,Llevar,Efectivo,11200,0,1788,0
8442,2024-10-25,2024,10,October,Friday,False,43,13,almuerzo,Llevar,Debito,6000,0,958,0
8443,2024-10-25,2024,10,October,Friday,False,43,13,almuerzo,Servir,Debito,2000,0,319,0
8444,2024-10-25,2024,10,October,Friday,False,43,13,almuerzo,Llevar,Debito,2000,0,0,0
8445,2024-10-25,2024,10,October,Friday,False,43,13,almuerzo,Servir,Efectivo,19000,0,3034,0
8446,2024-10-25,2024,10,October,Friday,False,43,13,almuerzo,Llevar,Debito,13600,0,0,0
8447,2024-10-25,2024,10,October,Friday,False,43,13,almuerzo,Llevar,Debito,9000,0,1437,0
8448,2024-10-25,2024,10,October,Friday,False,43,13,almuerzo,Llevar,Debito,4000,0,639,0
8449,2024-10-25,2024,10,October,Friday,False,43,14,almuerzo,Llevar,Efectivo,4000,0,639,0
8450,2024-10-25,2024,10,October,Friday,False,43,14,almuerzo,Servir,Debito,8000,0,0,0
8451,2024-10-25,2024,10,October,Friday,False,43,14,almuerzo,Llevar,Debito,3500,0,559,0
8452,2024-10-25,2024,10,October,Friday,False,43,14,almuerzo,Servir,Debito,3200,0,511,0
8453,2024-10-25,2024,10,October,Friday,False,43,14,almuerzo,Llevar,Debito,3500,0,559,0
8454,2024-10-25,2024,10,October,Friday,False,43,16,tarde,Servir,Efectivo,15800,0,2523,0
8455,2024-10-25,2024,10,October,Friday,False,43,16,tarde,Llevar,Debito,7200,0,1150,0
8456,2024-10-25,2024,10,October,Friday,False,43,16,tarde,Servir,Efectivo,11800,0,0,0
8457,2024-10-25,2024,10,October,Friday,False,43,16,tarde,Servir,Debito,6000,0,958,0
8458,2024-10-25,2024,10,October,Friday,False,43,17,tarde,Servir,Debito,14000,0,2235,0
8459,2024-10-25,2024,10,October,Friday,False,43,17,tarde,Llevar,Efectivo,3500,0,559,0
8460,2024-10-25,2024,10,October,Friday,False,43,17,tarde,Llevar,Efectivo,3100,0,495,0
8461,2024-10-25,2024,10,October,Friday,False,43,17,tarde,Llevar,Efectivo,14000,0,0,0
8462,2024-10-25,2024,10,October,Friday,False,43,17,tarde,Llevar,Debito,4000,0,639,0
8463,2024-10-25,2024,10,October,Friday,False,43,17,tarde,Llevar,Edenred,2000,0,0,0
8464,2024-10-25,2024,10,October,Friday,False,43,17,tarde,Llevar,Credito,3000,0,479,0
8465,2024-10-25,2024,10,October,Friday,False,43,17,tarde,Servir,Credito,18000,0,2874,0
8466,2024-10-25,2024,10,October,Friday,False,43,17,tarde,Llevar,Efectivo,8000,0,0,0
8467,2024-10-25,2024,10,October,Friday,False,43,17,tarde,Servir,Credito,6000,0,958,0
8468,2024-10-25,2024,10,October,Friday,False,43,18,tarde,Llevar,Debito,2000,0,319,0
8469,2024-10-25,2024,10,October,Friday,False,43,18,tarde,Servir,Debito,11800,0,0,0
8470,2024-10-25,2024,10,October,Friday,False,43,18,tarde,Llevar,Credito,3500,0,559,0
8471,2024-10-25,2024,10,October,Friday,False,43,18,tarde,Llevar,Debito,8800,0,1405,0
8472,2024-10-25,2024,10,October,Friday,False,43,18,tarde,Llevar,Debito,6000,0,958,0
8473,2024-10-25,2024,10,October,Friday,False,43,18,tarde,Servir,Debito,19450,0,3105,0
8474,2024-10-25,2024,10,October,Friday,False,43,18,tarde,Servir,Debito,21300,0,3401,0
8475,2024-10-25,2024,10,October,Friday,False,43,19,cierre,Llevar,Debito,5250,0,838,0
8476,2024-10-25,2024,10,October,Friday,False,43,19,cierre,Llevar,Debito,4000,0,639,0
8477,2024-10-25,2024,10,October,Friday,False,43,19,cierre,Llevar,Debito,2000,0,319,0
8478,2024-10-25,2024,10,October,Friday,False,43,19,cierre,Servir,Debito,11700,0,1868,0
8479,2024-10-25,2024,10,October,Friday,False,43,19,cierre,Llevar,Efectivo,7950,0,1269,0
8480,2024-10-25,2024,10,October,Friday,False,43,19,cierre,Llevar,Efectivo,8300,0,1325,0
8481,2024-10-25,2024,10,October,Friday,False,43,19,cierre,Servir,Debito,12500,0,1996,0
8482,2024-10-25,2024,10,October,Friday,False,43,19,cierre,Llevar,Credito,3500,0,559,0
8483,2024-10-25,2024,10,October,Friday,False,43,19,cierre,Llevar,Debito,4200,0,0,0
8484,2024-10-25,2024,10,October,Friday,False,43,20,cierre,Llevar,Debito,11000,0,1756,0
8485,2024-10-25,2024,10,October,Friday,False,43,20,cierre,Llevar,Debito,11350,0,1812,0
8486,2024-10-25,2024,10,October,Friday,False,43,20,cierre,Llevar,Transferencia,17500,0,0,0
8487,2024-10-26,2024,10,October,Saturday,True,43,13,almuerzo,Llevar,Debito,6000,0,958,0
8488,2024-10-26,2024,10,October,Saturday,True,43,13,almuerzo,Llevar,Debito,3800,0,607,0
8489,2024-10-26,2024,10,October,Saturday,True,43,13,almuerzo,Llevar,Debito,6200,0,990,0
8490,2024-10-26,2024,10,October,Saturday,True,43,13,almuerzo,Servir,Debito,11800,0,1884,0
8491,2024-10-26,2024,10,October,Saturday,True,43,13,almuerzo,Llevar,Credito,5600,0,894,0
8492,2024-10-26,2024,10,October,Saturday,True,43,14,almuerzo,Llevar,Debito,8000,0,1277,0
8493,2024-10-26,2024,10,October,Saturday,True,43,14,almuerzo,Servir,Debito,15700,0,2507,0
8494,2024-10-26,2024,10,October,Saturday,True,43,14,almuerzo,Llevar,Debito,6000,0,958,0
8495,2024-10-26,2024,10,October,Saturday,True,43,14,almuerzo,Llevar,Debito,1300,0,208,0
8496,2024-10-26,2024,10,October,Saturday,True,43,15,almuerzo,Llevar,Debito,3800,0,607,0
8497,2024-10-26,2024,10,October,Saturday,True,43,15,almuerzo,Servir,Debito,7500,0,1197,0
8498,2024-10-26,2024,10,October,Saturday,True,43,16,tarde,Llevar,Debito,4400,0,703,0
8499,2024-10-26,2024,10,October,Saturday,True,43,16,tarde,Servir,Debito,35000,0,5588,3500
8500,2024-10-26,2024,10,October,Saturday,True,43,16,tarde,Llevar,Debito,12600,0,2012,0
8501,2024-10-26,2024,10,October,Saturday,True,43,16,tarde,Servir,Efectivo,2200,0,351,0
8502,2024-10-26,2024,10,October,Saturday,True,43,16,tarde,Llevar,Debito,3800,0,607,0
8503,2024-10-26,2024,10,October,Saturday,True,43,16,tarde,Servir,Debito,21800,0,3481,2180
8504,2024-10-26,2024,10,October,Saturday,True,43,16,tarde,Llevar,Debito,6000,0,958,0
8505,2024-10-26,2024,10,October,Saturday,True,43,16,tarde,Servir,Debito,69000,0,11017,0
8506,2024-10-26,2024,10,October,Saturday,True,43,16,tarde,Llevar,Debito,1100,0,176,0
8507,2024-10-26,2024,10,October,Saturday,True,43,17,tarde,Llevar,Debito,4400,0,703,0
8508,2024-10-26,2024,10,October,Saturday,True,43,17,tarde,Servir,Credito,11000,0,1756,0
8509,2024-10-26,2024,10,October,Saturday,True,43,17,tarde,Llevar,Debito,2000,0,319,0
8510,2024-10-26,2024,10,October,Saturday,True,43,17,tarde,Servir,Debito,13900,0,2219,0
8511,2024-10-26,2024,10,October,Saturday,True,43,17,tarde,Llevar,Debito,2000,0,319,0
8512,2024-10-26,2024,10,October,Saturday,True,43,17,tarde,Llevar,Efectivo,11300,0,1804,0
8513,2024-10-26,2024,10,October,Saturday,True,43,17,tarde,Servir,Credito,11800,0,1884,1180
8514,2024-10-26,2024,10,October,Saturday,True,43,17,tarde,Servir,Efectivo,3500,0,559,0
8515,2024-10-26,2024,10,October,Saturday,True,43,18,tarde,Servir,Debito,8600,0,1373,860
8516,2024-10-26,2024,10,October,Saturday,True,43,19,cierre,Llevar,Debito,9700,0,1549,0
8517,2024-10-26,2024,10,October,Saturday,True,43,19,cierre,Servir,Debito,8500,0,1357,0
8518,2024-10-26,2024,10,October,Saturday,True,43,19,cierre,Llevar,Debito,5500,0,878,0
8519,2024-10-26,2024,10,October,Saturday,True,43,19,cierre,Llevar,Debito,3000,0,479,0
8520,2024-10-26,2024,10,October,Saturday,True,43,19,cierre,Llevar,Efectivo,2000,0,319,0
8521,2024-10-26,2024,10,October,Saturday,True,43,19,cierre,Servir,Debito,6000,0,958,0
8522,2024-10-28,2024,10,October,Monday,False,44,12,manana,Servir,Debito,15000,0,2395,0
8523,2024-10-28,2024,10,October,Monday,False,44,12,manana,Llevar,Debito,3800,0,607,0
8524,2024-10-28,2024,10,October,Monday,False,44,13,almuerzo,Servir,Efectivo,13200,0,2108,1320
8525,2024-10-28,2024,10,October,Monday,False,44,13,almuerzo,Servir,Debito,20900,0,3337,910
8526,2024-10-28,2024,10,October,Monday,False,44,13,almuerzo,Llevar,Credito,6000,0,958,0
8527,2024-10-28,2024,10,October,Monday,False,44,14,almuerzo,Servir,Efectivo,11800,0,1884,1180
8528,2024-10-28,2024,10,October,Monday,False,44,14,almuerzo,Servir,Debito,11800,0,1884,1180
8529,2024-10-28,2024,10,October,Monday,False,44,14,almuerzo,Llevar,Credito,2000,0,319,0
8530,2024-10-28,2024,10,October,Monday,False,44,14,almuerzo,Servir,Debito,6000,0,958,600
8531,2024-10-28,2024,10,October,Monday,False,44,14,almuerzo,Llevar,Debito,3000,0,479,0
8532,2024-10-28,2024,10,October,Monday,False,44,16,tarde,Llevar,Debito,8200,0,1309,0
8533,2024-10-28,2024,10,October,Monday,False,44,16,tarde,Servir,Efectivo,5500,0,878,0
8534,2024-10-28,2024,10,October,Monday,False,44,16,tarde,Servir,Debito,4000,0,639,0
8535,2024-10-28,2024,10,October,Monday,False,44,16,tarde,Llevar,Edenred,3800,0,0,0
8536,2024-10-28,2024,10,October,Monday,False,44,16,tarde,Servir,Debito,14800,0,2363,1480
8537,2024-10-28,2024,10,October,Monday,False,44,16,tarde,Servir,Debito,6800,0,1086,0
8538,2024-10-28,2024,10,October,Monday,False,44,17,tarde,Llevar,Credito,2000,0,319,0
8539,2024-10-28,2024,10,October,Monday,False,44,17,tarde,Servir,Credito,10500,0,1676,1050
8540,2024-10-28,2024,10,October,Monday,False,44,18,tarde,Llevar,Debito,1300,0,208,0
8541,2024-10-28,2024,10,October,Monday,False,44,18,tarde,Llevar,Debito,7500,0,1197,0
8542,2024-10-28,2024,10,October,Monday,False,44,18,tarde,Servir,Debito,4000,0,639,0
8543,2024-10-28,2024,10,October,Monday,False,44,19,cierre,Servir,Debito,30000,0,4790,0
8544,2024-10-28,2024,10,October,Monday,False,44,19,cierre,Servir,Debito,13000,0,2076,1300
8545,2024-10-28,2024,10,October,Monday,False,44,19,cierre,Llevar,Debito,5800,0,926,0
8546,2024-10-28,2024,10,October,Monday,False,44,19,cierre,Llevar,Efectivo,2000,0,319,0
8547,2024-10-28,2024,10,October,Monday,False,44,22,cierre,Llevar,Transferencia,42000,0,0,0
8548,2024-10-29,2024,10,October,Tuesday,False,44,13,almuerzo,Llevar,Debito,5200,0,830,0
8549,2024-10-29,2024,10,October,Tuesday,False,44,13,almuerzo,Servir,Efectivo,4100,0,655,0
8550,2024-10-29,2024,10,October,Tuesday,False,44,13,almuerzo,Servir,Edenred,6800,0,0,0
8551,2024-10-29,2024,10,October,Tuesday,False,44,14,almuerzo,Servir,Transferencia,6500,0,0,0
8552,2024-10-29,2024,10,October,Tuesday,False,44,14,almuerzo,Llevar,Debito,3200,0,511,0
8553,2024-10-29,2024,10,October,Tuesday,False,44,16,tarde,Servir,Debito,10000,0,1597,0
8554,2024-10-29,2024,10,October,Tuesday,False,44,16,tarde,Servir,Debito,11200,0,1788,0
8555,2024-10-29,2024,10,October,Tuesday,False,44,16,tarde,Llevar,Debito,3800,0,607,0
8556,2024-10-29,2024,10,October,Tuesday,False,44,17,tarde,Servir,Efectivo,6100,0,974,0
8557,2024-10-29,2024,10,October,Tuesday,False,44,17,tarde,Llevar,Efectivo,7500,0,0,0
8558,2024-10-29,2024,10,October,Tuesday,False,44,17,tarde,Llevar,Debito,3800,0,607,0
8559,2024-10-29,2024,10,October,Tuesday,False,44,17,tarde,Servir,Debito,2500,0,399,0
8560,2024-10-29,2024,10,October,Tuesday,False,44,17,tarde,Llevar,Efectivo,3800,0,607,0
8561,2024-10-29,2024,10,October,Tuesday,False,44,18,tarde,Llevar,Debito,3800,0,607,0
8562,2024-10-29,2024,10,October,Tuesday,False,44,18,tarde,Llevar,Efectivo,2000,0,319,0
8563,2024-10-29,2024,10,October,Tuesday,False,44,18,tarde,Servir,Debito,2800,0,447,0
8564,2024-10-29,2024,10,October,Tuesday,False,44,18,tarde,Llevar,Credito,5700,0,910,0
8565,2024-10-29,2024,10,October,Tuesday,False,44,18,tarde,Llevar,Debito,4800,0,766,0
8566,2024-10-29,2024,10,October,Tuesday,False,44,18,tarde,Llevar,Debito,10200,0,1629,0
8567,2024-10-29,2024,10,October,Tuesday,False,44,18,tarde,Servir,Debito,7000,0,1118,0
8568,2024-10-29,2024,10,October,Tuesday,False,44,18,tarde,Llevar,Efectivo,6000,0,958,0
8569,2024-10-29,2024,10,October,Tuesday,False,44,19,cierre,Servir,Debito,6000,0,958,0
8570,2024-10-29,2024,10,October,Tuesday,False,44,19,cierre,Llevar,Debito,2000,0,319,0
8571,2024-10-29,2024,10,October,Tuesday,False,44,19,cierre,Servir,Debito,4000,0,639,0
8572,2024-10-29,2024,10,October,Tuesday,False,44,19,cierre,Llevar,Debito,6000,0,958,0
8573,2024-10-30,2024,10,October,Wednesday,False,44,11,manana,Servir,Debito,3500,0,559,0
8574,2024-10-30,2024,10,October,Wednesday,False,44,11,manana,Llevar,Debito,3000,0,479,0
8575,2024-10-30,2024,10,October,Wednesday,False,44,12,manana,Servir,Debito,7800,0,1245,0
8576,2024-10-30,2024,10,October,Wednesday,False,44,12,manana,Llevar,Efectivo,3100,0,495,0
8577,2024-10-30,2024,10,October,Wednesday,False,44,12,manana,Servir,Efectivo,3000,0,479,0
8578,2024-10-30,2024,10,October,Wednesday,False,44,13,almuerzo,Llevar,Debito,3800,0,607,0
8579,2024-10-30,2024,10,October,Wednesday,False,44,13,almuerzo,Llevar,Debito,3800,0,607,0
8580,2024-10-30,2024,10,October,Wednesday,False,44,13,almuerzo,Llevar,Debito,5800,0,926,0
8581,2024-10-30,2024,10,October,Wednesday,False,44,13,almuerzo,Servir,Debito,11200,0,1788,0
8582,2024-10-30,2024,10,October,Wednesday,False,44,13,almuerzo,Servir,Debito,7000,0,1118,0
8583,2024-10-30,2024,10,October,Wednesday,False,44,13,almuerzo,Llevar,Debito,3500,0,559,0
8584,2024-10-30,2024,10,October,Wednesday,False,44,13,almuerzo,Llevar,Debito,7500,0,1197,0
8585,2024-10-30,2024,10,October,Wednesday,False,44,13,almuerzo,Llevar,Debito,3100,0,495,0
8586,2024-10-30,2024,10,October,Wednesday,False,44,13,almuerzo,Llevar,Credito,3800,0,607,0
8587,2024-10-30,2024,10,October,Wednesday,False,44,13,almuerzo,Servir,Credito,6200,0,990,0
8588,2024-10-30,2024,10,October,Wednesday,False,44,14,almuerzo,Llevar,Debito,3000,0,479,0
8589,2024-10-30,2024,10,October,Wednesday,False,44,14,almuerzo,Servir,Debito,6500,0,1038,0
8590,2024-10-30,2024,10,October,Wednesday,False,44,14,almuerzo,Llevar,Credito,3800,0,607,0
8591,2024-10-30,2024,10,October,Wednesday,False,44,14,almuerzo,Llevar,Debito,6000,0,958,0
8592,2024-10-30,2024,10,October,Wednesday,False,44,14,almuerzo,Llevar,Debito,10300,0,1645,0
8593,2024-10-30,2024,10,October,Wednesday,False,44,16,tarde,Servir,Debito,9500,0,1517,0
8594,2024-10-30,2024,10,October,Wednesday,False,44,16,tarde,Llevar,Debito,7500,0,1197,0
8595,2024-10-30,2024,10,October,Wednesday,False,44,16,tarde,Llevar,Debito,5250,200,838,0
8596,2024-10-30,2024,10,October,Wednesday,False,44,17,tarde,Llevar,Debito,3600,400,575,0
8597,2024-10-30,2024,10,October,Wednesday,False,44,17,tarde,Servir,Efectivo,6200,0,990,0
8598,2024-10-30,2024,10,October,Wednesday,False,44,17,tarde,Servir,Debito,13000,0,2076,0
8599,2024-10-30,2024,10,October,Wednesday,False,44,17,tarde,Servir,Efectivo,4000,0,639,0
8600,2024-10-30,2024,10,October,Wednesday,False,44,17,tarde,Llevar,Debito,12000,0,1916,0
8601,2024-10-30,2024,10,October,Wednesday,False,44,17,tarde,Llevar,Debito,5800,0,926,0
8602,2024-10-30,2024,10,October,Wednesday,False,44,17,tarde,Llevar,Debito,5000,0,798,0
8603,2024-10-30,2024,10,October,Wednesday,False,44,18,tarde,Servir,Debito,14200,0,2267,0
8605,2024-10-30,2024,10,October,Wednesday,False,44,18,tarde,Servir,Debito,4600,0,734,0
8606,2024-10-30,2024,10,October,Wednesday,False,44,18,tarde,Llevar,Efectivo,8600,0,0,0
8607,2024-10-30,2024,10,October,Wednesday,False,44,18,tarde,Servir,Debito,10600,0,1692,0
8608,2024-10-30,2024,10,October,Wednesday,False,44,18,tarde,Servir,Efectivo,4300,0,0,0
8609,2024-10-30,2024,10,October,Wednesday,False,44,18,tarde,Llevar,Debito,5000,0,798,0
8610,2024-10-30,2024,10,October,Wednesday,False,44,18,tarde,Llevar,Debito,2000,0,319,0
8611,2024-10-30,2024,10,October,Wednesday,False,44,18,tarde,Llevar,Debito,3000,0,479,0
8612,2024-10-30,2024,10,October,Wednesday,False,44,19,cierre,Servir,Efectivo,13000,0,0,0
8613,2024-10-30,2024,10,October,Wednesday,False,44,19,cierre,Servir,Debito,3500,0,559,0
8614,2024-10-30,2024,10,October,Wednesday,False,44,19,cierre,Servir,Debito,9900,0,1581,0
8615,2024-10-30,2024,10,October,Wednesday,False,44,19,cierre,Llevar,Debito,4300,0,687,0
8616,2024-10-30,2024,10,October,Wednesday,False,44,19,cierre,Servir,Debito,6000,0,958,0
8617,2024-10-30,2024,10,October,Wednesday,False,44,19,cierre,Llevar,Debito,3100,0,495,0
8618,2024-10-30,2024,10,October,Wednesday,False,44,20,cierre,Llevar,Debito,6000,0,958,0
8619,2024-10-30,2024,10,October,Wednesday,False,44,20,cierre,Servir,Debito,3800,0,607,0
8620,2024-10-31,2024,10,October,Thursday,False,44,12,manana,Llevar,Debito,16100,0,2571,0
8621,2024-10-31,2024,10,October,Thursday,False,44,12,manana,Servir,Debito,21500,0,3433,0
8622,2024-10-31,2024,10,October,Thursday,False,44,12,manana,Llevar,Credito,7800,0,1245,0
8623,2024-10-31,2024,10,October,Thursday,False,44,13,almuerzo,Servir,Debito,21000,0,3353,2100
8624,2024-10-31,2024,10,October,Thursday,False,44,13,almuerzo,Llevar,Debito,4800,0,766,0
8625,2024-10-31,2024,10,October,Thursday,False,44,13,almuerzo,Llevar,Efectivo,3800,0,607,0
8626,2024-10-31,2024,10,October,Thursday,False,44,13,almuerzo,Servir,Debito,22700,0,3624,2270
8627,2024-10-31,2024,10,October,Thursday,False,44,14,almuerzo,Llevar,Debito,7500,0,1197,0
8628,2024-10-31,2024,10,October,Thursday,False,44,16,tarde,Servir,Debito,20900,0,3337,2090
8629,2024-10-31,2024,10,October,Thursday,False,44,16,tarde,Llevar,Debito,7500,0,1197,0
8630,2024-10-31,2024,10,October,Thursday,False,44,16,tarde,Llevar,Transferencia,3800,0,0,0
8631,2024-10-31,2024,10,October,Thursday,False,44,16,tarde,Llevar,Credito,10500,0,1676,0
8632,2024-10-31,2024,10,October,Thursday,False,44,16,tarde,Servir,Edenred,23000,0,0,0
8633,2024-10-31,2024,10,October,Thursday,False,44,16,tarde,Servir,Debito,16400,0,2618,1640
8634,2024-10-31,2024,10,October,Thursday,False,44,17,tarde,Llevar,Debito,3800,0,607,0
8635,2024-10-31,2024,10,October,Thursday,False,44,17,tarde,Llevar,Debito,5800,0,926,0
8636,2024-10-31,2024,10,October,Thursday,False,44,17,tarde,Llevar,Efectivo,3200,0,511,0
8637,2024-10-31,2024,10,October,Thursday,False,44,17,tarde,Llevar,Debito,3800,0,607,0
8638,2024-10-31,2024,10,October,Thursday,False,44,17,tarde,Llevar,Debito,9000,0,1437,0
8639,2024-10-31,2024,10,October,Thursday,False,44,17,tarde,Llevar,Credito,6500,0,1038,0
8640,2024-10-31,2024,10,October,Thursday,False,44,17,tarde,Servir,Debito,12700,0,2028,1270
8641,2024-10-31,2024,10,October,Thursday,False,44,17,tarde,Servir,Debito,7000,0,1118,700
8642,2024-10-31,2024,10,October,Thursday,False,44,17,tarde,Llevar,Debito,3800,0,607,0
8643,2024-10-31,2024,10,October,Thursday,False,44,17,tarde,Servir,Debito,14200,0,2267,1420
8644,2024-10-31,2024,10,October,Thursday,False,44,17,tarde,Llevar,Debito,11000,0,1756,0
8645,2024-10-31,2024,10,October,Thursday,False,44,18,tarde,Llevar,Credito,5700,0,910,0
8646,2024-10-31,2024,10,October,Thursday,False,44,18,tarde,Servir,Debito,22200,0,3545,2220
8647,2024-10-31,2024,10,October,Thursday,False,44,18,tarde,Servir,Debito,7000,0,1118,0
8648,2024-10-31,2024,10,October,Thursday,False,44,18,tarde,Llevar,Debito,1300,0,208,0
8649,2024-10-31,2024,10,October,Thursday,False,44,18,tarde,Servir,Debito,11500,0,1836,1150
8650,2024-10-31,2024,10,October,Thursday,False,44,19,cierre,Llevar,Debito,2800,0,447,0
8651,2024-10-31,2024,10,October,Thursday,False,44,19,cierre,Servir,Debito,9300,0,1485,930
8652,2024-10-31,2024,10,October,Thursday,False,44,19,cierre,Servir,Debito,22500,0,3592,0
8653,2024-10-31,2024,10,October,Thursday,False,44,19,cierre,Llevar,Debito,1500,0,239,0
8654,2024-11-01,2024,11,November,Friday,False,44,12,manana,Servir,Edenred,9000,0,0,0
8655,2024-11-01,2024,11,November,Friday,False,44,12,manana,Servir,Debito,11200,0,1788,0
8656,2024-11-01,2024,11,November,Friday,False,44,12,manana,Llevar,Debito,6000,0,958,0
8657,2024-11-01,2024,11,November,Friday,False,44,12,manana,Servir,Debito,2500,0,399,0
8658,2024-11-01,2024,11,November,Friday,False,44,12,manana,Llevar,Debito,2000,0,319,0
8659,2024-11-01,2024,11,November,Friday,False,44,12,manana,Llevar,Debito,7200,0,1150,0
8660,2024-11-01,2024,11,November,Friday,False,44,13,almuerzo,Servir,Debito,8300,0,1325,0
8661,2024-11-01,2024,11,November,Friday,False,44,13,almuerzo,Servir,Debito,14200,0,2267,0
8662,2024-11-01,2024,11,November,Friday,False,44,14,almuerzo,Servir,Debito,15500,0,2475,0
8663,2024-11-01,2024,11,November,Friday,False,44,14,almuerzo,Llevar,Debito,8200,0,1309,0
8664,2024-11-01,2024,11,November,Friday,False,44,14,almuerzo,Servir,Debito,4700,0,750,0
8665,2024-11-01,2024,11,November,Friday,False,44,14,almuerzo,Llevar,Debito,7900,0,1261,0
8666,2024-11-01,2024,11,November,Friday,False,44,15,almuerzo,Servir,Efectivo,2200,0,351,0
8667,2024-11-01,2024,11,November,Friday,False,44,16,tarde,Servir,Efectivo,7200,0,0,0
8668,2024-11-01,2024,11,November,Friday,False,44,16,tarde,Servir,Efectivo,13400,0,0,0
8669,2024-11-01,2024,11,November,Friday,False,44,16,tarde,Llevar,Debito,15700,0,2507,0
8670,2024-11-01,2024,11,November,Friday,False,44,16,tarde,Servir,Credito,29300,0,4678,0
8671,2024-11-01,2024,11,November,Friday,False,44,17,tarde,Servir,Debito,6000,0,958,0
8672,2024-11-01,2024,11,November,Friday,False,44,18,tarde,Servir,Debito,14000,0,2235,0
8673,2024-11-01,2024,11,November,Friday,False,44,19,cierre,Llevar,Debito,2000,0,319,0
8674,2024-11-01,2024,11,November,Friday,False,44,19,cierre,Llevar,Debito,6500,0,1038,0
8675,2024-11-01,2024,11,November,Friday,False,44,19,cierre,Servir,Credito,3500,0,559,0
8676,2024-11-01,2024,11,November,Friday,False,44,19,cierre,Servir,Debito,3500,0,559,0
8677,2024-11-01,2024,11,November,Friday,False,44,19,cierre,Servir,Debito,3500,0,559,0
8678,2024-11-01,2024,11,November,Friday,False,44,20,cierre,Llevar,Debito,5400,0,862,0
8679,2024-11-02,2024,11,November,Saturday,True,44,12,manana,Servir,Debito,19200,0,3066,0
8680,2024-11-02,2024,11,November,Saturday,True,44,13,almuerzo,Servir,Debito,23600,0,3768,0
8681,2024-11-02,2024,11,November,Saturday,True,44,13,almuerzo,Llevar,Transferencia,42000,0,0,0
8682,2024-11-02,2024,11,November,Saturday,True,44,13,almuerzo,Llevar,Transferencia,42000,0,0,0
8683,2024-11-02,2024,11,November,Saturday,True,44,13,almuerzo,Llevar,Transferencia,17000,0,0,0
8684,2024-11-02,2024,11,November,Saturday,True,44,14,almuerzo,Llevar,Debito,16000,0,2555,0
8685,2024-11-02,2024,11,November,Saturday,True,44,14,almuerzo,Llevar,Debito,13700,0,2187,0
8686,2024-11-02,2024,11,November,Saturday,True,44,14,almuerzo,Servir,Debito,3100,0,495,0
8687,2024-11-02,2024,11,November,Saturday,True,44,14,almuerzo,Llevar,Debito,7500,0,1197,0
8688,2024-11-02,2024,11,November,Saturday,True,44,14,almuerzo,Servir,Credito,14700,0,2347,0
8689,2024-11-02,2024,11,November,Saturday,True,44,15,almuerzo,Llevar,Credito,9100,0,1453,0
8690,2024-11-02,2024,11,November,Saturday,True,44,15,almuerzo,Llevar,Credito,3800,0,607,0
8691,2024-11-02,2024,11,November,Saturday,True,44,16,tarde,Llevar,Debito,7800,0,1245,0
8692,2024-11-02,2024,11,November,Saturday,True,44,16,tarde,Llevar,Debito,3100,0,495,0
8693,2024-11-02,2024,11,November,Saturday,True,44,16,tarde,Llevar,Debito,2000,0,319,0
8694,2024-11-02,2024,11,November,Saturday,True,44,16,tarde,Llevar,Debito,2000,0,319,0
8695,2024-11-02,2024,11,November,Saturday,True,44,16,tarde,Llevar,Debito,3800,0,607,0
8696,2024-11-02,2024,11,November,Saturday,True,44,16,tarde,Llevar,Debito,3100,0,495,0
8697,2024-11-02,2024,11,November,Saturday,True,44,16,tarde,Servir,Edenred,16000,0,0,0
8698,2024-11-02,2024,11,November,Saturday,True,44,16,tarde,Servir,Debito,16100,0,2571,0
8699,2024-11-02,2024,11,November,Saturday,True,44,16,tarde,Servir,Debito,5500,0,878,0
8700,2024-11-02,2024,11,November,Saturday,True,44,16,tarde,Servir,Debito,3200,0,511,0
8701,2024-11-02,2024,11,November,Saturday,True,44,16,tarde,Llevar,Edenred,10000,0,0,0
8702,2024-11-02,2024,11,November,Saturday,True,44,17,tarde,Servir,Edenred,2000,0,0,0
8703,2024-11-02,2024,11,November,Saturday,True,44,17,tarde,Llevar,Debito,7500,0,1197,0
8704,2024-11-02,2024,11,November,Saturday,True,44,18,tarde,Llevar,Sodexo,5500,0,0,0
8705,2024-11-02,2024,11,November,Saturday,True,44,18,tarde,Llevar,Debito,7500,0,1197,0
8706,2024-11-02,2024,11,November,Saturday,True,44,18,tarde,Servir,Debito,8000,0,1277,800
8707,2024-11-02,2024,11,November,Saturday,True,44,18,tarde,Llevar,Efectivo,3200,0,511,0
8708,2024-11-02,2024,11,November,Saturday,True,44,18,tarde,Servir,Efectivo,9200,0,1469,920
8709,2024-11-02,2024,11,November,Saturday,True,44,19,cierre,Servir,Credito,11500,0,1836,1150
8710,2024-11-02,2024,11,November,Saturday,True,44,19,cierre,Llevar,Debito,3500,0,559,0
8711,2024-11-02,2024,11,November,Saturday,True,44,19,cierre,Servir,Debito,15000,0,2395,0
8712,2024-11-02,2024,11,November,Saturday,True,44,19,cierre,Servir,Credito,11000,0,1756,0
8713,2024-11-02,2024,11,November,Saturday,True,44,19,cierre,Llevar,Debito,6200,0,990,0
8714,2024-11-04,2024,11,November,Monday,False,45,13,almuerzo,Servir,Edenred,13300,0,0,0
8715,2024-11-04,2024,11,November,Monday,False,45,13,almuerzo,Llevar,Efectivo,3800,0,607,0
8716,2024-11-04,2024,11,November,Monday,False,45,13,almuerzo,Servir,Efectivo,2000,0,319,0
8717,2024-11-04,2024,11,November,Monday,False,45,13,almuerzo,Servir,Efectivo,2000,0,0,0
8718,2024-11-04,2024,11,November,Monday,False,45,13,almuerzo,Servir,Credito,6000,0,958,600
8719,2024-11-04,2024,11,November,Monday,False,45,13,almuerzo,Llevar,Debito,7500,0,1197,0
8720,2024-11-04,2024,11,November,Monday,False,45,13,almuerzo,Llevar,Debito,2000,0,319,0
8721,2024-11-04,2024,11,November,Monday,False,45,13,almuerzo,Servir,Edenred,13600,0,0,0
8722,2024-11-04,2024,11,November,Monday,False,45,13,almuerzo,Servir,Credito,7400,0,1182,740
8723,2024-11-04,2024,11,November,Monday,False,45,13,almuerzo,Servir,Debito,19600,0,3129,1960
8724,2024-11-04,2024,11,November,Monday,False,45,14,almuerzo,Servir,Debito,42700,0,0,400
8725,2024-11-04,2024,11,November,Monday,False,45,14,almuerzo,Llevar,Edenred,7500,0,0,0
8726,2024-11-04,2024,11,November,Monday,False,45,14,almuerzo,Servir,Credito,3800,0,607,0
8727,2024-11-04,2024,11,November,Monday,False,45,14,almuerzo,Servir,Efectivo,14000,0,2235,1400
8728,2024-11-04,2024,11,November,Monday,False,45,14,almuerzo,Llevar,Edenred,7800,0,0,0
8729,2024-11-04,2024,11,November,Monday,False,45,14,almuerzo,Llevar,Debito,4000,0,639,0
8730,2024-11-04,2024,11,November,Monday,False,45,14,almuerzo,Llevar,Credito,10600,0,1692,0
8731,2024-11-04,2024,11,November,Monday,False,45,14,almuerzo,Llevar,Credito,5000,0,798,0
8732,2024-11-04,2024,11,November,Monday,False,45,15,almuerzo,Llevar,Debito,7000,0,1118,0
8733,2024-11-04,2024,11,November,Monday,False,45,16,tarde,Llevar,Edenred,8000,0,0,0
8734,2024-11-04,2024,11,November,Monday,False,45,16,tarde,Llevar,Efectivo,3800,0,607,0
8735,2024-11-04,2024,11,November,Monday,False,45,17,tarde,Llevar,Debito,7500,0,1197,0
8736,2024-11-04,2024,11,November,Monday,False,45,17,tarde,Servir,Edenred,11400,0,0,0
8737,2024-11-04,2024,11,November,Monday,False,45,17,tarde,Llevar,Debito,4700,0,750,0
8738,2024-11-04,2024,11,November,Monday,False,45,17,tarde,Llevar,Credito,8000,0,1277,0
8739,2024-11-04,2024,11,November,Monday,False,45,17,tarde,Llevar,Debito,11200,0,1788,0
8740,2024-11-04,2024,11,November,Monday,False,45,17,tarde,Servir,Debito,3500,0,559,0
8741,2024-11-04,2024,11,November,Monday,False,45,17,tarde,Servir,Efectivo,11000,0,0,1100
8742,2024-11-04,2024,11,November,Monday,False,45,17,tarde,Servir,Credito,3500,0,559,0
8743,2024-11-04,2024,11,November,Monday,False,45,17,tarde,Servir,Debito,5500,0,878,0
8744,2024-11-04,2024,11,November,Monday,False,45,17,tarde,Llevar,Debito,3100,0,495,0
8745,2024-11-04,2024,11,November,Monday,False,45,18,tarde,Llevar,Debito,5000,0,798,0
8746,2024-11-04,2024,11,November,Monday,False,45,18,tarde,Llevar,Efectivo,2200,0,351,0
8747,2024-11-04,2024,11,November,Monday,False,45,18,tarde,Llevar,Debito,1600,0,255,0
8748,2024-11-04,2024,11,November,Monday,False,45,18,tarde,Servir,Edenred,10000,0,0,0
8749,2024-11-04,2024,11,November,Monday,False,45,18,tarde,Servir,Debito,9800,0,1565,980
8750,2024-11-04,2024,11,November,Monday,False,45,18,tarde,Llevar,Efectivo,3000,0,479,0
8751,2024-11-04,2024,11,November,Monday,False,45,18,tarde,Llevar,Debito,3000,0,479,0
8752,2024-11-04,2024,11,November,Monday,False,45,18,tarde,Llevar,Debito,1600,0,255,0
8753,2024-11-04,2024,11,November,Monday,False,45,18,tarde,Servir,Debito,10500,0,1676,350
8754,2024-11-04,2024,11,November,Monday,False,45,18,tarde,Servir,Debito,1600,0,255,0
8755,2024-11-04,2024,11,November,Monday,False,45,18,tarde,Llevar,Debito,4400,0,703,0
8756,2024-11-04,2024,11,November,Monday,False,45,18,tarde,Llevar,Debito,5800,0,926,0
8757,2024-11-04,2024,11,November,Monday,False,45,19,cierre,Llevar,Debito,3100,0,495,0
8758,2024-11-04,2024,11,November,Monday,False,45,19,cierre,Llevar,Debito,3600,0,575,0
8759,2024-11-04,2024,11,November,Monday,False,45,19,cierre,Servir,Credito,3000,0,479,0
8760,2024-11-04,2024,11,November,Monday,False,45,19,cierre,Llevar,Transferencia,2000,0,319,0
8761,2024-11-05,2024,11,November,Tuesday,False,45,12,manana,Servir,Edenred,14000,0,0,0
8762,2024-11-05,2024,11,November,Tuesday,False,45,13,almuerzo,Servir,Debito,10800,0,1724,0
8763,2024-11-05,2024,11,November,Tuesday,False,45,13,almuerzo,Llevar,Credito,9000,0,0,0
8764,2024-11-05,2024,11,November,Tuesday,False,45,13,almuerzo,Llevar,Debito,3000,0,479,0
8765,2024-11-05,2024,11,November,Tuesday,False,45,14,almuerzo,Llevar,Credito,3000,0,479,0
8766,2024-11-05,2024,11,November,Tuesday,False,45,14,almuerzo,Llevar,Debito,3500,0,559,0
8767,2024-11-05,2024,11,November,Tuesday,False,45,14,almuerzo,Llevar,Debito,10800,0,1724,0
8768,2024-11-05,2024,11,November,Tuesday,False,45,16,tarde,Servir,Debito,7900,0,1261,0
8769,2024-11-05,2024,11,November,Tuesday,False,45,16,tarde,Servir,Edenred,49000,0,0,0
8770,2024-11-05,2024,11,November,Tuesday,False,45,16,tarde,Servir,Debito,15400,0,2459,0
8771,2024-11-05,2024,11,November,Tuesday,False,45,16,tarde,Llevar,Efectivo,13000,0,0,0
8772,2024-11-05,2024,11,November,Tuesday,False,45,17,tarde,Servir,Edenred,5300,0,0,0
8773,2024-11-05,2024,11,November,Tuesday,False,45,17,tarde,Llevar,Debito,5900,0,942,0
8774,2024-11-05,2024,11,November,Tuesday,False,45,17,tarde,Llevar,Debito,9300,0,1485,0
8775,2024-11-05,2024,11,November,Tuesday,False,45,17,tarde,Servir,Debito,5200,0,830,0
8776,2024-11-05,2024,11,November,Tuesday,False,45,17,tarde,Servir,Debito,7300,0,1166,0
8777,2024-11-05,2024,11,November,Tuesday,False,45,18,tarde,Servir,Debito,11200,0,1788,0
8778,2024-11-05,2024,11,November,Tuesday,False,45,18,tarde,Servir,Edenred,11500,0,0,0
8779,2024-11-05,2024,11,November,Tuesday,False,45,18,tarde,Llevar,Credito,4400,0,703,0
8780,2024-11-05,2024,11,November,Tuesday,False,45,18,tarde,Llevar,Debito,6200,0,990,0
8781,2024-11-05,2024,11,November,Tuesday,False,45,18,tarde,Llevar,Debito,1000,0,160,0
8782,2024-11-05,2024,11,November,Tuesday,False,45,18,tarde,Servir,Debito,15800,0,2523,0
8783,2024-11-05,2024,11,November,Tuesday,False,45,18,tarde,Llevar,Efectivo,3500,0,0,0
8784,2024-11-05,2024,11,November,Tuesday,False,45,19,cierre,Servir,Debito,5500,0,878,0
8785,2024-11-05,2024,11,November,Tuesday,False,45,19,cierre,Llevar,Edenred,6600,0,0,0
8786,2024-11-05,2024,11,November,Tuesday,False,45,19,cierre,Llevar,Debito,2800,0,447,0
8787,2024-11-05,2024,11,November,Tuesday,False,45,19,cierre,Llevar,Efectivo,3500,0,559,0
8788,2024-11-06,2024,11,November,Wednesday,False,45,12,manana,Llevar,Debito,6900,0,1102,0
8789,2024-11-06,2024,11,November,Wednesday,False,45,12,manana,Servir,Efectivo,3700,0,0,0
8790,2024-11-06,2024,11,November,Wednesday,False,45,12,manana,Llevar,Efectivo,1500,0,0,0
8791,2024-11-06,2024,11,November,Wednesday,False,45,13,almuerzo,Llevar,Debito,2200,0,351,0
8792,2024-11-06,2024,11,November,Wednesday,False,45,13,almuerzo,Servir,Debito,7500,0,1197,0
8793,2024-11-06,2024,11,November,Wednesday,False,45,13,almuerzo,Servir,Debito,14000,0,0,0
8794,2024-11-06,2024,11,November,Wednesday,False,45,13,almuerzo,Llevar,Debito,7500,0,1197,0
8795,2024-11-06,2024,11,November,Wednesday,False,45,14,almuerzo,Servir,Edenred,7800,0,0,0
8796,2024-11-06,2024,11,November,Wednesday,False,45,16,tarde,Llevar,Debito,3800,0,607,0
8797,2024-11-06,2024,11,November,Wednesday,False,45,16,tarde,Llevar,Debito,5600,0,894,0
8798,2024-11-06,2024,11,November,Wednesday,False,45,16,tarde,Servir,Debito,9000,0,1437,0
8799,2024-11-06,2024,11,November,Wednesday,False,45,16,tarde,Llevar,Debito,3800,0,607,0
8800,2024-11-06,2024,11,November,Wednesday,False,45,16,tarde,Llevar,Efectivo,2000,0,319,0
8801,2024-11-06,2024,11,November,Wednesday,False,45,16,tarde,Llevar,Debito,9500,0,1517,0
8802,2024-11-06,2024,11,November,Wednesday,False,45,17,tarde,Llevar,Debito,5700,0,910,0
8803,2024-11-06,2024,11,November,Wednesday,False,45,17,tarde,Servir,Debito,3800,0,607,0
8804,2024-11-06,2024,11,November,Wednesday,False,45,18,tarde,Llevar,Debito,2000,0,319,0
8805,2024-11-06,2024,11,November,Wednesday,False,45,18,tarde,Servir,Debito,13800,0,2203,0
8806,2024-11-06,2024,11,November,Wednesday,False,45,18,tarde,Llevar,Efectivo,7800,0,0,0
8807,2024-11-06,2024,11,November,Wednesday,False,45,18,tarde,Servir,Debito,6900,0,1102,0
8808,2024-11-06,2024,11,November,Wednesday,False,45,18,tarde,Servir,Credito,14800,0,2363,0
8809,2024-11-06,2024,11,November,Wednesday,False,45,18,tarde,Llevar,Debito,8800,0,1405,0
8810,2024-11-06,2024,11,November,Wednesday,False,45,18,tarde,Llevar,Debito,6000,0,958,0
8811,2024-11-06,2024,11,November,Wednesday,False,45,18,tarde,Servir,Debito,8000,0,1277,0
8812,2024-11-06,2024,11,November,Wednesday,False,45,18,tarde,Servir,Debito,6500,0,1038,0
8813,2024-11-06,2024,11,November,Wednesday,False,45,19,cierre,Llevar,Debito,9600,0,1533,0
8814,2024-11-06,2024,11,November,Wednesday,False,45,19,cierre,Servir,Debito,6000,0,958,0
8815,2024-11-06,2024,11,November,Wednesday,False,45,19,cierre,Servir,Debito,6800,0,1086,0
8816,2024-11-06,2024,11,November,Wednesday,False,45,19,cierre,Llevar,Credito,17400,0,2778,0
8817,2024-11-06,2024,11,November,Wednesday,False,45,19,cierre,Llevar,Efectivo,10600,0,1692,0
8818,2024-11-06,2024,11,November,Wednesday,False,45,19,cierre,Llevar,Debito,13500,0,2155,0
8819,2024-11-06,2024,11,November,Wednesday,False,45,20,cierre,Llevar,Debito,3500,0,559,0
8820,2024-11-06,2024,11,November,Wednesday,False,45,20,cierre,Servir,Credito,6200,0,990,0
8821,2024-11-07,2024,11,November,Thursday,False,45,12,manana,Llevar,Efectivo,5100,0,0,0
8822,2024-11-07,2024,11,November,Thursday,False,45,13,almuerzo,Llevar,Debito,4800,0,766,0
8823,2024-11-07,2024,11,November,Thursday,False,45,13,almuerzo,Servir,Edenred,12300,0,0,0
8824,2024-11-07,2024,11,November,Thursday,False,45,13,almuerzo,Llevar,Debito,3800,0,607,0
8825,2024-11-07,2024,11,November,Thursday,False,45,14,almuerzo,Servir,Edenred,4000,0,0,0
8826,2024-11-07,2024,11,November,Thursday,False,45,14,almuerzo,Llevar,Efectivo,13800,0,0,0
8827,2024-11-07,2024,11,November,Thursday,False,45,14,almuerzo,Llevar,Debito,2800,0,447,0
8828,2024-11-07,2024,11,November,Thursday,False,45,16,tarde,Servir,Edenred,6800,0,0,0
8829,2024-11-07,2024,11,November,Thursday,False,45,16,tarde,Llevar,Efectivo,3800,0,607,0
8830,2024-11-07,2024,11,November,Thursday,False,45,16,tarde,Llevar,Credito,6800,0,1086,0
8831,2024-11-07,2024,11,November,Thursday,False,45,17,tarde,Llevar,Debito,2000,0,319,0
8832,2024-11-07,2024,11,November,Thursday,False,45,17,tarde,Llevar,Debito,9500,0,1517,0
8833,2024-11-07,2024,11,November,Thursday,False,45,17,tarde,Llevar,Credito,4300,0,687,0
8834,2024-11-07,2024,11,November,Thursday,False,45,17,tarde,Llevar,Efectivo,2000,0,319,0
8835,2024-11-07,2024,11,November,Thursday,False,45,17,tarde,Servir,Debito,14000,0,2235,1400
8836,2024-11-07,2024,11,November,Thursday,False,45,17,tarde,Llevar,Credito,2000,0,319,0
8837,2024-11-07,2024,11,November,Thursday,False,45,17,tarde,Llevar,Debito,1500,0,239,0
8838,2024-11-07,2024,11,November,Thursday,False,45,17,tarde,Servir,Debito,6200,0,990,0
8839,2024-11-07,2024,11,November,Thursday,False,45,18,tarde,Llevar,Efectivo,1500,0,239,0
8840,2024-11-07,2024,11,November,Thursday,False,45,18,tarde,Llevar,Edenred,5300,0,0,0
8841,2024-11-07,2024,11,November,Thursday,False,45,18,tarde,Servir,Debito,14200,0,2267,1420
8842,2024-11-07,2024,11,November,Thursday,False,45,18,tarde,Llevar,Debito,4400,0,703,0
8843,2024-11-07,2024,11,November,Thursday,False,45,18,tarde,Llevar,Debito,3800,0,607,0
8844,2024-11-07,2024,11,November,Thursday,False,45,18,tarde,Llevar,Debito,3800,0,607,0
8845,2024-11-07,2024,11,November,Thursday,False,45,18,tarde,Llevar,Debito,10100,0,1613,0
8846,2024-11-07,2024,11,November,Thursday,False,45,18,tarde,Servir,Debito,12400,0,1980,1240
8847,2024-11-07,2024,11,November,Thursday,False,45,18,tarde,Llevar,Debito,2800,0,447,0
8848,2024-11-07,2024,11,November,Thursday,False,45,19,cierre,Llevar,Debito,2800,0,447,0
8849,2024-11-07,2024,11,November,Thursday,False,45,19,cierre,Llevar,Debito,7500,0,1197,0
8850,2024-11-08,2024,11,November,Friday,False,45,12,manana,Llevar,Debito,2200,0,351,0
8851,2024-11-08,2024,11,November,Friday,False,45,12,manana,Servir,Sodexo,9500,0,0,0
8852,2024-11-08,2024,11,November,Friday,False,45,12,manana,Servir,Sodexo,14300,0,0,0
8853,2024-11-08,2024,11,November,Friday,False,45,13,almuerzo,Llevar,Debito,6300,0,1006,0
8854,2024-11-08,2024,11,November,Friday,False,45,13,almuerzo,Llevar,Debito,2000,0,319,0
8855,2024-11-08,2024,11,November,Friday,False,45,13,almuerzo,Llevar,Debito,2000,0,319,0
8856,2024-11-08,2024,11,November,Friday,False,45,13,almuerzo,Servir,Debito,18000,0,2874,0
8857,2024-11-08,2024,11,November,Friday,False,45,13,almuerzo,Llevar,Credito,3100,0,495,0
8858,2024-11-08,2024,11,November,Friday,False,45,13,almuerzo,Llevar,Debito,6300,0,1006,0
8859,2024-11-08,2024,11,November,Friday,False,45,14,almuerzo,Llevar,Edenred,2000,0,0,0
8860,2024-11-08,2024,11,November,Friday,False,45,14,almuerzo,Servir,Debito,17900,0,2858,0
8861,2024-11-08,2024,11,November,Friday,False,45,14,almuerzo,Llevar,Sodexo,8900,0,0,0
8862,2024-11-08,2024,11,November,Friday,False,45,15,almuerzo,Llevar,Debito,12000,0,1916,0
8863,2024-11-08,2024,11,November,Friday,False,45,15,almuerzo,Llevar,Debito,7000,0,1118,0
8864,2024-11-08,2024,11,November,Friday,False,45,16,tarde,Llevar,Debito,5500,0,878,0
8865,2024-11-08,2024,11,November,Friday,False,45,16,tarde,Servir,Debito,7800,0,1245,0
8866,2024-11-08,2024,11,November,Friday,False,45,16,tarde,Servir,Efectivo,16900,0,0,0
8867,2024-11-08,2024,11,November,Friday,False,45,16,tarde,Servir,Debito,3000,0,479,0
8868,2024-11-08,2024,11,November,Friday,False,45,16,tarde,Llevar,Debito,17900,0,0,0
8869,2024-11-08,2024,11,November,Friday,False,45,16,tarde,Servir,Edenred,5500,0,0,0
8870,2024-11-08,2024,11,November,Friday,False,45,17,tarde,Servir,Debito,29200,0,4662,0
8871,2024-11-08,2024,11,November,Friday,False,45,17,tarde,Llevar,Transferencia,42000,0,0,0
8872,2024-11-08,2024,11,November,Friday,False,45,17,tarde,Servir,Debito,7000,0,1118,0
8873,2024-11-08,2024,11,November,Friday,False,45,17,tarde,Servir,Debito,24100,0,3848,0
8874,2024-11-08,2024,11,November,Friday,False,45,17,tarde,Llevar,Debito,5500,0,878,0
8875,2024-11-08,2024,11,November,Friday,False,45,17,tarde,Llevar,Debito,6000,0,958,0
8876,2024-11-08,2024,11,November,Friday,False,45,18,tarde,Llevar,Edenred,7600,0,0,0
8877,2024-11-08,2024,11,November,Friday,False,45,18,tarde,Llevar,Edenred,5500,0,0,0
8878,2024-11-08,2024,11,November,Friday,False,45,18,tarde,Llevar,Debito,3500,0,559,0
8879,2024-11-08,2024,11,November,Friday,False,45,18,tarde,Servir,Debito,13800,0,2203,0
8880,2024-11-08,2024,11,November,Friday,False,45,18,tarde,Llevar,Edenred,11500,0,0,0
8881,2024-11-08,2024,11,November,Friday,False,45,18,tarde,Servir,Debito,10500,0,1676,0
8882,2024-11-08,2024,11,November,Friday,False,45,19,cierre,Llevar,Debito,7500,0,1197,0
8883,2024-11-08,2024,11,November,Friday,False,45,19,cierre,Llevar,Credito,7000,0,1118,0
8884,2024-11-08,2024,11,November,Friday,False,45,19,cierre,Llevar,Debito,8500,0,1357,0
8885,2024-11-08,2024,11,November,Friday,False,45,19,cierre,Servir,Debito,7000,0,1118,0
8886,2024-11-08,2024,11,November,Friday,False,45,19,cierre,Llevar,Debito,1500,0,0,0
8887,2024-11-08,2024,11,November,Friday,False,45,19,cierre,Servir,Debito,6600,0,1054,0
8889,2024-11-08,2024,11,November,Friday,False,45,19,cierre,Servir,Debito,14000,0,2235,0
8890,2024-11-08,2024,11,November,Friday,False,45,20,cierre,Llevar,Debito,8000,0,1277,0
8891,2024-11-09,2024,11,November,Saturday,True,45,13,almuerzo,Servir,Credito,22200,0,3545,0
8892,2024-11-09,2024,11,November,Saturday,True,45,13,almuerzo,Llevar,Edenred,7500,0,0,0
8893,2024-11-09,2024,11,November,Saturday,True,45,13,almuerzo,Servir,Debito,18500,0,2954,0
8894,2024-11-09,2024,11,November,Saturday,True,45,14,almuerzo,Llevar,Efectivo,1500,0,0,0
8895,2024-11-09,2024,11,November,Saturday,True,45,14,almuerzo,Servir,Debito,12600,0,2012,0
8896,2024-11-09,2024,11,November,Saturday,True,45,14,almuerzo,Llevar,Credito,7800,0,1245,0
8897,2024-11-09,2024,11,November,Saturday,True,45,14,almuerzo,Servir,Efectivo,17900,0,0,0
8898,2024-11-09,2024,11,November,Saturday,True,45,14,almuerzo,Llevar,Credito,6500,0,1038,0
8899,2024-11-09,2024,11,November,Saturday,True,45,14,almuerzo,Llevar,Debito,14800,0,2363,0
8900,2024-11-09,2024,11,November,Saturday,True,45,14,almuerzo,Llevar,Debito,3000,0,479,0
8901,2024-11-09,2024,11,November,Saturday,True,45,14,almuerzo,Llevar,Debito,12200,0,1948,0
8902,2024-11-09,2024,11,November,Saturday,True,45,15,almuerzo,Llevar,Transferencia,5800,0,0,0
8903,2024-11-09,2024,11,November,Saturday,True,45,15,almuerzo,Llevar,Debito,3800,0,607,0
8904,2024-11-09,2024,11,November,Saturday,True,45,16,tarde,Servir,Debito,16500,0,2634,0
8905,2024-11-09,2024,11,November,Saturday,True,45,16,tarde,Servir,Credito,5000,0,798,0
8906,2024-11-09,2024,11,November,Saturday,True,45,16,tarde,Servir,Edenred,4500,0,0,0
8907,2024-11-09,2024,11,November,Saturday,True,45,16,tarde,Servir,Debito,20000,0,3193,0
8908,2024-11-09,2024,11,November,Saturday,True,45,16,tarde,Llevar,Debito,4000,0,639,0
8909,2024-11-09,2024,11,November,Saturday,True,45,16,tarde,Llevar,Debito,8000,0,1277,0
8910,2024-11-09,2024,11,November,Saturday,True,45,17,tarde,Llevar,Credito,6900,0,1102,0
8911,2024-11-09,2024,11,November,Saturday,True,45,17,tarde,Llevar,Transferencia,10800,0,0,0
8913,2024-11-09,2024,11,November,Saturday,True,45,17,tarde,Llevar,Debito,9000,0,1437,0
8914,2024-11-09,2024,11,November,Saturday,True,45,18,tarde,Llevar,Debito,3500,0,559,0
8915,2024-11-09,2024,11,November,Saturday,True,45,18,tarde,Llevar,Debito,16300,0,2603,0
8916,2024-11-09,2024,11,November,Saturday,True,45,18,tarde,Llevar,Debito,9500,0,1517,0
8917,2024-11-09,2024,11,November,Saturday,True,45,18,tarde,Servir,Debito,10200,0,1629,0
8918,2024-11-09,2024,11,November,Saturday,True,45,19,cierre,Llevar,Debito,3100,0,495,0
8919,2024-11-09,2024,11,November,Saturday,True,45,19,cierre,Servir,Credito,16000,0,2555,0
8921,2024-11-11,2024,11,November,Monday,False,46,12,manana,Llevar,Edenred,2000,0,0,0
8922,2024-11-11,2024,11,November,Monday,False,46,13,almuerzo,Servir,Debito,20400,0,3257,2040
8923,2024-11-11,2024,11,November,Monday,False,46,13,almuerzo,Llevar,Efectivo,4000,0,639,0
8924,2024-11-11,2024,11,November,Monday,False,46,13,almuerzo,Llevar,Debito,3800,0,607,0
8925,2024-11-11,2024,11,November,Monday,False,46,14,almuerzo,Llevar,Edenred,3500,0,0,0
8926,2024-11-11,2024,11,November,Monday,False,46,14,almuerzo,Llevar,Edenred,6200,0,0,0
8927,2024-11-11,2024,11,November,Monday,False,46,16,tarde,Servir,Efectivo,5200,0,830,520
8928,2024-11-11,2024,11,November,Monday,False,46,16,tarde,Llevar,Credito,8000,0,1277,0
8929,2024-11-11,2024,11,November,Monday,False,46,16,tarde,Llevar,Debito,4000,0,639,0
8930,2024-11-11,2024,11,November,Monday,False,46,16,tarde,Llevar,Efectivo,2000,0,319,0
8931,2024-11-11,2024,11,November,Monday,False,46,16,tarde,Llevar,Efectivo,6000,0,958,0
8932,2024-11-11,2024,11,November,Monday,False,46,16,tarde,Servir,Edenred,6000,0,0,0
8933,2024-11-11,2024,11,November,Monday,False,46,17,tarde,Llevar,Debito,11500,0,1836,0
8934,2024-11-11,2024,11,November,Monday,False,46,17,tarde,Llevar,Debito,3800,0,607,0
8935,2024-11-11,2024,11,November,Monday,False,46,17,tarde,Llevar,Credito,7000,0,1118,0
8936,2024-11-11,2024,11,November,Monday,False,46,17,tarde,Servir,Credito,2800,0,447,0
8937,2024-11-11,2024,11,November,Monday,False,46,18,tarde,Servir,Debito,4300,0,687,430
8938,2024-11-11,2024,11,November,Monday,False,46,18,tarde,Llevar,Debito,7800,0,1245,0
8939,2024-11-11,2024,11,November,Monday,False,46,18,tarde,Servir,Debito,6000,0,958,0
8940,2024-11-11,2024,11,November,Monday,False,46,18,tarde,Llevar,Edenred,3400,0,0,0
8941,2024-11-11,2024,11,November,Monday,False,46,18,tarde,Servir,Efectivo,5800,0,926,0
8942,2024-11-11,2024,11,November,Monday,False,46,18,tarde,Llevar,Debito,2000,0,319,0
8943,2024-11-11,2024,11,November,Monday,False,46,18,tarde,Llevar,Credito,3800,0,607,0
8944,2024-11-11,2024,11,November,Monday,False,46,18,tarde,Llevar,Efectivo,3000,0,479,0
8945,2024-11-11,2024,11,November,Monday,False,46,19,cierre,Servir,Debito,3500,0,559,0
8946,2024-11-11,2024,11,November,Monday,False,46,19,cierre,Servir,Debito,8200,0,1309,0
8947,2024-11-11,2024,11,November,Monday,False,46,19,cierre,Llevar,Debito,4600,0,734,0
8948,2024-11-11,2024,11,November,Monday,False,46,19,cierre,Llevar,Credito,2200,0,351,0
8949,2024-11-12,2024,11,November,Tuesday,False,46,12,manana,Servir,Debito,10000,0,1597,0
8950,2024-11-12,2024,11,November,Tuesday,False,46,12,manana,Llevar,Debito,2800,0,447,0
8951,2024-11-12,2024,11,November,Tuesday,False,46,13,almuerzo,Servir,Edenred,10900,0,0,0
8952,2024-11-12,2024,11,November,Tuesday,False,46,13,almuerzo,Llevar,Debito,2000,0,319,0
8953,2024-11-12,2024,11,November,Tuesday,False,46,13,almuerzo,Servir,Debito,6500,0,1038,0
8954,2024-11-12,2024,11,November,Tuesday,False,46,16,tarde,Servir,Debito,7900,0,1261,0
8955,2024-11-12,2024,11,November,Tuesday,False,46,16,tarde,Servir,Debito,9500,0,1517,0
8956,2024-11-12,2024,11,November,Tuesday,False,46,16,tarde,Llevar,Debito,1800,0,287,0
8957,2024-11-12,2024,11,November,Tuesday,False,46,16,tarde,Llevar,Debito,3100,0,495,0
8958,2024-11-12,2024,11,November,Tuesday,False,46,17,tarde,Llevar,Debito,1000,0,160,0
8959,2024-11-12,2024,11,November,Tuesday,False,46,17,tarde,Llevar,Debito,6200,0,990,0
8960,2024-11-12,2024,11,November,Tuesday,False,46,17,tarde,Llevar,Efectivo,9300,0,0,0
8961,2024-11-12,2024,11,November,Tuesday,False,46,17,tarde,Llevar,Debito,3300,0,527,0
8962,2024-11-12,2024,11,November,Tuesday,False,46,17,tarde,Servir,Debito,20500,0,3273,0
8963,2024-11-12,2024,11,November,Tuesday,False,46,17,tarde,Llevar,Debito,2800,0,447,0
8964,2024-11-12,2024,11,November,Tuesday,False,46,17,tarde,Llevar,Efectivo,7900,0,1261,0
8965,2024-11-12,2024,11,November,Tuesday,False,46,18,tarde,Llevar,Debito,10300,0,1645,0
8966,2024-11-12,2024,11,November,Tuesday,False,46,18,tarde,Llevar,Transferencia,42000,0,0,0
8967,2024-11-12,2024,11,November,Tuesday,False,46,18,tarde,Servir,Debito,1300,0,208,0
8968,2024-11-12,2024,11,November,Tuesday,False,46,18,tarde,Llevar,Efectivo,4700,0,0,0
8969,2024-11-12,2024,11,November,Tuesday,False,46,18,tarde,Servir,Debito,13000,0,2076,0
8970,2024-11-12,2024,11,November,Tuesday,False,46,18,tarde,Llevar,Debito,7900,0,1261,0
8971,2024-11-12,2024,11,November,Tuesday,False,46,18,tarde,Servir,Debito,13800,0,2203,0
8972,2024-11-12,2024,11,November,Tuesday,False,46,19,cierre,Servir,Debito,9800,0,1565,0
8973,2024-11-12,2024,11,November,Tuesday,False,46,19,cierre,Llevar,Debito,3800,0,607,0
8974,2024-11-12,2024,11,November,Tuesday,False,46,19,cierre,Llevar,Efectivo,2000,0,319,0
8975,2024-11-13,2024,11,November,Wednesday,False,46,12,manana,Llevar,Credito,5300,0,846,0
8976,2024-11-13,2024,11,November,Wednesday,False,46,12,manana,Servir,Efectivo,2000,0,0,0
8977,2024-11-13,2024,11,November,Wednesday,False,46,12,manana,Llevar,Credito,3500,0,559,0
8978,2024-11-13,2024,11,November,Wednesday,False,46,12,manana,Servir,Edenred,7000,0,0,0
8979,2024-11-13,2024,11,November,Wednesday,False,46,12,manana,Servir,Debito,14800,0,2363,0
8980,2024-11-13,2024,11,November,Wednesday,False,46,13,almuerzo,Llevar,Debito,3500,0,559,0
8981,2024-11-13,2024,11,November,Wednesday,False,46,13,almuerzo,Llevar,Credito,4800,0,766,0
8982,2024-11-13,2024,11,November,Wednesday,False,46,13,almuerzo,Llevar,Credito,2800,0,447,0
8983,2024-11-13,2024,11,November,Wednesday,False,46,13,almuerzo,Llevar,Credito,3100,0,495,0
8984,2024-11-13,2024,11,November,Wednesday,False,46,14,almuerzo,Llevar,Efectivo,2000,0,0,0
8985,2024-11-13,2024,11,November,Wednesday,False,46,14,almuerzo,Llevar,Debito,8800,0,1405,0
8986,2024-11-13,2024,11,November,Wednesday,False,46,16,tarde,Llevar,Debito,5100,0,814,0
8987,2024-11-13,2024,11,November,Wednesday,False,46,16,tarde,Llevar,Debito,7500,0,1197,0
8988,2024-11-13,2024,11,November,Wednesday,False,46,16,tarde,Servir,Debito,9300,0,1485,0
8989,2024-11-13,2024,11,November,Wednesday,False,46,16,tarde,Llevar,Debito,3800,0,607,0
8990,2024-11-13,2024,11,November,Wednesday,False,46,16,tarde,Servir,Debito,18600,0,2970,0
8991,2024-11-13,2024,11,November,Wednesday,False,46,17,tarde,Llevar,Edenred,13800,0,2203,0
8992,2024-11-13,2024,11,November,Wednesday,False,46,17,tarde,Llevar,Debito,7300,0,1166,0
8993,2024-11-13,2024,11,November,Wednesday,False,46,17,tarde,Servir,Debito,15000,0,2395,0
8994,2024-11-13,2024,11,November,Wednesday,False,46,18,tarde,Llevar,Debito,3800,0,607,0
8995,2024-11-13,2024,11,November,Wednesday,False,46,18,tarde,Servir,Debito,17100,0,2730,0
8996,2024-11-13,2024,11,November,Wednesday,False,46,18,tarde,Servir,Debito,11800,0,0,0
8997,2024-11-13,2024,11,November,Wednesday,False,46,18,tarde,Servir,Debito,12000,0,1916,0
8998,2024-11-13,2024,11,November,Wednesday,False,46,19,cierre,Servir,Edenred,12100,0,0,0
8999,2024-11-13,2024,11,November,Wednesday,False,46,19,cierre,Llevar,Debito,7600,0,1213,0
9000,2024-11-13,2024,11,November,Wednesday,False,46,19,cierre,Llevar,Debito,5000,0,798,0
9001,2024-11-14,2024,11,November,Thursday,False,46,12,manana,Llevar,Edenred,11000,0,0,0
9002,2024-11-14,2024,11,November,Thursday,False,46,12,manana,Llevar,Debito,3800,0,607,0
9003,2024-11-14,2024,11,November,Thursday,False,46,12,manana,Llevar,Debito,7800,0,1245,0
9004,2024-11-14,2024,11,November,Thursday,False,46,12,manana,Llevar,Debito,4800,0,766,0
9005,2024-11-14,2024,11,November,Thursday,False,46,13,almuerzo,Llevar,Debito,3100,0,495,0
9006,2024-11-14,2024,11,November,Thursday,False,46,14,almuerzo,Llevar,Debito,2000,0,319,0
9007,2024-11-14,2024,11,November,Thursday,False,46,14,almuerzo,Llevar,Debito,4800,0,766,0
9008,2024-11-14,2024,11,November,Thursday,False,46,15,almuerzo,Servir,Debito,22000,0,3513,0
9009,2024-11-14,2024,11,November,Thursday,False,46,15,almuerzo,Llevar,Debito,8000,0,1277,0
9010,2024-11-14,2024,11,November,Thursday,False,46,16,tarde,Llevar,Credito,3500,0,559,0
9011,2024-11-14,2024,11,November,Thursday,False,46,16,tarde,Servir,Debito,15200,0,2427,0
9012,2024-11-14,2024,11,November,Thursday,False,46,16,tarde,Llevar,Debito,1100,0,176,0
9013,2024-11-14,2024,11,November,Thursday,False,46,17,tarde,Servir,Debito,8000,0,1277,0
9014,2024-11-14,2024,11,November,Thursday,False,46,17,tarde,Servir,Efectivo,12000,0,0,0
9015,2024-11-14,2024,11,November,Thursday,False,46,17,tarde,Servir,Debito,13000,0,2076,0
9016,2024-11-14,2024,11,November,Thursday,False,46,17,tarde,Llevar,Debito,3200,0,511,0
9017,2024-11-14,2024,11,November,Thursday,False,46,18,tarde,Llevar,Efectivo,3500,0,0,0
9018,2024-11-14,2024,11,November,Thursday,False,46,18,tarde,Llevar,Debito,2000,0,319,0
9019,2024-11-14,2024,11,November,Thursday,False,46,18,tarde,Servir,Debito,7200,0,1150,0
9020,2024-11-14,2024,11,November,Thursday,False,46,18,tarde,Llevar,Debito,3000,0,479,0
9021,2024-11-14,2024,11,November,Thursday,False,46,18,tarde,Servir,Debito,12000,0,1916,0
9022,2024-11-14,2024,11,November,Thursday,False,46,18,tarde,Servir,Debito,6000,0,958,0
9023,2024-11-14,2024,11,November,Thursday,False,46,18,tarde,Llevar,Debito,11000,0,1756,0
9024,2024-11-14,2024,11,November,Thursday,False,46,18,tarde,Llevar,Debito,3100,0,495,0
9025,2024-11-14,2024,11,November,Thursday,False,46,19,cierre,Servir,Debito,11200,0,1788,0
9026,2024-11-14,2024,11,November,Thursday,False,46,19,cierre,Llevar,Debito,5000,0,798,0
9027,2024-11-14,2024,11,November,Thursday,False,46,19,cierre,Llevar,Debito,5500,0,878,0
9028,2024-11-14,2024,11,November,Thursday,False,46,19,cierre,Servir,Debito,7000,0,1118,0
9029,2024-11-14,2024,11,November,Thursday,False,46,19,cierre,Servir,Efectivo,6200,0,0,0
9030,2024-11-14,2024,11,November,Thursday,False,46,20,cierre,Llevar,Debito,2000,0,319,0
9031,2024-11-14,2024,11,November,Thursday,False,46,20,cierre,Llevar,Debito,5300,0,846,0
9032,2024-11-15,2024,11,November,Friday,False,46,12,manana,Llevar,Credito,4800,0,766,0
9033,2024-11-15,2024,11,November,Friday,False,46,12,manana,Servir,Debito,8800,0,1405,0
9034,2024-11-15,2024,11,November,Friday,False,46,13,almuerzo,Llevar,Debito,7800,0,1245,0
9035,2024-11-15,2024,11,November,Friday,False,46,13,almuerzo,Llevar,Debito,6200,0,990,0
9036,2024-11-15,2024,11,November,Friday,False,46,13,almuerzo,Llevar,Efectivo,1300,0,0,0
9037,2024-11-15,2024,11,November,Friday,False,46,13,almuerzo,Servir,Debito,17500,0,2794,0
9038,2024-11-15,2024,11,November,Friday,False,46,14,almuerzo,Llevar,Debito,2000,0,319,0
9039,2024-11-15,2024,11,November,Friday,False,46,14,almuerzo,Llevar,Debito,2000,0,319,0
9040,2024-11-15,2024,11,November,Friday,False,46,14,almuerzo,Servir,Debito,10000,0,1597,0
9041,2024-11-15,2024,11,November,Friday,False,46,16,tarde,Llevar,Debito,2000,0,319,0
9042,2024-11-15,2024,11,November,Friday,False,46,16,tarde,Llevar,Efectivo,3000,0,479,0
9043,2024-11-15,2024,11,November,Friday,False,46,16,tarde,Llevar,Efectivo,5800,0,0,0
9044,2024-11-15,2024,11,November,Friday,False,46,16,tarde,Servir,Efectivo,1500,0,0,0
9045,2024-11-15,2024,11,November,Friday,False,46,17,tarde,Llevar,Debito,8000,0,1277,0
9046,2024-11-15,2024,11,November,Friday,False,46,17,tarde,Llevar,Debito,3000,0,479,0
9047,2024-11-15,2024,11,November,Friday,False,46,17,tarde,Llevar,Transferencia,5000,0,0,0
9048,2024-11-15,2024,11,November,Friday,False,46,17,tarde,Servir,Debito,11000,0,1756,0
9049,2024-11-15,2024,11,November,Friday,False,46,18,tarde,Llevar,Debito,6000,0,958,0
9050,2024-11-15,2024,11,November,Friday,False,46,18,tarde,Llevar,Debito,3800,0,607,0
9051,2024-11-15,2024,11,November,Friday,False,46,18,tarde,Llevar,Debito,3000,0,479,0
9052,2024-11-15,2024,11,November,Friday,False,46,18,tarde,Servir,Debito,3500,0,559,0
9053,2024-11-15,2024,11,November,Friday,False,46,19,cierre,Llevar,Debito,4000,0,639,0
9054,2024-11-16,2024,11,November,Saturday,True,46,12,manana,Servir,Debito,3600,0,575,0
9055,2024-11-16,2024,11,November,Saturday,True,46,13,almuerzo,Servir,Debito,2000,0,319,0
9056,2024-11-16,2024,11,November,Saturday,True,46,13,almuerzo,Servir,Debito,11000,0,1756,0
9057,2024-11-16,2024,11,November,Saturday,True,46,13,almuerzo,Llevar,Credito,21900,0,3497,0
9058,2024-11-16,2024,11,November,Saturday,True,46,14,almuerzo,Llevar,Efectivo,4000,0,639,0
9059,2024-11-16,2024,11,November,Saturday,True,46,14,almuerzo,Llevar,Debito,9000,0,1437,0
9062,2024-11-16,2024,11,November,Saturday,True,46,16,tarde,Llevar,Debito,5000,0,0,0
9063,2024-11-16,2024,11,November,Saturday,True,46,16,tarde,Servir,Debito,91000,0,14529,0
9064,2024-11-16,2024,11,November,Saturday,True,46,17,tarde,Llevar,Debito,1300,0,208,0
9065,2024-11-16,2024,11,November,Saturday,True,46,17,tarde,Llevar,Debito,8000,0,1277,0
9066,2024-11-16,2024,11,November,Saturday,True,46,17,tarde,Servir,Debito,8000,0,1277,0
9067,2024-11-16,2024,11,November,Saturday,True,46,18,tarde,Llevar,Efectivo,2000,0,319,0
9068,2024-11-16,2024,11,November,Saturday,True,46,18,tarde,Llevar,Debito,6000,0,958,0
9069,2024-11-16,2024,11,November,Saturday,True,46,18,tarde,Llevar,Transferencia,42000,0,0,0
9070,2024-11-16,2024,11,November,Saturday,True,46,19,cierre,Llevar,Debito,2000,0,319,0
9072,2024-11-16,2024,11,November,Saturday,True,46,19,cierre,Llevar,Debito,3000,0,479,0
9073,2024-11-16,2024,11,November,Saturday,True,46,20,cierre,Llevar,Debito,10000,0,1597,0
9074,2024-11-19,2024,11,November,Tuesday,False,47,13,almuerzo,Llevar,Edenred,16000,0,0,0
9075,2024-11-19,2024,11,November,Tuesday,False,47,13,almuerzo,Llevar,Efectivo,4000,0,639,0
9076,2024-11-19,2024,11,November,Tuesday,False,47,14,almuerzo,Llevar,Debito,2800,0,447,0
9077,2024-11-19,2024,11,November,Tuesday,False,47,14,almuerzo,Llevar,Debito,2000,0,319,0
9078,2024-11-19,2024,11,November,Tuesday,False,47,14,almuerzo,Llevar,Debito,2800,0,447,0
9079,2024-11-19,2024,11,November,Tuesday,False,47,15,almuerzo,Llevar,Debito,7700,0,1229,0
9080,2024-11-19,2024,11,November,Tuesday,False,47,15,almuerzo,Servir,Debito,2000,0,319,0
9081,2024-11-19,2024,11,November,Tuesday,False,47,16,tarde,Servir,Debito,7600,0,1213,0
9082,2024-11-19,2024,11,November,Tuesday,False,47,16,tarde,Llevar,Debito,6900,0,1102,0
9083,2024-11-19,2024,11,November,Tuesday,False,47,16,tarde,Llevar,Efectivo,5500,0,878,0
9084,2024-11-19,2024,11,November,Tuesday,False,47,16,tarde,Llevar,Debito,9600,0,1533,0
9085,2024-11-19,2024,11,November,Tuesday,False,47,17,tarde,Llevar,Debito,1500,0,239,0
9086,2024-11-19,2024,11,November,Tuesday,False,47,17,tarde,Llevar,Debito,9700,0,1549,0
9087,2024-11-19,2024,11,November,Tuesday,False,47,17,tarde,Servir,Debito,12300,0,1964,0
9088,2024-11-19,2024,11,November,Tuesday,False,47,17,tarde,Llevar,Debito,11800,0,1884,0
9089,2024-11-19,2024,11,November,Tuesday,False,47,17,tarde,Servir,Credito,2800,0,447,0
9090,2024-11-19,2024,11,November,Tuesday,False,47,17,tarde,Llevar,Debito,5000,0,798,0
9091,2024-11-19,2024,11,November,Tuesday,False,47,17,tarde,Servir,Debito,7900,0,1261,0
9092,2024-11-19,2024,11,November,Tuesday,False,47,17,tarde,Llevar,Debito,5500,0,878,0
9093,2024-11-19,2024,11,November,Tuesday,False,47,17,tarde,Servir,Debito,5900,0,942,0
9094,2024-11-19,2024,11,November,Tuesday,False,47,18,tarde,Llevar,Edenred,5800,0,0,0
9095,2024-11-19,2024,11,November,Tuesday,False,47,18,tarde,Servir,Debito,5500,0,878,0
9096,2024-11-19,2024,11,November,Tuesday,False,47,19,cierre,Llevar,Debito,7700,0,1229,0
9097,2024-11-19,2024,11,November,Tuesday,False,47,19,cierre,Servir,Efectivo,9200,0,0,0
9098,2024-11-19,2024,11,November,Tuesday,False,47,19,cierre,Servir,Credito,14900,0,2379,0
9099,2024-11-19,2024,11,November,Tuesday,False,47,19,cierre,Llevar,Debito,3100,0,495,0
9100,2024-11-19,2024,11,November,Tuesday,False,47,19,cierre,Servir,Debito,14400,0,2299,0
9101,2024-11-19,2024,11,November,Tuesday,False,47,19,cierre,Llevar,Debito,3500,0,559,0
9102,2024-11-20,2024,11,November,Wednesday,False,47,12,manana,Llevar,Credito,2000,0,319,0
9103,2024-11-20,2024,11,November,Wednesday,False,47,12,manana,Servir,Debito,11500,0,1836,0
9104,2024-11-20,2024,11,November,Wednesday,False,47,12,manana,Llevar,Debito,2000,0,319,0
9105,2024-11-20,2024,11,November,Wednesday,False,47,13,almuerzo,Llevar,Debito,3300,0,527,0
9106,2024-11-20,2024,11,November,Wednesday,False,47,13,almuerzo,Llevar,Debito,2000,0,319,0
9107,2024-11-20,2024,11,November,Wednesday,False,47,14,almuerzo,Llevar,Debito,2000,0,319,0
9108,2024-11-20,2024,11,November,Wednesday,False,47,14,almuerzo,Llevar,Edenred,2000,0,0,0
9109,2024-11-20,2024,11,November,Wednesday,False,47,14,almuerzo,Llevar,Debito,2000,0,319,0
9110,2024-11-20,2024,11,November,Wednesday,False,47,14,almuerzo,Servir,Debito,9700,0,1549,0
9111,2024-11-20,2024,11,November,Wednesday,False,47,15,almuerzo,Llevar,Efectivo,2000,0,319,0
9112,2024-11-20,2024,11,November,Wednesday,False,47,15,almuerzo,Llevar,Efectivo,1200,0,192,0
9113,2024-11-20,2024,11,November,Wednesday,False,47,16,tarde,Llevar,Debito,9600,0,1533,0
9114,2024-11-20,2024,11,November,Wednesday,False,47,16,tarde,Llevar,Debito,2000,0,319,0
9115,2024-11-20,2024,11,November,Wednesday,False,47,16,tarde,Llevar,Efectivo,2000,0,0,0
9116,2024-11-20,2024,11,November,Wednesday,False,47,17,tarde,Llevar,Debito,7500,0,1197,0
9117,2024-11-20,2024,11,November,Wednesday,False,47,18,tarde,Llevar,Debito,5000,0,798,0
9118,2024-11-20,2024,11,November,Wednesday,False,47,18,tarde,Servir,Debito,16500,0,2634,0
9119,2024-11-20,2024,11,November,Wednesday,False,47,18,tarde,Servir,Debito,15000,0,2395,0
9120,2024-11-20,2024,11,November,Wednesday,False,47,19,cierre,Llevar,Credito,2800,0,447,0
9121,2024-11-20,2024,11,November,Wednesday,False,47,19,cierre,Llevar,Efectivo,11900,0,1900,0
9122,2024-11-20,2024,11,November,Wednesday,False,47,19,cierre,Llevar,Debito,6600,0,1054,0
9123,2024-11-20,2024,11,November,Wednesday,False,47,19,cierre,Llevar,Efectivo,4000,0,639,0
9124,2024-11-20,2024,11,November,Wednesday,False,47,19,cierre,Llevar,Debito,8900,0,1421,0
9125,2024-11-21,2024,11,November,Thursday,False,47,12,manana,Llevar,Debito,2200,0,351,0
9126,2024-11-21,2024,11,November,Thursday,False,47,13,almuerzo,Llevar,Debito,1000,0,160,0
9127,2024-11-21,2024,11,November,Thursday,False,47,13,almuerzo,Llevar,Debito,6000,0,958,0
9129,2024-11-21,2024,11,November,Thursday,False,47,13,almuerzo,Servir,Debito,15300,0,2443,440
9130,2024-11-21,2024,11,November,Thursday,False,47,13,almuerzo,Servir,Debito,18700,0,2986,0
9131,2024-11-21,2024,11,November,Thursday,False,47,13,almuerzo,Llevar,Debito,6500,0,1038,0
9132,2024-11-21,2024,11,November,Thursday,False,47,14,almuerzo,Servir,Debito,10300,0,1645,1030
9133,2024-11-21,2024,11,November,Thursday,False,47,14,almuerzo,Servir,Credito,13100,0,2092,1310
9134,2024-11-21,2024,11,November,Thursday,False,47,14,almuerzo,Llevar,Debito,8000,0,1277,0
9135,2024-11-21,2024,11,November,Thursday,False,47,14,almuerzo,Servir,Edenred,6300,0,0,0
9136,2024-11-21,2024,11,November,Thursday,False,47,15,almuerzo,Llevar,Debito,2200,0,351,0
9137,2024-11-21,2024,11,November,Thursday,False,47,16,tarde,Servir,Debito,16300,0,2603,0
9138,2024-11-21,2024,11,November,Thursday,False,47,16,tarde,Llevar,Efectivo,1500,0,239,0
9139,2024-11-21,2024,11,November,Thursday,False,47,16,tarde,Servir,Debito,7000,0,1118,700
9140,2024-11-21,2024,11,November,Thursday,False,47,16,tarde,Llevar,Efectivo,4800,0,766,0
9141,2024-11-21,2024,11,November,Thursday,False,47,16,tarde,Servir,Debito,14100,0,2251,1410
9142,2024-11-21,2024,11,November,Thursday,False,47,16,tarde,Servir,Debito,9800,0,1565,0
9143,2024-11-21,2024,11,November,Thursday,False,47,16,tarde,Servir,Debito,4000,0,639,400
9144,2024-11-21,2024,11,November,Thursday,False,47,16,tarde,Llevar,Efectivo,3200,0,511,0
9145,2024-11-21,2024,11,November,Thursday,False,47,17,tarde,Servir,Debito,7000,0,1118,0
9146,2024-11-21,2024,11,November,Thursday,False,47,17,tarde,Llevar,Efectivo,1000,0,160,0
9147,2024-11-21,2024,11,November,Thursday,False,47,18,tarde,Llevar,Efectivo,1200,0,192,0
9148,2024-11-21,2024,11,November,Thursday,False,47,18,tarde,Llevar,Efectivo,1900,0,303,0
9149,2024-11-21,2024,11,November,Thursday,False,47,18,tarde,Servir,Debito,6000,0,958,600
9150,2024-11-21,2024,11,November,Thursday,False,47,18,tarde,Llevar,Debito,3800,0,607,0
9151,2024-11-21,2024,11,November,Thursday,False,47,19,cierre,Servir,Credito,2000,0,319,0
9152,2024-11-21,2024,11,November,Thursday,False,47,19,cierre,Llevar,Efectivo,4200,0,671,0
9153,2024-11-21,2024,11,November,Thursday,False,47,19,cierre,Llevar,Credito,3500,0,559,0
9154,2024-11-21,2024,11,November,Thursday,False,47,19,cierre,Servir,Debito,3800,0,607,0
9155,2024-11-22,2024,11,November,Friday,False,47,12,manana,Llevar,Debito,5000,0,798,0
9156,2024-11-22,2024,11,November,Friday,False,47,13,almuerzo,Llevar,Debito,7300,0,1166,0
9157,2024-11-22,2024,11,November,Friday,False,47,13,almuerzo,Llevar,Debito,2000,0,319,0
9158,2024-11-22,2024,11,November,Friday,False,47,13,almuerzo,Servir,Debito,12000,0,1916,0
9159,2024-11-22,2024,11,November,Friday,False,47,13,almuerzo,Servir,Credito,27800,0,4439,0
9160,2024-11-22,2024,11,November,Friday,False,47,13,almuerzo,Llevar,Debito,3000,0,479,0
9161,2024-11-22,2024,11,November,Friday,False,47,14,almuerzo,Llevar,Debito,2000,0,319,0
9162,2024-11-22,2024,11,November,Friday,False,47,14,almuerzo,Llevar,Debito,3800,0,607,0
9163,2024-11-22,2024,11,November,Friday,False,47,14,almuerzo,Llevar,Debito,11000,0,1756,0
9164,2024-11-22,2024,11,November,Friday,False,47,14,almuerzo,Llevar,Debito,5000,0,798,0
9165,2024-11-22,2024,11,November,Friday,False,47,15,almuerzo,Llevar,Debito,5900,0,942,0
9166,2024-11-22,2024,11,November,Friday,False,47,15,almuerzo,Llevar,Debito,3800,0,607,0
9167,2024-11-22,2024,11,November,Friday,False,47,15,almuerzo,Llevar,Debito,6000,0,958,0
9168,2024-11-22,2024,11,November,Friday,False,47,16,tarde,Servir,Debito,5700,0,910,0
9169,2024-11-22,2024,11,November,Friday,False,47,16,tarde,Llevar,Debito,5200,0,830,0
9170,2024-11-22,2024,11,November,Friday,False,47,16,tarde,Servir,Debito,2500,0,399,0
9171,2024-11-22,2024,11,November,Friday,False,47,17,tarde,Llevar,Debito,7500,0,1197,0
9172,2024-11-22,2024,11,November,Friday,False,47,17,tarde,Servir,Debito,6800,0,1086,0
9173,2024-11-22,2024,11,November,Friday,False,47,17,tarde,Llevar,Debito,10500,0,1676,0
9174,2024-11-22,2024,11,November,Friday,False,47,17,tarde,Llevar,Debito,3800,0,607,0
9175,2024-11-22,2024,11,November,Friday,False,47,17,tarde,Servir,Debito,9800,0,1565,0
9176,2024-11-22,2024,11,November,Friday,False,47,17,tarde,Llevar,Debito,6000,0,958,0
9177,2024-11-22,2024,11,November,Friday,False,47,17,tarde,Llevar,Debito,3000,0,479,0
9178,2024-11-22,2024,11,November,Friday,False,47,17,tarde,Servir,Debito,11100,0,1772,0
9179,2024-11-22,2024,11,November,Friday,False,47,18,tarde,Llevar,Debito,2000,0,319,0
9180,2024-11-22,2024,11,November,Friday,False,47,18,tarde,Llevar,Debito,14800,0,2363,0
9181,2024-11-22,2024,11,November,Friday,False,47,18,tarde,Llevar,Efectivo,9000,0,1437,0
9182,2024-11-22,2024,11,November,Friday,False,47,18,tarde,Llevar,Efectivo,4300,0,687,0
9183,2024-11-22,2024,11,November,Friday,False,47,19,cierre,Llevar,Credito,5500,0,878,0
9184,2024-11-22,2024,11,November,Friday,False,47,19,cierre,Servir,Debito,4000,0,639,0
9185,2024-11-22,2024,11,November,Friday,False,47,19,cierre,Llevar,Credito,6500,0,1038,0
9186,2024-11-22,2024,11,November,Friday,False,47,19,cierre,Llevar,Credito,12000,0,1916,0
9187,2024-11-22,2024,11,November,Friday,False,47,19,cierre,Servir,Debito,3800,0,607,0
9188,2024-11-23,2024,11,November,Saturday,True,47,12,manana,Llevar,Debito,5200,0,830,0
9189,2024-11-23,2024,11,November,Saturday,True,47,12,manana,Llevar,Credito,7500,0,1197,0
9190,2024-11-23,2024,11,November,Saturday,True,47,12,manana,Llevar,Debito,10800,0,1724,0
9191,2024-11-23,2024,11,November,Saturday,True,47,13,almuerzo,Servir,Debito,9300,0,1485,930
9192,2024-11-23,2024,11,November,Saturday,True,47,13,almuerzo,Servir,Debito,10500,0,1676,0
9193,2024-11-23,2024,11,November,Saturday,True,47,14,almuerzo,Llevar,Debito,2000,0,319,0
9194,2024-11-23,2024,11,November,Saturday,True,47,14,almuerzo,Llevar,Efectivo,11100,0,1772,0
9195,2024-11-23,2024,11,November,Saturday,True,47,14,almuerzo,Llevar,Debito,1500,0,239,0
9196,2024-11-23,2024,11,November,Saturday,True,47,14,almuerzo,Servir,Debito,1300,0,208,0
9197,2024-11-23,2024,11,November,Saturday,True,47,14,almuerzo,Servir,Debito,3800,0,607,0
9198,2024-11-23,2024,11,November,Saturday,True,47,15,almuerzo,Servir,Credito,10800,0,1724,1080
9199,2024-11-23,2024,11,November,Saturday,True,47,15,almuerzo,Llevar,Debito,9600,0,1533,0
9200,2024-11-23,2024,11,November,Saturday,True,47,16,tarde,Servir,Debito,8000,0,1277,0
9201,2024-11-23,2024,11,November,Saturday,True,47,16,tarde,Llevar,Debito,1500,0,239,0
9202,2024-11-23,2024,11,November,Saturday,True,47,16,tarde,Servir,Debito,11800,0,1884,0
9203,2024-11-23,2024,11,November,Saturday,True,47,17,tarde,Servir,Debito,6800,0,1086,0
9205,2024-11-23,2024,11,November,Saturday,True,47,18,tarde,Servir,Efectivo,4900,0,782,0
9206,2024-11-23,2024,11,November,Saturday,True,47,18,tarde,Llevar,Debito,3800,0,607,0
9207,2024-11-23,2024,11,November,Saturday,True,47,18,tarde,Llevar,Debito,3800,0,607,0
9208,2024-11-23,2024,11,November,Saturday,True,47,18,tarde,Servir,Efectivo,13400,0,2139,0
9209,2024-11-23,2024,11,November,Saturday,True,47,18,tarde,Servir,Debito,16600,0,2650,1660
9210,2024-11-23,2024,11,November,Saturday,True,47,19,cierre,Servir,Credito,11500,0,1836,1150
9211,2024-11-23,2024,11,November,Saturday,True,47,19,cierre,Servir,Credito,17800,0,2842,1780
9212,2024-11-23,2024,11,November,Saturday,True,47,19,cierre,Llevar,Debito,19500,0,3113,0
9213,2024-11-25,2024,11,November,Monday,False,48,12,manana,Llevar,Debito,1200,0,192,0
9214,2024-11-25,2024,11,November,Monday,False,48,12,manana,Servir,Debito,6700,0,1070,0
9215,2024-11-25,2024,11,November,Monday,False,48,12,manana,Llevar,Debito,5200,0,830,0
9216,2024-11-25,2024,11,November,Monday,False,48,13,almuerzo,Servir,Efectivo,15300,0,0,1530
9217,2024-11-25,2024,11,November,Monday,False,48,14,almuerzo,Llevar,Debito,5800,0,926,0
9218,2024-11-25,2024,11,November,Monday,False,48,15,almuerzo,Llevar,Credito,5800,0,926,0
9219,2024-11-25,2024,11,November,Monday,False,48,15,almuerzo,Servir,Debito,4000,0,639,0
9220,2024-11-25,2024,11,November,Monday,False,48,15,almuerzo,Servir,Debito,5000,0,798,0
9221,2024-11-25,2024,11,November,Monday,False,48,16,tarde,Llevar,Debito,4000,0,639,0
9222,2024-11-25,2024,11,November,Monday,False,48,16,tarde,Llevar,Edenred,6000,0,0,0
9223,2024-11-25,2024,11,November,Monday,False,48,16,tarde,Servir,Debito,3800,0,607,0
9224,2024-11-25,2024,11,November,Monday,False,48,16,tarde,Llevar,Debito,7500,0,1197,0
9225,2024-11-25,2024,11,November,Monday,False,48,16,tarde,Servir,Debito,5100,0,814,0
9226,2024-11-25,2024,11,November,Monday,False,48,16,tarde,Llevar,Debito,7500,0,1197,0
9227,2024-11-25,2024,11,November,Monday,False,48,17,tarde,Llevar,Credito,10300,0,1645,0
9228,2024-11-25,2024,11,November,Monday,False,48,17,tarde,Llevar,Credito,4000,0,639,0
9229,2024-11-25,2024,11,November,Monday,False,48,17,tarde,Llevar,Debito,7800,0,1245,0
9230,2024-11-25,2024,11,November,Monday,False,48,17,tarde,Llevar,Debito,2000,0,319,0
9231,2024-11-25,2024,11,November,Monday,False,48,17,tarde,Llevar,Efectivo,2000,0,319,0
9232,2024-11-25,2024,11,November,Monday,False,48,18,tarde,Llevar,Debito,7300,0,1166,0
9233,2024-11-25,2024,11,November,Monday,False,48,18,tarde,Servir,Debito,12000,0,1916,1200
9234,2024-11-25,2024,11,November,Monday,False,48,18,tarde,Llevar,Debito,9400,0,1501,0
9235,2024-11-25,2024,11,November,Monday,False,48,18,tarde,Servir,Sodexo,16200,0,0,0
9236,2024-11-25,2024,11,November,Monday,False,48,18,tarde,Llevar,Debito,2000,0,319,0
9237,2024-11-25,2024,11,November,Monday,False,48,19,cierre,Servir,Debito,12200,0,1948,1220
9238,2024-11-25,2024,11,November,Monday,False,48,19,cierre,Llevar,Debito,5800,0,926,0
9239,2024-11-25,2024,11,November,Monday,False,48,19,cierre,Servir,Debito,14500,0,2315,1450
9240,2024-11-25,2024,11,November,Monday,False,48,19,cierre,Llevar,Debito,6000,0,958,0
9241,2024-11-26,2024,11,November,Tuesday,False,48,10,manana,Llevar,Transferencia,21250,0,0,0
9242,2024-11-26,2024,11,November,Tuesday,False,48,12,manana,Servir,Debito,6000,0,958,0
9243,2024-11-26,2024,11,November,Tuesday,False,48,12,manana,Llevar,Efectivo,3500,0,0,0
9244,2024-11-26,2024,11,November,Tuesday,False,48,13,almuerzo,Llevar,Debito,2000,0,319,0
9245,2024-11-26,2024,11,November,Tuesday,False,48,13,almuerzo,Llevar,Transferencia,5000,0,0,0
9246,2024-11-26,2024,11,November,Tuesday,False,48,13,almuerzo,Llevar,Debito,14200,0,2267,0
9247,2024-11-26,2024,11,November,Tuesday,False,48,13,almuerzo,Servir,Efectivo,6000,0,0,0
9248,2024-11-26,2024,11,November,Tuesday,False,48,13,almuerzo,Llevar,Credito,9000,0,1437,0
9249,2024-11-26,2024,11,November,Tuesday,False,48,13,almuerzo,Servir,Debito,2000,0,319,0
9250,2024-11-26,2024,11,November,Tuesday,False,48,13,almuerzo,Servir,Edenred,11100,0,0,0
9251,2024-11-26,2024,11,November,Tuesday,False,48,14,almuerzo,Llevar,Debito,5000,0,798,0
9252,2024-11-26,2024,11,November,Tuesday,False,48,15,almuerzo,Llevar,Debito,3000,0,479,0
9253,2024-11-26,2024,11,November,Tuesday,False,48,16,tarde,Llevar,Debito,3800,0,607,0
9254,2024-11-26,2024,11,November,Tuesday,False,48,16,tarde,Llevar,Debito,6500,0,1038,0
9255,2024-11-26,2024,11,November,Tuesday,False,48,17,tarde,Llevar,Debito,3000,0,479,0
9256,2024-11-26,2024,11,November,Tuesday,False,48,17,tarde,Servir,Efectivo,3000,0,0,0
9257,2024-11-26,2024,11,November,Tuesday,False,48,17,tarde,Servir,Efectivo,9000,0,0,0
9258,2024-11-26,2024,11,November,Tuesday,False,48,17,tarde,Llevar,Debito,10500,0,1676,0
9259,2024-11-26,2024,11,November,Tuesday,False,48,17,tarde,Servir,Efectivo,12000,0,0,0
9260,2024-11-26,2024,11,November,Tuesday,False,48,17,tarde,Llevar,Debito,5000,0,798,0
9261,2024-11-26,2024,11,November,Tuesday,False,48,17,tarde,Llevar,Debito,3000,0,479,0
9262,2024-11-26,2024,11,November,Tuesday,False,48,18,tarde,Llevar,Debito,4500,0,718,0
9263,2024-11-26,2024,11,November,Tuesday,False,48,18,tarde,Llevar,Debito,2000,0,319,0
9264,2024-11-26,2024,11,November,Tuesday,False,48,18,tarde,Llevar,Credito,12500,0,1996,0
9265,2024-11-26,2024,11,November,Tuesday,False,48,18,tarde,Llevar,Credito,16300,0,2603,0
9266,2024-11-26,2024,11,November,Tuesday,False,48,18,tarde,Llevar,Efectivo,2800,0,447,0
9267,2024-11-26,2024,11,November,Tuesday,False,48,18,tarde,Servir,Debito,7000,0,1118,0
9268,2024-11-26,2024,11,November,Tuesday,False,48,18,tarde,Llevar,Efectivo,3800,0,607,0
9269,2024-11-26,2024,11,November,Tuesday,False,48,19,cierre,Servir,Debito,7500,0,1197,0
9270,2024-11-26,2024,11,November,Tuesday,False,48,19,cierre,Llevar,Debito,7800,0,1245,0
9271,2024-11-26,2024,11,November,Tuesday,False,48,19,cierre,Llevar,Transferencia,5950,0,0,0
9272,2024-11-26,2024,11,November,Tuesday,False,48,19,cierre,Llevar,Transferencia,42000,0,0,0
9273,2024-11-26,2024,11,November,Tuesday,False,48,19,cierre,Servir,Debito,3800,0,607,0
9274,2024-11-27,2024,11,November,Wednesday,False,48,12,manana,Llevar,Debito,2800,0,447,0
9275,2024-11-27,2024,11,November,Wednesday,False,48,12,manana,Servir,Efectivo,1500,0,0,0
9276,2024-11-27,2024,11,November,Wednesday,False,48,13,almuerzo,Llevar,Credito,2000,0,319,0
9277,2024-11-27,2024,11,November,Wednesday,False,48,13,almuerzo,Llevar,Debito,2000,0,319,0
9278,2024-11-27,2024,11,November,Wednesday,False,48,14,almuerzo,Llevar,Debito,2000,0,319,0
9279,2024-11-27,2024,11,November,Wednesday,False,48,14,almuerzo,Llevar,Efectivo,4100,0,655,0
9280,2024-11-27,2024,11,November,Wednesday,False,48,15,almuerzo,Servir,Debito,4000,0,0,0
9281,2024-11-27,2024,11,November,Wednesday,False,48,15,almuerzo,Servir,Debito,2800,0,447,0
9282,2024-11-27,2024,11,November,Wednesday,False,48,16,tarde,Llevar,Debito,7300,0,1166,0
9283,2024-11-27,2024,11,November,Wednesday,False,48,16,tarde,Servir,Credito,4000,0,639,0
9284,2024-11-27,2024,11,November,Wednesday,False,48,16,tarde,Servir,Debito,11000,0,1756,0
9285,2024-11-27,2024,11,November,Wednesday,False,48,16,tarde,Llevar,Credito,5500,0,878,0
9286,2024-11-27,2024,11,November,Wednesday,False,48,16,tarde,Llevar,Efectivo,14400,0,0,0
9287,2024-11-27,2024,11,November,Wednesday,False,48,17,tarde,Llevar,Debito,4000,0,639,0
9288,2024-11-27,2024,11,November,Wednesday,False,48,17,tarde,Servir,Debito,4000,0,639,0
9289,2024-11-27,2024,11,November,Wednesday,False,48,17,tarde,Servir,Edenred,19500,0,0,0
9290,2024-11-27,2024,11,November,Wednesday,False,48,17,tarde,Llevar,Debito,4400,0,703,0
9291,2024-11-27,2024,11,November,Wednesday,False,48,17,tarde,Llevar,Debito,7500,0,1197,0
9292,2024-11-27,2024,11,November,Wednesday,False,48,17,tarde,Llevar,Debito,3000,0,479,0
9293,2024-11-27,2024,11,November,Wednesday,False,48,17,tarde,Llevar,Efectivo,3800,0,607,0
9294,2024-11-27,2024,11,November,Wednesday,False,48,17,tarde,Llevar,Debito,2000,0,319,0
9295,2024-11-27,2024,11,November,Wednesday,False,48,17,tarde,Servir,Debito,4100,0,655,0
9296,2024-11-27,2024,11,November,Wednesday,False,48,18,tarde,Llevar,Credito,8700,0,1389,0
9297,2024-11-27,2024,11,November,Wednesday,False,48,18,tarde,Llevar,Credito,4000,0,639,0
9298,2024-11-27,2024,11,November,Wednesday,False,48,18,tarde,Servir,Debito,20600,0,3289,0
9299,2024-11-27,2024,11,November,Wednesday,False,48,18,tarde,Llevar,Debito,7500,0,1197,0
9300,2024-11-27,2024,11,November,Wednesday,False,48,18,tarde,Llevar,Credito,11000,0,1756,0
9301,2024-11-27,2024,11,November,Wednesday,False,48,18,tarde,Servir,Credito,5500,0,878,0
9302,2024-11-27,2024,11,November,Wednesday,False,48,18,tarde,Llevar,Credito,6800,0,1086,0
9303,2024-11-27,2024,11,November,Wednesday,False,48,19,cierre,Llevar,Debito,1500,0,239,0
9304,2024-11-27,2024,11,November,Wednesday,False,48,19,cierre,Servir,Debito,3800,0,607,0
9305,2024-11-27,2024,11,November,Wednesday,False,48,19,cierre,Llevar,Debito,2000,0,319,0
9306,2024-11-27,2024,11,November,Wednesday,False,48,19,cierre,Servir,Debito,12400,0,1980,0
9307,2024-11-27,2024,11,November,Wednesday,False,48,19,cierre,Llevar,Debito,4000,0,639,0
9308,2024-11-27,2024,11,November,Wednesday,False,48,19,cierre,Llevar,Credito,3800,0,607,0
9309,2024-11-28,2024,11,November,Thursday,False,48,12,manana,Llevar,Efectivo,8000,0,0,0
9310,2024-11-28,2024,11,November,Thursday,False,48,12,manana,Llevar,Debito,3100,0,495,0
9311,2024-11-28,2024,11,November,Thursday,False,48,13,almuerzo,Llevar,Debito,10200,0,1629,0
9312,2024-11-28,2024,11,November,Thursday,False,48,13,almuerzo,Llevar,Credito,10600,0,1692,0
9313,2024-11-28,2024,11,November,Thursday,False,48,13,almuerzo,Llevar,Debito,3800,0,607,0
9314,2024-11-28,2024,11,November,Thursday,False,48,14,almuerzo,Llevar,Credito,5100,0,814,0
9315,2024-11-28,2024,11,November,Thursday,False,48,14,almuerzo,Llevar,Debito,15000,0,2395,0
9316,2024-11-28,2024,11,November,Thursday,False,48,14,almuerzo,Llevar,Efectivo,3200,0,511,0
9317,2024-11-28,2024,11,November,Thursday,False,48,16,tarde,Llevar,Debito,3800,0,607,0
9318,2024-11-28,2024,11,November,Thursday,False,48,16,tarde,Llevar,Debito,2500,0,399,0
9319,2024-11-28,2024,11,November,Thursday,False,48,16,tarde,Llevar,Sodexo,5800,0,0,0
9320,2024-11-28,2024,11,November,Thursday,False,48,17,tarde,Llevar,Debito,4000,0,639,0
9321,2024-11-28,2024,11,November,Thursday,False,48,17,tarde,Servir,Debito,3500,0,559,0
9322,2024-11-28,2024,11,November,Thursday,False,48,17,tarde,Servir,Efectivo,10300,0,1645,0
9323,2024-11-28,2024,11,November,Thursday,False,48,17,tarde,Llevar,Debito,2400,0,0,0
9324,2024-11-28,2024,11,November,Thursday,False,48,17,tarde,Llevar,Debito,3800,0,607,0
9325,2024-11-28,2024,11,November,Thursday,False,48,17,tarde,Servir,Debito,8000,0,1277,0
9326,2024-11-28,2024,11,November,Thursday,False,48,17,tarde,Llevar,Credito,3000,0,479,0
9327,2024-11-28,2024,11,November,Thursday,False,48,18,tarde,Llevar,Debito,3500,0,0,0
9328,2024-11-28,2024,11,November,Thursday,False,48,18,tarde,Servir,Debito,5800,0,926,0
9329,2024-11-28,2024,11,November,Thursday,False,48,18,tarde,Llevar,Debito,7300,0,1166,0
9330,2024-11-28,2024,11,November,Thursday,False,48,18,tarde,Servir,Debito,15200,0,2427,0
9331,2024-11-28,2024,11,November,Thursday,False,48,19,cierre,Llevar,Debito,14000,0,2235,0
9332,2024-11-29,2024,11,November,Friday,False,48,12,manana,Llevar,Debito,3800,0,607,0
9333,2024-11-29,2024,11,November,Friday,False,48,12,manana,Servir,Debito,1500,0,239,0
9334,2024-11-29,2024,11,November,Friday,False,48,12,manana,Llevar,Debito,3100,0,495,0
9335,2024-11-29,2024,11,November,Friday,False,48,13,almuerzo,Servir,Debito,16700,0,2666,0
9336,2024-11-29,2024,11,November,Friday,False,48,13,almuerzo,Servir,Debito,17200,0,2746,0
9337,2024-11-29,2024,11,November,Friday,False,48,13,almuerzo,Servir,Debito,17000,0,2714,0
9338,2024-11-29,2024,11,November,Friday,False,48,13,almuerzo,Servir,Debito,12700,0,2028,0
9339,2024-11-29,2024,11,November,Friday,False,48,13,almuerzo,Llevar,Debito,5000,0,798,0
9340,2024-11-29,2024,11,November,Friday,False,48,14,almuerzo,Llevar,Edenred,4000,0,0,0
9341,2024-11-29,2024,11,November,Friday,False,48,14,almuerzo,Llevar,Debito,5900,0,942,0
9342,2024-11-29,2024,11,November,Friday,False,48,14,almuerzo,Llevar,Debito,3500,0,559,0
9343,2024-11-29,2024,11,November,Friday,False,48,16,tarde,Servir,Debito,6000,0,958,0
9344,2024-11-29,2024,11,November,Friday,False,48,16,tarde,Llevar,Debito,3800,0,607,0
9345,2024-11-29,2024,11,November,Friday,False,48,16,tarde,Servir,Edenred,18800,0,0,0
9346,2024-11-29,2024,11,November,Friday,False,48,16,tarde,Llevar,Debito,8300,0,1325,0
9347,2024-11-29,2024,11,November,Friday,False,48,16,tarde,Llevar,Efectivo,6000,0,0,0
9348,2024-11-29,2024,11,November,Friday,False,48,16,tarde,Llevar,Debito,4200,0,671,0
9349,2024-11-29,2024,11,November,Friday,False,48,16,tarde,Servir,Debito,7700,0,1229,0
9350,2024-11-29,2024,11,November,Friday,False,48,17,tarde,Servir,Debito,28200,0,4503,0
9351,2024-11-29,2024,11,November,Friday,False,48,17,tarde,Llevar,Debito,3800,0,607,0
9352,2024-11-29,2024,11,November,Friday,False,48,17,tarde,Llevar,Debito,2000,0,319,0
9353,2024-11-29,2024,11,November,Friday,False,48,18,tarde,Servir,Debito,12500,0,1996,0
9354,2024-11-29,2024,11,November,Friday,False,48,18,tarde,Servir,Efectivo,8100,0,0,0
9355,2024-11-29,2024,11,November,Friday,False,48,18,tarde,Llevar,Debito,9500,0,1517,0
9356,2024-11-29,2024,11,November,Friday,False,48,18,tarde,Llevar,Debito,5400,0,862,0
9357,2024-11-29,2024,11,November,Friday,False,48,19,cierre,Servir,Debito,10300,0,1645,0
9358,2024-11-29,2024,11,November,Friday,False,48,19,cierre,Servir,Debito,11100,0,1772,0
9359,2024-11-29,2024,11,November,Friday,False,48,19,cierre,Llevar,Credito,5800,0,926,0
9360,2024-11-30,2024,11,November,Saturday,True,48,12,manana,Servir,Debito,14100,0,2251,0
9361,2024-11-30,2024,11,November,Saturday,True,48,13,almuerzo,Servir,Debito,8800,0,1405,880
9362,2024-11-30,2024,11,November,Saturday,True,48,13,almuerzo,Llevar,Efectivo,1000,0,160,0
9363,2024-11-30,2024,11,November,Saturday,True,48,13,almuerzo,Llevar,Debito,8900,0,1421,0
9364,2024-11-30,2024,11,November,Saturday,True,48,14,almuerzo,Llevar,Debito,2000,0,319,0
9365,2024-11-30,2024,11,November,Saturday,True,48,14,almuerzo,Servir,Debito,23000,0,3672,0
9366,2024-11-30,2024,11,November,Saturday,True,48,14,almuerzo,Servir,Debito,26600,0,4247,0
9367,2024-11-30,2024,11,November,Saturday,True,48,15,almuerzo,Llevar,Debito,2000,0,319,0
9368,2024-11-30,2024,11,November,Saturday,True,48,16,tarde,Llevar,Debito,6000,0,958,0
9369,2024-11-30,2024,11,November,Saturday,True,48,16,tarde,Servir,Debito,11900,0,1900,0
9370,2024-11-30,2024,11,November,Saturday,True,48,16,tarde,Llevar,Debito,11000,0,1756,0
9371,2024-11-30,2024,11,November,Saturday,True,48,16,tarde,Servir,Debito,6600,0,1054,0
9372,2024-11-30,2024,11,November,Saturday,True,48,16,tarde,Llevar,Debito,3500,0,559,0
9373,2024-11-30,2024,11,November,Saturday,True,48,16,tarde,Servir,Debito,32600,0,0,3260
9374,2024-11-30,2024,11,November,Saturday,True,48,16,tarde,Servir,Debito,6000,0,958,0
9375,2024-11-30,2024,11,November,Saturday,True,48,17,tarde,Llevar,Credito,17500,0,2794,0
9376,2024-11-30,2024,11,November,Saturday,True,48,17,tarde,Llevar,Debito,1100,0,176,0
9377,2024-11-30,2024,11,November,Saturday,True,48,17,tarde,Servir,Debito,11300,0,1804,1130
9378,2024-11-30,2024,11,November,Saturday,True,48,17,tarde,Llevar,Debito,8800,0,1405,0
9379,2024-11-30,2024,11,November,Saturday,True,48,17,tarde,Servir,Debito,4000,0,639,0
9380,2024-11-30,2024,11,November,Saturday,True,48,18,tarde,Llevar,Efectivo,2000,0,319,0
9381,2024-11-30,2024,11,November,Saturday,True,48,18,tarde,Llevar,Debito,5500,0,878,0
9382,2024-11-30,2024,11,November,Saturday,True,48,18,tarde,Servir,Debito,5200,0,830,0
9383,2024-11-30,2024,11,November,Saturday,True,48,18,tarde,Llevar,Debito,3500,0,559,0
9384,2024-11-30,2024,11,November,Saturday,True,48,18,tarde,Llevar,Debito,3500,0,559,0
9385,2024-11-30,2024,11,November,Saturday,True,48,18,tarde,Llevar,Debito,7000,0,1118,0
9386,2024-11-30,2024,11,November,Saturday,True,48,18,tarde,Llevar,Debito,2800,0,447,0
9387,2024-11-30,2024,11,November,Saturday,True,48,19,cierre,Llevar,Debito,3500,0,559,0
9388,2024-11-30,2024,11,November,Saturday,True,48,19,cierre,Llevar,Debito,7500,0,1197,0
9389,2024-11-30,2024,11,November,Saturday,True,48,19,cierre,Llevar,Debito,1300,0,208,0
9390,2024-12-01,2024,12,December,Sunday,True,48,12,manana,Llevar,Transferencia,42000,0,0,0
9391,2024-12-02,2024,12,December,Monday,False,49,12,manana,Llevar,Edenred,2200,0,0,0
9392,2024-12-02,2024,12,December,Monday,False,49,12,manana,Llevar,Edenred,2000,0,0,0
9393,2024-12-02,2024,12,December,Monday,False,49,12,manana,Llevar,Debito,5800,0,926,0
9394,2024-12-02,2024,12,December,Monday,False,49,13,almuerzo,Llevar,Debito,7500,0,1197,0
9395,2024-12-02,2024,12,December,Monday,False,49,13,almuerzo,Llevar,Efectivo,1500,0,239,0
9396,2024-12-02,2024,12,December,Monday,False,49,13,almuerzo,Servir,Debito,17500,0,2794,1750
9397,2024-12-02,2024,12,December,Monday,False,49,13,almuerzo,Servir,Edenred,20800,0,0,0
9398,2024-12-02,2024,12,December,Monday,False,49,13,almuerzo,Llevar,Credito,3800,0,607,0
9399,2024-12-02,2024,12,December,Monday,False,49,13,almuerzo,Llevar,Debito,9400,0,1501,0
9400,2024-12-02,2024,12,December,Monday,False,49,14,almuerzo,Llevar,Debito,1500,0,239,0
9401,2024-12-02,2024,12,December,Monday,False,49,14,almuerzo,Llevar,Credito,2000,0,319,0
9402,2024-12-02,2024,12,December,Monday,False,49,16,tarde,Llevar,Debito,2200,0,351,0
9403,2024-12-02,2024,12,December,Monday,False,49,16,tarde,Llevar,Debito,3500,0,559,0
9404,2024-12-02,2024,12,December,Monday,False,49,16,tarde,Llevar,Debito,3000,0,479,0
9405,2024-12-02,2024,12,December,Monday,False,49,16,tarde,Llevar,Debito,1000,0,160,0
9406,2024-12-02,2024,12,December,Monday,False,49,16,tarde,Llevar,Debito,5800,0,926,0
9407,2024-12-02,2024,12,December,Monday,False,49,16,tarde,Llevar,Debito,8300,0,1325,0
9408,2024-12-02,2024,12,December,Monday,False,49,16,tarde,Servir,Edenred,19600,0,0,0
9409,2024-12-02,2024,12,December,Monday,False,49,17,tarde,Llevar,Edenred,3500,0,0,0
9410,2024-12-02,2024,12,December,Monday,False,49,17,tarde,Llevar,Edenred,10500,0,0,0
9411,2024-12-02,2024,12,December,Monday,False,49,17,tarde,Llevar,Edenred,3800,0,0,0
9412,2024-12-02,2024,12,December,Monday,False,49,17,tarde,Servir,Debito,3000,0,479,0
9413,2024-12-02,2024,12,December,Monday,False,49,17,tarde,Servir,Debito,2000,0,319,0
9414,2024-12-02,2024,12,December,Monday,False,49,17,tarde,Servir,Debito,11800,0,1884,1180
9415,2024-12-02,2024,12,December,Monday,False,49,17,tarde,Llevar,Debito,5000,0,798,0
9416,2024-12-02,2024,12,December,Monday,False,49,17,tarde,Llevar,Edenred,4000,0,0,0
9417,2024-12-02,2024,12,December,Monday,False,49,17,tarde,Llevar,Edenred,2000,0,0,0
9418,2024-12-02,2024,12,December,Monday,False,49,17,tarde,Llevar,Edenred,3800,0,0,0
9419,2024-12-02,2024,12,December,Monday,False,49,17,tarde,Llevar,Debito,7500,0,1197,0
9420,2024-12-02,2024,12,December,Monday,False,49,17,tarde,Llevar,Debito,5800,0,926,0
9421,2024-12-02,2024,12,December,Monday,False,49,17,tarde,Llevar,Debito,10700,0,1708,0
9422,2024-12-02,2024,12,December,Monday,False,49,18,tarde,Llevar,Efectivo,3500,0,559,0
9423,2024-12-02,2024,12,December,Monday,False,49,18,tarde,Servir,Efectivo,5600,0,0,0
9424,2024-12-02,2024,12,December,Monday,False,49,18,tarde,Llevar,Edenred,11800,0,0,0
9425,2024-12-02,2024,12,December,Monday,False,49,18,tarde,Servir,Edenred,7800,0,0,0
9426,2024-12-02,2024,12,December,Monday,False,49,18,tarde,Llevar,Debito,2000,0,319,0
9427,2024-12-02,2024,12,December,Monday,False,49,19,cierre,Llevar,Efectivo,5500,0,878,0
9428,2024-12-02,2024,12,December,Monday,False,49,19,cierre,Llevar,Debito,7500,0,1197,0
9429,2024-12-02,2024,12,December,Monday,False,49,22,cierre,Llevar,Efectivo,61200,0,0,0
9430,2024-12-03,2024,12,December,Tuesday,False,49,12,manana,Llevar,Debito,1450,0,232,0
9431,2024-12-03,2024,12,December,Tuesday,False,49,12,manana,Llevar,Edenred,8200,0,0,0
9432,2024-12-03,2024,12,December,Tuesday,False,49,12,manana,Llevar,Debito,3800,0,607,0
9433,2024-12-03,2024,12,December,Tuesday,False,49,13,almuerzo,Servir,Debito,5000,0,798,0
9434,2024-12-03,2024,12,December,Tuesday,False,49,14,almuerzo,Llevar,Edenred,6800,0,1086,0
9435,2024-12-03,2024,12,December,Tuesday,False,49,14,almuerzo,Llevar,Edenred,6000,0,0,0
9436,2024-12-03,2024,12,December,Tuesday,False,49,15,almuerzo,Servir,Debito,5800,0,926,0
9437,2024-12-03,2024,12,December,Tuesday,False,49,16,tarde,Servir,Debito,20500,0,3273,0
9438,2024-12-03,2024,12,December,Tuesday,False,49,16,tarde,Llevar,Debito,2000,0,319,0
9439,2024-12-03,2024,12,December,Tuesday,False,49,16,tarde,Servir,Debito,11000,0,1756,0
9440,2024-12-03,2024,12,December,Tuesday,False,49,16,tarde,Llevar,Debito,13000,0,2076,0
9441,2024-12-03,2024,12,December,Tuesday,False,49,17,tarde,Llevar,Efectivo,3000,0,479,0
9442,2024-12-03,2024,12,December,Tuesday,False,49,17,tarde,Servir,Edenred,6800,0,0,0
9443,2024-12-03,2024,12,December,Tuesday,False,49,17,tarde,Llevar,Debito,7500,0,1197,0
9444,2024-12-03,2024,12,December,Tuesday,False,49,17,tarde,Llevar,Debito,11000,0,1756,0
9445,2024-12-03,2024,12,December,Tuesday,False,49,18,tarde,Servir,Debito,11000,0,1756,0
9446,2024-12-03,2024,12,December,Tuesday,False,49,18,tarde,Servir,Debito,9500,0,1517,0
9447,2024-12-03,2024,12,December,Tuesday,False,49,18,tarde,Llevar,Efectivo,2000,0,319,0
9448,2024-12-03,2024,12,December,Tuesday,False,49,18,tarde,Servir,Debito,2800,0,447,0
9449,2024-12-03,2024,12,December,Tuesday,False,49,18,tarde,Llevar,Credito,3500,0,0,0
9450,2024-12-03,2024,12,December,Tuesday,False,49,18,tarde,Servir,Edenred,10500,0,0,0
9451,2024-12-03,2024,12,December,Tuesday,False,49,18,tarde,Llevar,Debito,6800,0,1086,0
9452,2024-12-03,2024,12,December,Tuesday,False,49,18,tarde,Llevar,Transferencia,42000,0,0,0
9453,2024-12-03,2024,12,December,Tuesday,False,49,19,cierre,Llevar,Transferencia,16150,0,0,0
9454,2024-12-03,2024,12,December,Tuesday,False,49,19,cierre,Llevar,Efectivo,2000,0,319,0
9455,2024-12-03,2024,12,December,Tuesday,False,49,19,cierre,Servir,Debito,9400,0,1501,0
9456,2024-12-03,2024,12,December,Tuesday,False,49,19,cierre,Llevar,Debito,4900,0,782,0
9457,2024-12-03,2024,12,December,Tuesday,False,49,19,cierre,Llevar,Debito,3800,0,607,0
9458,2024-12-03,2024,12,December,Tuesday,False,49,20,cierre,Llevar,Debito,5800,0,926,0
9459,2024-12-03,2024,12,December,Tuesday,False,49,20,cierre,Llevar,Efectivo,3500,0,559,0
9460,2024-12-04,2024,12,December,Wednesday,False,49,11,manana,Llevar,Debito,13200,0,2108,0
9461,2024-12-04,2024,12,December,Wednesday,False,49,11,manana,Llevar,Debito,2000,0,319,0
9462,2024-12-04,2024,12,December,Wednesday,False,49,12,manana,Llevar,Debito,2000,0,0,0
9463,2024-12-04,2024,12,December,Wednesday,False,49,13,almuerzo,Llevar,Debito,3500,0,559,0
9464,2024-12-04,2024,12,December,Wednesday,False,49,13,almuerzo,Llevar,Sodexo,5000,0,0,0
9465,2024-12-04,2024,12,December,Wednesday,False,49,13,almuerzo,Llevar,Efectivo,2000,0,319,0
9466,2024-12-04,2024,12,December,Wednesday,False,49,13,almuerzo,Servir,Efectivo,12200,0,0,0
9467,2024-12-04,2024,12,December,Wednesday,False,49,13,almuerzo,Servir,Debito,9000,0,1437,0
9468,2024-12-04,2024,12,December,Wednesday,False,49,13,almuerzo,Llevar,Credito,8100,0,1293,0
9469,2024-12-04,2024,12,December,Wednesday,False,49,13,almuerzo,Llevar,Debito,2500,0,0,0
9470,2024-12-04,2024,12,December,Wednesday,False,49,13,almuerzo,Llevar,Debito,3800,0,607,0
9471,2024-12-04,2024,12,December,Wednesday,False,49,14,almuerzo,Llevar,Debito,7200,0,1150,0
9472,2024-12-04,2024,12,December,Wednesday,False,49,14,almuerzo,Servir,Edenred,12500,0,0,0
9473,2024-12-04,2024,12,December,Wednesday,False,49,14,almuerzo,Llevar,Debito,5300,0,846,0
9474,2024-12-04,2024,12,December,Wednesday,False,49,14,almuerzo,Servir,Edenred,10500,0,0,0
9475,2024-12-04,2024,12,December,Wednesday,False,49,14,almuerzo,Llevar,Debito,1500,0,239,0
9476,2024-12-04,2024,12,December,Wednesday,False,49,14,almuerzo,Llevar,Efectivo,2800,0,447,0
9477,2024-12-04,2024,12,December,Wednesday,False,49,16,tarde,Llevar,Debito,1500,0,239,0
9478,2024-12-04,2024,12,December,Wednesday,False,49,16,tarde,Servir,Edenred,8000,0,0,0
9479,2024-12-04,2024,12,December,Wednesday,False,49,16,tarde,Llevar,Edenred,10500,0,0,0
9480,2024-12-04,2024,12,December,Wednesday,False,49,17,tarde,Llevar,Credito,4500,0,718,0
9481,2024-12-04,2024,12,December,Wednesday,False,49,17,tarde,Llevar,Efectivo,5700,0,910,0
9482,2024-12-04,2024,12,December,Wednesday,False,49,17,tarde,Llevar,Debito,14800,0,2363,0
9483,2024-12-04,2024,12,December,Wednesday,False,49,17,tarde,Llevar,Debito,3800,0,607,0
9484,2024-12-04,2024,12,December,Wednesday,False,49,17,tarde,Llevar,Debito,7500,0,1197,0
9485,2024-12-04,2024,12,December,Wednesday,False,49,18,tarde,Llevar,Edenred,3800,0,0,0
9486,2024-12-04,2024,12,December,Wednesday,False,49,18,tarde,Llevar,Debito,3500,0,559,0
9487,2024-12-04,2024,12,December,Wednesday,False,49,18,tarde,Llevar,Debito,2000,0,319,0
9488,2024-12-04,2024,12,December,Wednesday,False,49,18,tarde,Llevar,Debito,6500,0,1038,0
9489,2024-12-04,2024,12,December,Wednesday,False,49,18,tarde,Llevar,Debito,2000,0,0,0
9490,2024-12-04,2024,12,December,Wednesday,False,49,19,cierre,Llevar,Credito,15600,0,2491,0
9491,2024-12-04,2024,12,December,Wednesday,False,49,19,cierre,Servir,Efectivo,6800,0,0,0
9492,2024-12-04,2024,12,December,Wednesday,False,49,19,cierre,Llevar,Debito,1500,0,239,0
9493,2024-12-04,2024,12,December,Wednesday,False,49,19,cierre,Llevar,Credito,2000,0,319,0
9494,2024-12-04,2024,12,December,Wednesday,False,49,19,cierre,Llevar,Edenred,10300,0,0,0
9495,2024-12-05,2024,12,December,Thursday,False,49,10,manana,Llevar,Debito,3800,0,607,0
9496,2024-12-05,2024,12,December,Thursday,False,49,10,manana,Servir,Debito,9500,0,1517,0
9497,2024-12-05,2024,12,December,Thursday,False,49,12,manana,Llevar,Debito,1000,0,160,0
9498,2024-12-05,2024,12,December,Thursday,False,49,12,manana,Llevar,Debito,1000,0,160,0
9499,2024-12-05,2024,12,December,Thursday,False,49,12,manana,Llevar,Efectivo,2000,0,319,0
9500,2024-12-05,2024,12,December,Thursday,False,49,12,manana,Servir,Edenred,9200,0,0,0
9501,2024-12-05,2024,12,December,Thursday,False,49,12,manana,Llevar,Debito,3800,0,607,0
9502,2024-12-05,2024,12,December,Thursday,False,49,13,almuerzo,Servir,Debito,10800,0,1724,1080
9503,2024-12-05,2024,12,December,Thursday,False,49,13,almuerzo,Llevar,Debito,5500,0,878,0
9504,2024-12-05,2024,12,December,Thursday,False,49,14,almuerzo,Servir,Debito,4500,0,718,450
9505,2024-12-05,2024,12,December,Thursday,False,49,14,almuerzo,Llevar,Credito,5500,0,878,0
9506,2024-12-05,2024,12,December,Thursday,False,49,14,almuerzo,Llevar,Debito,3500,0,559,0
9507,2024-12-05,2024,12,December,Thursday,False,49,16,tarde,Servir,Edenred,5200,0,0,0
9508,2024-12-05,2024,12,December,Thursday,False,49,16,tarde,Llevar,Credito,7500,0,1197,0
9509,2024-12-05,2024,12,December,Thursday,False,49,16,tarde,Llevar,Efectivo,3800,0,607,0
9510,2024-12-05,2024,12,December,Thursday,False,49,16,tarde,Llevar,Debito,7000,0,1118,0
9511,2024-12-05,2024,12,December,Thursday,False,49,17,tarde,Llevar,Debito,1000,0,160,0
9512,2024-12-05,2024,12,December,Thursday,False,49,17,tarde,Llevar,Credito,5600,0,894,0
9513,2024-12-05,2024,12,December,Thursday,False,49,17,tarde,Servir,Debito,18800,0,3002,1880
9514,2024-12-05,2024,12,December,Thursday,False,49,17,tarde,Llevar,Debito,10200,0,1629,0
9515,2024-12-05,2024,12,December,Thursday,False,49,18,tarde,Llevar,Debito,3700,0,591,0
9516,2024-12-05,2024,12,December,Thursday,False,49,18,tarde,Servir,Debito,4200,0,671,0
9517,2024-12-05,2024,12,December,Thursday,False,49,18,tarde,Servir,Debito,10500,0,1676,1050
9518,2024-12-05,2024,12,December,Thursday,False,49,18,tarde,Llevar,Debito,3000,0,479,0
9519,2024-12-05,2024,12,December,Thursday,False,49,18,tarde,Llevar,Debito,3100,0,495,0
9520,2024-12-05,2024,12,December,Thursday,False,49,18,tarde,Servir,Edenred,6700,0,0,0
9521,2024-12-05,2024,12,December,Thursday,False,49,19,cierre,Llevar,Debito,3000,0,479,0
9522,2024-12-05,2024,12,December,Thursday,False,49,19,cierre,Llevar,Efectivo,3100,0,495,0
9523,2024-12-05,2024,12,December,Thursday,False,49,19,cierre,Llevar,Debito,6500,0,1038,0
9524,2024-12-05,2024,12,December,Thursday,False,49,20,cierre,Llevar,Debito,10300,0,1645,0
9525,2024-12-06,2024,12,December,Friday,False,49,11,manana,Llevar,Debito,11300,0,1804,0
9526,2024-12-06,2024,12,December,Friday,False,49,12,manana,Llevar,Debito,3800,0,607,0
9527,2024-12-06,2024,12,December,Friday,False,49,12,manana,Servir,Debito,3300,0,527,0
9528,2024-12-06,2024,12,December,Friday,False,49,12,manana,Llevar,Debito,1000,0,160,0
9529,2024-12-06,2024,12,December,Friday,False,49,12,manana,Llevar,Debito,4200,0,671,0
9530,2024-12-06,2024,12,December,Friday,False,49,12,manana,Llevar,Debito,16100,0,2571,0
9531,2024-12-06,2024,12,December,Friday,False,49,12,manana,Servir,Debito,13300,0,2124,0
9532,2024-12-06,2024,12,December,Friday,False,49,12,manana,Llevar,Debito,5000,0,798,0
9533,2024-12-06,2024,12,December,Friday,False,49,12,manana,Servir,Credito,11500,0,1836,0
9534,2024-12-06,2024,12,December,Friday,False,49,13,almuerzo,Llevar,Debito,4200,0,671,0
9535,2024-12-06,2024,12,December,Friday,False,49,14,almuerzo,Llevar,Efectivo,5000,0,0,0
9536,2024-12-06,2024,12,December,Friday,False,49,14,almuerzo,Llevar,Edenred,5000,0,0,0
9537,2024-12-06,2024,12,December,Friday,False,49,16,tarde,Llevar,Debito,6000,0,958,0
9538,2024-12-06,2024,12,December,Friday,False,49,16,tarde,Llevar,Debito,8500,0,1357,0
9539,2024-12-06,2024,12,December,Friday,False,49,16,tarde,Servir,Edenred,7000,0,0,0
9540,2024-12-06,2024,12,December,Friday,False,49,16,tarde,Servir,Edenred,7800,0,0,0
9541,2024-12-06,2024,12,December,Friday,False,49,16,tarde,Llevar,Edenred,6000,0,958,0
9542,2024-12-06,2024,12,December,Friday,False,49,16,tarde,Servir,Edenred,10800,0,1724,0
9543,2024-12-06,2024,12,December,Friday,False,49,16,tarde,Servir,Edenred,11500,0,0,0
9544,2024-12-06,2024,12,December,Friday,False,49,16,tarde,Llevar,Transferencia,42000,0,0,0
9545,2024-12-06,2024,12,December,Friday,False,49,17,tarde,Llevar,Edenred,11800,0,0,0
9546,2024-12-06,2024,12,December,Friday,False,49,17,tarde,Llevar,Debito,3100,0,495,0
9547,2024-12-06,2024,12,December,Friday,False,49,17,tarde,Llevar,Debito,3800,0,607,0
9548,2024-12-06,2024,12,December,Friday,False,49,17,tarde,Llevar,Efectivo,2800,0,447,0
9549,2024-12-06,2024,12,December,Friday,False,49,17,tarde,Llevar,Efectivo,1500,0,0,0
9550,2024-12-06,2024,12,December,Friday,False,49,18,tarde,Llevar,Efectivo,2000,0,319,0
9551,2024-12-06,2024,12,December,Friday,False,49,18,tarde,Llevar,Debito,7500,0,1197,0
9552,2024-12-06,2024,12,December,Friday,False,49,18,tarde,Llevar,Debito,5800,0,926,0
9553,2024-12-06,2024,12,December,Friday,False,49,18,tarde,Llevar,Debito,3100,0,495,0
9554,2024-12-06,2024,12,December,Friday,False,49,18,tarde,Llevar,Debito,9300,0,1485,0
9555,2024-12-06,2024,12,December,Friday,False,49,19,cierre,Llevar,Efectivo,3800,0,0,0
9556,2024-12-06,2024,12,December,Friday,False,49,19,cierre,Llevar,Debito,12600,0,2012,0
9557,2024-12-06,2024,12,December,Friday,False,49,19,cierre,Llevar,Debito,3800,0,607,0
9558,2024-12-06,2024,12,December,Friday,False,49,19,cierre,Servir,Debito,11700,0,1868,0
9559,2024-12-06,2024,12,December,Friday,False,49,19,cierre,Servir,Debito,15500,0,2475,0
9560,2024-12-06,2024,12,December,Friday,False,49,19,cierre,Llevar,Debito,4000,0,639,0
9561,2024-12-06,2024,12,December,Friday,False,49,19,cierre,Servir,Efectivo,15000,0,0,0
9562,2024-12-07,2024,12,December,Saturday,True,49,11,manana,Llevar,Debito,5800,0,926,0
9563,2024-12-07,2024,12,December,Saturday,True,49,12,manana,Servir,Debito,3800,0,607,0
9564,2024-12-07,2024,12,December,Saturday,True,49,12,manana,Servir,Efectivo,7700,0,0,0
9565,2024-12-07,2024,12,December,Saturday,True,49,12,manana,Servir,Debito,6800,0,1086,0
9566,2024-12-07,2024,12,December,Saturday,True,49,12,manana,Servir,Debito,11800,0,1884,0
9567,2024-12-07,2024,12,December,Saturday,True,49,12,manana,Servir,Debito,12000,0,1916,0
9568,2024-12-07,2024,12,December,Saturday,True,49,12,manana,Llevar,Edenred,2000,0,0,0
9569,2024-12-07,2024,12,December,Saturday,True,49,13,almuerzo,Llevar,Debito,2000,0,319,0
9570,2024-12-07,2024,12,December,Saturday,True,49,13,almuerzo,Llevar,Debito,32900,0,5253,0
9571,2024-12-07,2024,12,December,Saturday,True,49,13,almuerzo,Servir,Efectivo,6300,0,1006,630
9572,2024-12-07,2024,12,December,Saturday,True,49,13,almuerzo,Servir,Debito,3800,0,607,0
9573,2024-12-07,2024,12,December,Saturday,True,49,14,almuerzo,Llevar,Debito,4550,0,726,0
9574,2024-12-07,2024,12,December,Saturday,True,49,14,almuerzo,Servir,Credito,5000,0,798,500
9575,2024-12-07,2024,12,December,Saturday,True,49,14,almuerzo,Llevar,Efectivo,2000,0,319,0
9576,2024-12-07,2024,12,December,Saturday,True,49,14,almuerzo,Llevar,Debito,12200,0,1948,0
9577,2024-12-07,2024,12,December,Saturday,True,49,16,tarde,Llevar,Debito,20000,0,3193,0
9578,2024-12-07,2024,12,December,Saturday,True,49,16,tarde,Llevar,Debito,7000,0,1118,0
9579,2024-12-07,2024,12,December,Saturday,True,49,16,tarde,Servir,Edenred,17500,0,0,0
9580,2024-12-07,2024,12,December,Saturday,True,49,16,tarde,Servir,Debito,4000,0,639,400
9581,2024-12-07,2024,12,December,Saturday,True,49,16,tarde,Servir,Debito,11400,0,1820,1140
9582,2024-12-07,2024,12,December,Saturday,True,49,16,tarde,Servir,Debito,33500,0,5349,0
9583,2024-12-07,2024,12,December,Saturday,True,49,17,tarde,Llevar,Debito,4000,0,639,0
9584,2024-12-07,2024,12,December,Saturday,True,49,17,tarde,Llevar,Debito,6620,0,1057,0
9585,2024-12-07,2024,12,December,Saturday,True,49,17,tarde,Llevar,Debito,2000,0,319,0
9586,2024-12-07,2024,12,December,Saturday,True,49,17,tarde,Servir,Debito,1300,0,208,0
9587,2024-12-07,2024,12,December,Saturday,True,49,18,tarde,Llevar,Debito,4400,0,703,0
9588,2024-12-07,2024,12,December,Saturday,True,49,18,tarde,Servir,Debito,6000,0,958,600
9589,2024-12-07,2024,12,December,Saturday,True,49,18,tarde,Llevar,Debito,8400,0,1341,0
9590,2024-12-07,2024,12,December,Saturday,True,49,18,tarde,Llevar,Debito,1500,0,239,0
9591,2024-12-07,2024,12,December,Saturday,True,49,19,cierre,Llevar,Efectivo,4800,0,766,0
9592,2024-12-07,2024,12,December,Saturday,True,49,19,cierre,Llevar,Debito,13300,0,2124,0
9593,2024-12-09,2024,12,December,Monday,False,50,10,manana,Llevar,Efectivo,4000,0,639,0
9594,2024-12-09,2024,12,December,Monday,False,50,11,manana,Llevar,Efectivo,2000,0,0,0
9595,2024-12-09,2024,12,December,Monday,False,50,11,manana,Llevar,Debito,2000,0,0,0
9596,2024-12-09,2024,12,December,Monday,False,50,11,manana,Servir,Debito,12100,0,1932,0
9597,2024-12-09,2024,12,December,Monday,False,50,11,manana,Llevar,Debito,7500,0,1197,0
9598,2024-12-09,2024,12,December,Monday,False,50,11,manana,Servir,Debito,19400,0,3097,0
9599,2024-12-09,2024,12,December,Monday,False,50,11,manana,Servir,Credito,9800,0,1565,0
9600,2024-12-09,2024,12,December,Monday,False,50,12,manana,Llevar,Debito,1500,0,239,0
9601,2024-12-09,2024,12,December,Monday,False,50,12,manana,Llevar,Efectivo,3800,0,0,0
9602,2024-12-09,2024,12,December,Monday,False,50,13,almuerzo,Llevar,Efectivo,25600,0,0,0
9603,2024-12-09,2024,12,December,Monday,False,50,13,almuerzo,Servir,Debito,28600,0,0,400
9604,2024-12-09,2024,12,December,Monday,False,50,14,almuerzo,Llevar,Efectivo,3000,0,479,0
9605,2024-12-09,2024,12,December,Monday,False,50,14,almuerzo,Llevar,Debito,3100,0,495,0
9606,2024-12-09,2024,12,December,Monday,False,50,15,almuerzo,Llevar,Efectivo,22100,0,0,0
9607,2024-12-09,2024,12,December,Monday,False,50,16,tarde,Llevar,Credito,2000,0,319,0
9608,2024-12-09,2024,12,December,Monday,False,50,16,tarde,Llevar,Efectivo,3100,0,495,0
9609,2024-12-09,2024,12,December,Monday,False,50,16,tarde,Llevar,Debito,5500,0,878,0
9610,2024-12-09,2024,12,December,Monday,False,50,16,tarde,Servir,Debito,11600,0,1852,1160
9611,2024-12-09,2024,12,December,Monday,False,50,17,tarde,Llevar,Credito,4000,0,639,0
9612,2024-12-09,2024,12,December,Monday,False,50,17,tarde,Servir,Debito,6800,0,1086,0
9613,2024-12-09,2024,12,December,Monday,False,50,17,tarde,Llevar,Credito,3800,0,607,0
9614,2024-12-09,2024,12,December,Monday,False,50,17,tarde,Servir,Edenred,5100,0,0,0
9615,2024-12-09,2024,12,December,Monday,False,50,17,tarde,Llevar,Debito,11200,0,1788,0
9616,2024-12-09,2024,12,December,Monday,False,50,17,tarde,Llevar,Debito,1500,0,239,0
9617,2024-12-09,2024,12,December,Monday,False,50,17,tarde,Servir,Debito,19100,0,3050,1910
9618,2024-12-09,2024,12,December,Monday,False,50,17,tarde,Servir,Debito,4600,0,734,0
9619,2024-12-09,2024,12,December,Monday,False,50,17,tarde,Servir,Debito,8000,0,1277,0
9620,2024-12-09,2024,12,December,Monday,False,50,18,tarde,Llevar,Debito,8300,0,1325,0
9621,2024-12-09,2024,12,December,Monday,False,50,18,tarde,Servir,Debito,16500,0,2634,1650
9622,2024-12-09,2024,12,December,Monday,False,50,18,tarde,Llevar,Debito,3800,0,607,0
9623,2024-12-09,2024,12,December,Monday,False,50,18,tarde,Llevar,Debito,3100,0,495,0
9624,2024-12-09,2024,12,December,Monday,False,50,19,cierre,Llevar,Efectivo,3100,0,495,0
9625,2024-12-09,2024,12,December,Monday,False,50,19,cierre,Llevar,Efectivo,7500,0,1197,0
9626,2024-12-09,2024,12,December,Monday,False,50,19,cierre,Llevar,Efectivo,3800,0,607,0
9627,2024-12-09,2024,12,December,Monday,False,50,19,cierre,Llevar,Credito,3800,0,607,0
9628,2024-12-09,2024,12,December,Monday,False,50,19,cierre,Llevar,Efectivo,2000,0,319,0
9629,2024-12-09,2024,12,December,Monday,False,50,19,cierre,Llevar,Debito,10600,0,1692,0
9630,2024-12-10,2024,12,December,Tuesday,False,50,10,manana,Llevar,Debito,8300,0,1325,0
9631,2024-12-10,2024,12,December,Tuesday,False,50,11,manana,Llevar,Debito,3500,0,559,0
9632,2024-12-10,2024,12,December,Tuesday,False,50,11,manana,Llevar,Debito,11800,0,0,0
9633,2024-12-10,2024,12,December,Tuesday,False,50,11,manana,Servir,Debito,4500,0,718,0
9634,2024-12-10,2024,12,December,Tuesday,False,50,12,manana,Llevar,Debito,9400,0,1501,0
9635,2024-12-10,2024,12,December,Tuesday,False,50,12,manana,Servir,Efectivo,23700,0,3784,0
9637,2024-12-10,2024,12,December,Tuesday,False,50,12,manana,Llevar,Transferencia,42000,0,0,0
9638,2024-12-10,2024,12,December,Tuesday,False,50,13,almuerzo,Servir,Edenred,10000,0,0,0
9639,2024-12-10,2024,12,December,Tuesday,False,50,14,almuerzo,Llevar,Debito,4500,0,718,0
9640,2024-12-10,2024,12,December,Tuesday,False,50,15,almuerzo,Llevar,Debito,2000,0,319,0
9641,2024-12-10,2024,12,December,Tuesday,False,50,16,tarde,Servir,Debito,18200,0,2906,0
9642,2024-12-10,2024,12,December,Tuesday,False,50,17,tarde,Servir,Debito,7800,0,1245,0
9643,2024-12-10,2024,12,December,Tuesday,False,50,17,tarde,Servir,Debito,12800,0,2044,0
9644,2024-12-10,2024,12,December,Tuesday,False,50,17,tarde,Llevar,Efectivo,3800,0,607,0
9645,2024-12-10,2024,12,December,Tuesday,False,50,17,tarde,Llevar,Efectivo,11500,0,1836,0
9646,2024-12-10,2024,12,December,Tuesday,False,50,17,tarde,Llevar,Debito,7000,0,1118,0
9647,2024-12-10,2024,12,December,Tuesday,False,50,17,tarde,Llevar,Debito,17600,0,2810,0
9648,2024-12-10,2024,12,December,Tuesday,False,50,18,tarde,Llevar,Edenred,7800,0,0,0
9649,2024-12-10,2024,12,December,Tuesday,False,50,18,tarde,Llevar,Debito,3500,0,559,0
9650,2024-12-10,2024,12,December,Tuesday,False,50,18,tarde,Llevar,Debito,10000,0,1597,0
9651,2024-12-10,2024,12,December,Tuesday,False,50,18,tarde,Llevar,Debito,8000,0,1277,0
9652,2024-12-10,2024,12,December,Tuesday,False,50,18,tarde,Servir,Debito,10000,0,1597,0
9653,2024-12-10,2024,12,December,Tuesday,False,50,19,cierre,Llevar,Debito,13500,0,2155,0
9654,2024-12-11,2024,12,December,Wednesday,False,50,13,almuerzo,Servir,Edenred,8200,0,0,0
9655,2024-12-11,2024,12,December,Wednesday,False,50,13,almuerzo,Llevar,Debito,17000,0,2714,0
9656,2024-12-11,2024,12,December,Wednesday,False,50,13,almuerzo,Llevar,Credito,4000,0,639,0
9657,2024-12-11,2024,12,December,Wednesday,False,50,13,almuerzo,Llevar,Efectivo,7800,0,1245,0
9658,2024-12-11,2024,12,December,Wednesday,False,50,14,almuerzo,Llevar,Edenred,10800,0,0,0
9659,2024-12-11,2024,12,December,Wednesday,False,50,14,almuerzo,Llevar,Debito,7500,0,1197,0
9660,2024-12-11,2024,12,December,Wednesday,False,50,16,tarde,Llevar,Debito,4800,0,766,0
9661,2024-12-11,2024,12,December,Wednesday,False,50,16,tarde,Llevar,Edenred,15300,0,0,0
9662,2024-12-11,2024,12,December,Wednesday,False,50,16,tarde,Llevar,Efectivo,6100,0,0,0
9663,2024-12-11,2024,12,December,Wednesday,False,50,17,tarde,Llevar,Debito,5300,0,846,0
9664,2024-12-11,2024,12,December,Wednesday,False,50,17,tarde,Llevar,Debito,2000,0,319,0
9665,2024-12-11,2024,12,December,Wednesday,False,50,18,tarde,Llevar,Debito,5500,0,878,0
9666,2024-12-11,2024,12,December,Wednesday,False,50,18,tarde,Llevar,Debito,4800,0,766,0
9667,2024-12-11,2024,12,December,Wednesday,False,50,18,tarde,Llevar,Debito,5700,0,910,0
9668,2024-12-11,2024,12,December,Wednesday,False,50,18,tarde,Servir,Efectivo,10000,0,1597,0
9669,2024-12-11,2024,12,December,Wednesday,False,50,19,cierre,Servir,Debito,6700,0,1070,0
9670,2024-12-11,2024,12,December,Wednesday,False,50,19,cierre,Servir,Debito,22500,0,3592,0
9671,2024-12-11,2024,12,December,Wednesday,False,50,19,cierre,Servir,Debito,12500,0,1996,0
9672,2024-12-12,2024,12,December,Thursday,False,50,12,manana,Llevar,Debito,15400,0,2459,0
9673,2024-12-12,2024,12,December,Thursday,False,50,12,manana,Llevar,Efectivo,2000,0,319,0
9674,2024-12-12,2024,12,December,Thursday,False,50,13,almuerzo,Llevar,Debito,7500,0,1197,0
9675,2024-12-12,2024,12,December,Thursday,False,50,13,almuerzo,Llevar,Efectivo,7500,0,1197,0
9676,2024-12-12,2024,12,December,Thursday,False,50,14,almuerzo,Llevar,Debito,8000,0,1277,0
9677,2024-12-12,2024,12,December,Thursday,False,50,14,almuerzo,Llevar,Debito,5800,0,926,0
9678,2024-12-12,2024,12,December,Thursday,False,50,14,almuerzo,Servir,Debito,16300,0,0,0
9679,2024-12-12,2024,12,December,Thursday,False,50,15,almuerzo,Llevar,Debito,4000,0,639,0
9680,2024-12-12,2024,12,December,Thursday,False,50,16,tarde,Llevar,Debito,5000,0,798,0
9681,2024-12-12,2024,12,December,Thursday,False,50,16,tarde,Llevar,Debito,5000,0,798,0
9682,2024-12-12,2024,12,December,Thursday,False,50,17,tarde,Llevar,Debito,7300,0,1166,0
9683,2024-12-12,2024,12,December,Thursday,False,50,17,tarde,Llevar,Efectivo,3100,0,495,0
9684,2024-12-12,2024,12,December,Thursday,False,50,17,tarde,Llevar,Debito,12500,0,1996,0
9685,2024-12-12,2024,12,December,Thursday,False,50,17,tarde,Llevar,Debito,2800,0,447,0
9686,2024-12-12,2024,12,December,Thursday,False,50,18,tarde,Servir,Debito,14000,0,0,0
9687,2024-12-12,2024,12,December,Thursday,False,50,18,tarde,Llevar,Debito,3800,0,607,0
9688,2024-12-12,2024,12,December,Thursday,False,50,18,tarde,Servir,Debito,7400,0,1182,0
9689,2024-12-12,2024,12,December,Thursday,False,50,18,tarde,Llevar,Debito,3500,0,559,0
9690,2024-12-12,2024,12,December,Thursday,False,50,19,cierre,Llevar,Debito,4400,0,703,0
9691,2024-12-12,2024,12,December,Thursday,False,50,19,cierre,Servir,Debito,3100,0,495,0
9692,2024-12-12,2024,12,December,Thursday,False,50,19,cierre,Servir,Debito,18100,0,2890,0
9693,2024-12-13,2024,12,December,Friday,False,50,10,manana,Servir,Debito,20200,0,3225,0
9694,2024-12-13,2024,12,December,Friday,False,50,11,manana,Servir,Efectivo,9200,0,1469,0
9695,2024-12-13,2024,12,December,Friday,False,50,11,manana,Servir,Debito,34300,0,5476,0
9696,2024-12-13,2024,12,December,Friday,False,50,11,manana,Llevar,Debito,4000,0,639,0
9697,2024-12-13,2024,12,December,Friday,False,50,11,manana,Llevar,Sodexo,8400,0,0,0
9698,2024-12-13,2024,12,December,Friday,False,50,11,manana,Servir,Debito,14500,0,2315,1450
9699,2024-12-13,2024,12,December,Friday,False,50,12,manana,Servir,Debito,8000,0,1277,800
9700,2024-12-13,2024,12,December,Friday,False,50,12,manana,Llevar,Debito,7500,0,1197,0
9701,2024-12-13,2024,12,December,Friday,False,50,13,almuerzo,Servir,Credito,6000,0,958,0
9702,2024-12-13,2024,12,December,Friday,False,50,13,almuerzo,Llevar,Debito,5000,0,798,0
9703,2024-12-13,2024,12,December,Friday,False,50,13,almuerzo,Servir,Debito,15000,0,2395,0
9704,2024-12-13,2024,12,December,Friday,False,50,13,almuerzo,Llevar,Credito,7500,0,1197,0
9705,2024-12-13,2024,12,December,Friday,False,50,13,almuerzo,Llevar,Credito,10200,0,1629,0
9706,2024-12-13,2024,12,December,Friday,False,50,13,almuerzo,Llevar,Debito,3800,0,607,0
9707,2024-12-13,2024,12,December,Friday,False,50,14,almuerzo,Llevar,Debito,2000,0,319,0
9708,2024-12-13,2024,12,December,Friday,False,50,14,almuerzo,Servir,Edenred,12700,0,0,0
9709,2024-12-13,2024,12,December,Friday,False,50,14,almuerzo,Llevar,Edenred,2000,0,0,0
9710,2024-12-13,2024,12,December,Friday,False,50,14,almuerzo,Servir,Efectivo,15800,0,2523,1580
9711,2024-12-13,2024,12,December,Friday,False,50,14,almuerzo,Llevar,Efectivo,2000,0,319,0
9712,2024-12-13,2024,12,December,Friday,False,50,16,tarde,Servir,Debito,5900,0,942,0
9713,2024-12-13,2024,12,December,Friday,False,50,16,tarde,Llevar,Debito,7500,0,1197,0
9714,2024-12-13,2024,12,December,Friday,False,50,17,tarde,Llevar,Debito,3800,0,607,0
9715,2024-12-13,2024,12,December,Friday,False,50,17,tarde,Llevar,Debito,8800,0,1405,0
9716,2024-12-13,2024,12,December,Friday,False,50,17,tarde,Llevar,Debito,3500,0,559,0
9717,2024-12-13,2024,12,December,Friday,False,50,17,tarde,Llevar,Debito,14500,0,2315,0
9718,2024-12-13,2024,12,December,Friday,False,50,17,tarde,Llevar,Credito,2000,0,319,0
9719,2024-12-13,2024,12,December,Friday,False,50,17,tarde,Llevar,Transferencia,17000,0,0,0
9720,2024-12-13,2024,12,December,Friday,False,50,17,tarde,Llevar,Transferencia,42000,0,0,0
9721,2024-12-13,2024,12,December,Friday,False,50,18,tarde,Llevar,Debito,3800,0,607,0
9722,2024-12-13,2024,12,December,Friday,False,50,18,tarde,Llevar,Debito,7800,0,1245,0
9723,2024-12-13,2024,12,December,Friday,False,50,18,tarde,Llevar,Debito,3100,0,495,0
9724,2024-12-13,2024,12,December,Friday,False,50,18,tarde,Llevar,Debito,8800,0,1405,0
9725,2024-12-13,2024,12,December,Friday,False,50,18,tarde,Llevar,Debito,3800,0,607,0
9726,2024-12-13,2024,12,December,Friday,False,50,18,tarde,Llevar,Debito,8000,0,1277,0
9727,2024-12-13,2024,12,December,Friday,False,50,18,tarde,Servir,Debito,18200,0,2906,1820
9728,2024-12-13,2024,12,December,Friday,False,50,18,tarde,Servir,Credito,15900,0,2539,1590
9729,2024-12-13,2024,12,December,Friday,False,50,19,cierre,Llevar,Debito,4000,0,639,0
9730,2024-12-13,2024,12,December,Friday,False,50,19,cierre,Servir,Debito,12000,0,1916,0
9731,2024-12-13,2024,12,December,Friday,False,50,19,cierre,Llevar,Debito,10100,0,1613,0
9732,2024-12-13,2024,12,December,Friday,False,50,19,cierre,Servir,Debito,15200,0,2427,1520
9733,2024-12-13,2024,12,December,Friday,False,50,19,cierre,Llevar,Edenred,3800,0,0,0
9734,2024-12-13,2024,12,December,Friday,False,50,19,cierre,Servir,Efectivo,11800,0,1916,0
9735,2024-12-13,2024,12,December,Friday,False,50,20,cierre,Llevar,Debito,1500,0,239,0
9736,2024-12-14,2024,12,December,Saturday,True,50,11,manana,Llevar,Debito,2000,0,319,0
9737,2024-12-14,2024,12,December,Saturday,True,50,11,manana,Llevar,Debito,7500,0,1197,0
9738,2024-12-14,2024,12,December,Saturday,True,50,11,manana,Llevar,Debito,5000,0,798,0
9739,2024-12-14,2024,12,December,Saturday,True,50,12,manana,Llevar,Debito,1600,0,255,0
9740,2024-12-14,2024,12,December,Saturday,True,50,12,manana,Servir,Debito,11500,0,1836,0
9741,2024-12-14,2024,12,December,Saturday,True,50,12,manana,Llevar,Efectivo,6300,0,1006,0
9742,2024-12-14,2024,12,December,Saturday,True,50,13,almuerzo,Llevar,Debito,5000,0,798,0
9743,2024-12-14,2024,12,December,Saturday,True,50,13,almuerzo,Servir,Debito,9100,0,1453,910
9744,2024-12-14,2024,12,December,Saturday,True,50,14,almuerzo,Servir,Debito,4300,0,0,0
9745,2024-12-14,2024,12,December,Saturday,True,50,14,almuerzo,Llevar,Debito,16000,0,2555,0
9746,2024-12-14,2024,12,December,Saturday,True,50,16,tarde,Servir,Efectivo,1100,0,176,0
9747,2024-12-14,2024,12,December,Saturday,True,50,16,tarde,Servir,Efectivo,2800,0,447,0
9748,2024-12-14,2024,12,December,Saturday,True,50,16,tarde,Servir,Debito,10600,0,1692,1060
9749,2024-12-14,2024,12,December,Saturday,True,50,16,tarde,Servir,Efectivo,4000,0,639,0
9750,2024-12-14,2024,12,December,Saturday,True,50,16,tarde,Llevar,Debito,1500,0,239,0
9751,2024-12-14,2024,12,December,Saturday,True,50,17,tarde,Servir,Debito,12800,0,2044,1280
9752,2024-12-14,2024,12,December,Saturday,True,50,17,tarde,Llevar,Debito,3800,0,607,0
9753,2024-12-14,2024,12,December,Saturday,True,50,18,tarde,Servir,Efectivo,6000,0,958,0
9754,2024-12-14,2024,12,December,Saturday,True,50,18,tarde,Llevar,Debito,3500,0,559,0
9755,2024-12-14,2024,12,December,Saturday,True,50,18,tarde,Llevar,Debito,3500,0,559,0
9756,2024-12-14,2024,12,December,Saturday,True,50,18,tarde,Servir,Credito,3500,0,559,0
9757,2024-12-14,2024,12,December,Saturday,True,50,18,tarde,Servir,Edenred,7500,0,0,0
9758,2024-12-14,2024,12,December,Saturday,True,50,18,tarde,Servir,Debito,8499,0,1357,0
9759,2024-12-14,2024,12,December,Saturday,True,50,18,tarde,Llevar,Debito,4000,0,639,0
9760,2024-12-14,2024,12,December,Saturday,True,50,19,cierre,Llevar,Debito,10500,0,1676,0
9761,2024-12-14,2024,12,December,Saturday,True,50,23,cierre,Llevar,Transferencia,14000,0,0,0
9762,2024-12-16,2024,12,December,Monday,False,51,12,manana,Llevar,Debito,7800,0,1245,0
9763,2024-12-16,2024,12,December,Monday,False,51,12,manana,Llevar,Debito,2000,0,319,0
9764,2024-12-16,2024,12,December,Monday,False,51,13,almuerzo,Llevar,Debito,2000,0,319,0
9765,2024-12-16,2024,12,December,Monday,False,51,13,almuerzo,Llevar,Efectivo,3800,0,607,0
9766,2024-12-16,2024,12,December,Monday,False,51,13,almuerzo,Llevar,Efectivo,3000,0,479,0
9767,2024-12-16,2024,12,December,Monday,False,51,13,almuerzo,Llevar,Debito,7000,0,0,0
9768,2024-12-16,2024,12,December,Monday,False,51,14,almuerzo,Llevar,Debito,3800,0,607,0
9769,2024-12-16,2024,12,December,Monday,False,51,15,almuerzo,Llevar,Transferencia,42000,0,0,0
9770,2024-12-16,2024,12,December,Monday,False,51,15,almuerzo,Llevar,Transferencia,25600,0,0,0
9771,2024-12-16,2024,12,December,Monday,False,51,15,almuerzo,Llevar,Transferencia,22400,0,0,0
9772,2024-12-16,2024,12,December,Monday,False,51,16,tarde,Servir,Debito,3000,0,479,0
9773,2024-12-16,2024,12,December,Monday,False,51,16,tarde,Llevar,Debito,2000,0,319,0
9774,2024-12-16,2024,12,December,Monday,False,51,16,tarde,Llevar,Efectivo,8800,0,1405,0
9775,2024-12-16,2024,12,December,Monday,False,51,16,tarde,Llevar,Credito,8200,0,1309,0
9776,2024-12-16,2024,12,December,Monday,False,51,16,tarde,Llevar,Debito,3800,0,607,0
9777,2024-12-16,2024,12,December,Monday,False,51,17,tarde,Servir,Efectivo,16600,0,2650,1660
9778,2024-12-16,2024,12,December,Monday,False,51,17,tarde,Servir,Debito,15800,0,2523,1580
9779,2024-12-16,2024,12,December,Monday,False,51,17,tarde,Servir,Efectivo,8600,0,1373,860
9780,2024-12-16,2024,12,December,Monday,False,51,17,tarde,Llevar,Debito,7800,0,1245,0
9781,2024-12-16,2024,12,December,Monday,False,51,18,tarde,Llevar,Credito,2000,0,319,0
9782,2024-12-16,2024,12,December,Monday,False,51,18,tarde,Llevar,Debito,3300,0,527,0
9783,2024-12-16,2024,12,December,Monday,False,51,18,tarde,Llevar,Debito,2000,0,319,0
9784,2024-12-16,2024,12,December,Monday,False,51,19,cierre,Llevar,Credito,14100,0,2251,0
9785,2024-12-16,2024,12,December,Monday,False,51,19,cierre,Servir,Debito,6000,0,958,0
9786,2024-12-16,2024,12,December,Monday,False,51,19,cierre,Llevar,Credito,3800,0,607,0
9787,2024-12-16,2024,12,December,Monday,False,51,19,cierre,Llevar,Edenred,5500,0,0,0
9788,2024-12-16,2024,12,December,Monday,False,51,19,cierre,Llevar,Debito,2000,0,319,0
9789,2024-12-17,2024,12,December,Tuesday,False,51,11,manana,Llevar,Debito,1000,0,160,0
9790,2024-12-17,2024,12,December,Tuesday,False,51,12,manana,Llevar,Edenred,1600,0,0,0
9791,2024-12-17,2024,12,December,Tuesday,False,51,12,manana,Llevar,Efectivo,3800,0,607,0
9792,2024-12-17,2024,12,December,Tuesday,False,51,12,manana,Llevar,Debito,3000,0,479,0
9793,2024-12-17,2024,12,December,Tuesday,False,51,12,manana,Llevar,Debito,3800,0,607,0
9794,2024-12-17,2024,12,December,Tuesday,False,51,13,almuerzo,Llevar,Debito,3000,0,479,0
9795,2024-12-17,2024,12,December,Tuesday,False,51,13,almuerzo,Llevar,Debito,1100,0,176,0
9796,2024-12-17,2024,12,December,Tuesday,False,51,13,almuerzo,Llevar,Efectivo,1000,0,160,0
9797,2024-12-17,2024,12,December,Tuesday,False,51,13,almuerzo,Llevar,Debito,1000,0,160,0
9798,2024-12-17,2024,12,December,Tuesday,False,51,13,almuerzo,Servir,Debito,27800,0,4439,2780
9799,2024-12-17,2024,12,December,Tuesday,False,51,14,almuerzo,Llevar,Credito,1600,0,255,0
9800,2024-12-17,2024,12,December,Tuesday,False,51,16,tarde,Servir,Debito,10000,0,1597,0
9801,2024-12-17,2024,12,December,Tuesday,False,51,16,tarde,Servir,Debito,10000,0,0,0
9802,2024-12-17,2024,12,December,Tuesday,False,51,16,tarde,Llevar,Efectivo,3100,0,495,0
9803,2024-12-17,2024,12,December,Tuesday,False,51,16,tarde,Llevar,Efectivo,3500,0,559,0
9804,2024-12-17,2024,12,December,Tuesday,False,51,16,tarde,Servir,Debito,12300,0,1964,1230
9806,2024-12-17,2024,12,December,Tuesday,False,51,17,tarde,Servir,Debito,3300,0,527,330
9807,2024-12-17,2024,12,December,Tuesday,False,51,17,tarde,Servir,Debito,32800,0,5237,0
9808,2024-12-17,2024,12,December,Tuesday,False,51,17,tarde,Llevar,Edenred,9600,0,0,0
9809,2024-12-17,2024,12,December,Tuesday,False,51,17,tarde,Llevar,Debito,11500,0,1836,0
9810,2024-12-17,2024,12,December,Tuesday,False,51,17,tarde,Servir,Debito,8000,0,1277,800
9811,2024-12-17,2024,12,December,Tuesday,False,51,17,tarde,Servir,Debito,13800,0,2203,0
9812,2024-12-17,2024,12,December,Tuesday,False,51,17,tarde,Llevar,Efectivo,4000,0,639,0
9813,2024-12-17,2024,12,December,Tuesday,False,51,17,tarde,Llevar,Edenred,4000,0,0,0
9814,2024-12-17,2024,12,December,Tuesday,False,51,17,tarde,Llevar,Debito,4600,0,734,0
9815,2024-12-17,2024,12,December,Tuesday,False,51,17,tarde,Llevar,Debito,9500,0,1517,0
9816,2024-12-17,2024,12,December,Tuesday,False,51,17,tarde,Servir,Debito,16200,0,2587,1620
9817,2024-12-17,2024,12,December,Tuesday,False,51,18,tarde,Llevar,Debito,2000,0,319,0
9818,2024-12-17,2024,12,December,Tuesday,False,51,18,tarde,Llevar,Efectivo,3100,0,495,0
9819,2024-12-17,2024,12,December,Tuesday,False,51,18,tarde,Llevar,Debito,3800,0,607,0
9820,2024-12-17,2024,12,December,Tuesday,False,51,18,tarde,Llevar,Debito,3800,0,607,0
9821,2024-12-17,2024,12,December,Tuesday,False,51,18,tarde,Llevar,Debito,5800,0,926,0
9822,2024-12-17,2024,12,December,Tuesday,False,51,18,tarde,Llevar,Credito,3100,0,495,0
9823,2024-12-17,2024,12,December,Tuesday,False,51,18,tarde,Llevar,Debito,3800,0,607,0
9824,2024-12-17,2024,12,December,Tuesday,False,51,18,tarde,Llevar,Debito,2000,0,319,0
9825,2024-12-17,2024,12,December,Tuesday,False,51,19,cierre,Servir,Debito,1300,0,208,0
9826,2024-12-18,2024,12,December,Wednesday,False,51,11,manana,Llevar,Debito,5400,0,862,0
9827,2024-12-18,2024,12,December,Wednesday,False,51,11,manana,Servir,Credito,11500,0,1836,0
9828,2024-12-18,2024,12,December,Wednesday,False,51,11,manana,Servir,Debito,4000,0,639,0
9829,2024-12-18,2024,12,December,Wednesday,False,51,11,manana,Llevar,Debito,9800,0,1565,0
9830,2024-12-18,2024,12,December,Wednesday,False,51,12,manana,Llevar,Debito,6200,0,990,0
9831,2024-12-18,2024,12,December,Wednesday,False,51,12,manana,Servir,Efectivo,3200,0,511,0
9832,2024-12-18,2024,12,December,Wednesday,False,51,12,manana,Llevar,Credito,5000,0,798,0
9833,2024-12-18,2024,12,December,Wednesday,False,51,12,manana,Llevar,Debito,2000,0,319,0
9834,2024-12-18,2024,12,December,Wednesday,False,51,12,manana,Llevar,Credito,19500,0,3113,0
9835,2024-12-18,2024,12,December,Wednesday,False,51,13,almuerzo,Llevar,Debito,3800,0,607,0
9836,2024-12-18,2024,12,December,Wednesday,False,51,13,almuerzo,Llevar,Debito,3000,0,479,0
9837,2024-12-18,2024,12,December,Wednesday,False,51,13,almuerzo,Llevar,Credito,7200,0,1150,0
9838,2024-12-18,2024,12,December,Wednesday,False,51,14,almuerzo,Llevar,Debito,6800,0,1086,0
9839,2024-12-18,2024,12,December,Wednesday,False,51,14,almuerzo,Servir,Credito,9300,0,1485,930
9840,2024-12-18,2024,12,December,Wednesday,False,51,14,almuerzo,Llevar,Debito,3800,0,607,0
9841,2024-12-18,2024,12,December,Wednesday,False,51,16,tarde,Llevar,Debito,4000,0,639,0
9842,2024-12-18,2024,12,December,Wednesday,False,51,16,tarde,Llevar,Debito,4800,0,766,0
9843,2024-12-18,2024,12,December,Wednesday,False,51,16,tarde,Llevar,Credito,5100,0,814,0
9844,2024-12-18,2024,12,December,Wednesday,False,51,17,tarde,Llevar,Debito,4900,0,782,0
9845,2024-12-18,2024,12,December,Wednesday,False,51,17,tarde,Llevar,Debito,4000,0,639,0
9846,2024-12-18,2024,12,December,Wednesday,False,51,17,tarde,Servir,Debito,3800,0,607,0
9847,2024-12-18,2024,12,December,Wednesday,False,51,17,tarde,Servir,Credito,12500,0,1996,1250
9848,2024-12-18,2024,12,December,Wednesday,False,51,17,tarde,Llevar,Debito,5200,0,830,0
9849,2024-12-18,2024,12,December,Wednesday,False,51,17,tarde,Llevar,Transferencia,87000,0,0,0
9850,2024-12-18,2024,12,December,Wednesday,False,51,18,tarde,Servir,Debito,13000,0,2076,1300
9851,2024-12-18,2024,12,December,Wednesday,False,51,18,tarde,Servir,Debito,24300,0,3880,2430
9852,2024-12-18,2024,12,December,Wednesday,False,51,18,tarde,Llevar,Debito,3100,0,495,0
9853,2024-12-18,2024,12,December,Wednesday,False,51,18,tarde,Llevar,Debito,4800,0,766,0
9854,2024-12-18,2024,12,December,Wednesday,False,51,18,tarde,Llevar,Credito,1500,0,239,0
9855,2024-12-18,2024,12,December,Wednesday,False,51,19,cierre,Llevar,Efectivo,5800,0,926,0
9856,2024-12-18,2024,12,December,Wednesday,False,51,19,cierre,Servir,Debito,2000,0,319,0
9857,2024-12-18,2024,12,December,Wednesday,False,51,19,cierre,Servir,Debito,15300,0,2443,1530
9858,2024-12-18,2024,12,December,Wednesday,False,51,19,cierre,Llevar,Debito,3100,0,495,0
9859,2024-12-18,2024,12,December,Wednesday,False,51,19,cierre,Llevar,Debito,3570,0,570,0
9860,2024-12-18,2024,12,December,Wednesday,False,51,20,cierre,Llevar,Debito,6200,0,990,0
9861,2024-12-18,2024,12,December,Wednesday,False,51,20,cierre,Llevar,Debito,6000,0,958,0
9862,2024-12-19,2024,12,December,Thursday,False,51,10,manana,Llevar,Efectivo,7500,0,0,0
9863,2024-12-19,2024,12,December,Thursday,False,51,11,manana,Llevar,Debito,1000,0,160,0
9864,2024-12-19,2024,12,December,Thursday,False,51,11,manana,Llevar,Debito,3500,0,559,0
9865,2024-12-19,2024,12,December,Thursday,False,51,11,manana,Servir,Debito,6800,1700,1086,0
9866,2024-12-19,2024,12,December,Thursday,False,51,12,manana,Llevar,Debito,1500,0,239,0
9867,2024-12-19,2024,12,December,Thursday,False,51,12,manana,Servir,Debito,3800,0,607,0
9868,2024-12-19,2024,12,December,Thursday,False,51,12,manana,Llevar,Efectivo,9000,0,1437,0
9869,2024-12-19,2024,12,December,Thursday,False,51,12,manana,Llevar,Credito,2500,0,399,0
9870,2024-12-19,2024,12,December,Thursday,False,51,13,almuerzo,Llevar,Credito,12000,0,1916,0
9871,2024-12-19,2024,12,December,Thursday,False,51,13,almuerzo,Llevar,Debito,9000,0,1437,0
9872,2024-12-19,2024,12,December,Thursday,False,51,13,almuerzo,Servir,Debito,8000,0,1277,0
9873,2024-12-19,2024,12,December,Thursday,False,51,13,almuerzo,Servir,Efectivo,11800,0,1884,1180
9874,2024-12-19,2024,12,December,Thursday,False,51,14,almuerzo,Llevar,Debito,2000,0,319,0
9875,2024-12-19,2024,12,December,Thursday,False,51,14,almuerzo,Llevar,Debito,4000,0,639,0
9876,2024-12-19,2024,12,December,Thursday,False,51,14,almuerzo,Servir,Debito,5100,0,814,0
9877,2024-12-19,2024,12,December,Thursday,False,51,14,almuerzo,Servir,Debito,5000,0,798,0
9878,2024-12-19,2024,12,December,Thursday,False,51,14,almuerzo,Servir,Edenred,9100,0,0,0
9879,2024-12-19,2024,12,December,Thursday,False,51,14,almuerzo,Llevar,Debito,2800,0,447,0
9880,2024-12-19,2024,12,December,Thursday,False,51,14,almuerzo,Llevar,Efectivo,3500,0,559,0
9881,2024-12-19,2024,12,December,Thursday,False,51,16,tarde,Servir,Debito,9500,0,1517,950
9882,2024-12-19,2024,12,December,Thursday,False,51,16,tarde,Servir,Debito,15000,0,2395,0
9883,2024-12-19,2024,12,December,Thursday,False,51,16,tarde,Llevar,Debito,4200,0,671,0
9884,2024-12-19,2024,12,December,Thursday,False,51,16,tarde,Servir,Debito,10300,0,1645,1030
9885,2024-12-19,2024,12,December,Thursday,False,51,16,tarde,Llevar,Debito,3000,0,479,0
9886,2024-12-19,2024,12,December,Thursday,False,51,16,tarde,Llevar,Debito,3100,0,495,0
9887,2024-12-19,2024,12,December,Thursday,False,51,17,tarde,Servir,Efectivo,3000,0,479,0
9888,2024-12-19,2024,12,December,Thursday,False,51,17,tarde,Servir,Debito,7300,0,1166,0
9889,2024-12-19,2024,12,December,Thursday,False,51,17,tarde,Llevar,Debito,7800,0,1245,0
9890,2024-12-19,2024,12,December,Thursday,False,51,17,tarde,Llevar,Efectivo,1500,0,239,0
9891,2024-12-19,2024,12,December,Thursday,False,51,17,tarde,Llevar,Debito,7400,0,1182,0
9892,2024-12-19,2024,12,December,Thursday,False,51,18,tarde,Llevar,Debito,2500,0,399,0
9893,2024-12-19,2024,12,December,Thursday,False,51,18,tarde,Servir,Debito,3500,0,559,0
9894,2024-12-19,2024,12,December,Thursday,False,51,18,tarde,Servir,Debito,9500,0,1517,950
9895,2024-12-19,2024,12,December,Thursday,False,51,18,tarde,Llevar,Debito,8000,0,1277,0
9896,2024-12-19,2024,12,December,Thursday,False,51,19,cierre,Llevar,Debito,1500,0,239,0
9897,2024-12-19,2024,12,December,Thursday,False,51,19,cierre,Servir,Debito,1300,0,208,0
9898,2024-12-20,2024,12,December,Friday,False,51,10,manana,Llevar,Debito,9500,0,1517,0
9899,2024-12-20,2024,12,December,Friday,False,51,10,manana,Servir,Edenred,6000,0,0,0
9900,2024-12-20,2024,12,December,Friday,False,51,11,manana,Llevar,Efectivo,1000,0,160,0
9901,2024-12-20,2024,12,December,Friday,False,51,11,manana,Llevar,Efectivo,1500,0,239,0
9902,2024-12-20,2024,12,December,Friday,False,51,11,manana,Servir,Efectivo,3100,0,495,0
9903,2024-12-20,2024,12,December,Friday,False,51,12,manana,Servir,Efectivo,8400,0,1341,840
9904,2024-12-20,2024,12,December,Friday,False,51,12,manana,Servir,Edenred,16000,0,0,0
9905,2024-12-20,2024,12,December,Friday,False,51,13,almuerzo,Llevar,Debito,2500,0,399,0
9906,2024-12-20,2024,12,December,Friday,False,51,13,almuerzo,Llevar,Debito,4000,0,639,0
9907,2024-12-20,2024,12,December,Friday,False,51,13,almuerzo,Llevar,Debito,6400,0,1022,0
9908,2024-12-20,2024,12,December,Friday,False,51,13,almuerzo,Llevar,Debito,1500,0,239,0
9909,2024-12-20,2024,12,December,Friday,False,51,14,almuerzo,Servir,Debito,21600,0,3449,0
9910,2024-12-20,2024,12,December,Friday,False,51,16,tarde,Servir,Debito,3800,0,607,0
9911,2024-12-20,2024,12,December,Friday,False,51,16,tarde,Llevar,Credito,3500,0,559,0
9912,2024-12-20,2024,12,December,Friday,False,51,16,tarde,Servir,Credito,3000,0,479,0
9913,2024-12-20,2024,12,December,Friday,False,51,16,tarde,Llevar,Efectivo,5200,0,830,0
9914,2024-12-20,2024,12,December,Friday,False,51,16,tarde,Llevar,Debito,3800,0,607,0
9915,2024-12-20,2024,12,December,Friday,False,51,16,tarde,Llevar,Debito,2500,0,399,0
9916,2024-12-20,2024,12,December,Friday,False,51,16,tarde,Llevar,Debito,3500,0,559,0
9917,2024-12-20,2024,12,December,Friday,False,51,17,tarde,Servir,Debito,9000,0,1437,900
9918,2024-12-20,2024,12,December,Friday,False,51,17,tarde,Llevar,Debito,1500,0,239,0
9919,2024-12-20,2024,12,December,Friday,False,51,17,tarde,Llevar,Debito,1500,0,239,0
9920,2024-12-20,2024,12,December,Friday,False,51,17,tarde,Servir,Debito,10500,0,1676,1050
9921,2024-12-20,2024,12,December,Friday,False,51,17,tarde,Llevar,Debito,4300,0,687,0
9922,2024-12-20,2024,12,December,Friday,False,51,17,tarde,Servir,Efectivo,3500,0,559,0
9923,2024-12-20,2024,12,December,Friday,False,51,18,tarde,Servir,Debito,12000,0,1916,1200
9924,2024-12-20,2024,12,December,Friday,False,51,18,tarde,Servir,Debito,3100,0,495,0
9926,2024-12-20,2024,12,December,Friday,False,51,18,tarde,Llevar,Debito,5000,0,798,0
9927,2024-12-20,2024,12,December,Friday,False,51,18,tarde,Llevar,Debito,4000,0,639,0
9928,2024-12-20,2024,12,December,Friday,False,51,18,tarde,Llevar,Debito,4000,0,639,0
9929,2024-12-20,2024,12,December,Friday,False,51,19,cierre,Servir,Debito,13800,0,2203,0
9930,2024-12-20,2024,12,December,Friday,False,51,23,cierre,Llevar,Transferencia,72000,0,0,0
9931,2024-12-21,2024,12,December,Saturday,True,51,13,almuerzo,Servir,Debito,12600,0,2012,1260
9932,2024-12-21,2024,12,December,Saturday,True,51,13,almuerzo,Servir,Debito,10800,0,1724,0
9933,2024-12-21,2024,12,December,Saturday,True,51,13,almuerzo,Llevar,Debito,8100,0,1293,0
9934,2024-12-21,2024,12,December,Saturday,True,51,14,almuerzo,Servir,Debito,10900,0,1740,1090
9935,2024-12-21,2024,12,December,Saturday,True,51,14,almuerzo,Llevar,Debito,1300,0,208,0
9936,2024-12-21,2024,12,December,Saturday,True,51,14,almuerzo,Servir,Efectivo,1300,0,208,0
9937,2024-12-21,2024,12,December,Saturday,True,51,15,almuerzo,Llevar,Debito,7500,0,1197,0
9938,2024-12-21,2024,12,December,Saturday,True,51,16,tarde,Llevar,Efectivo,5000,0,798,0
9939,2024-12-21,2024,12,December,Saturday,True,51,16,tarde,Llevar,Debito,5500,0,878,0
9940,2024-12-21,2024,12,December,Saturday,True,51,16,tarde,Llevar,Debito,10000,0,1597,0
9941,2024-12-21,2024,12,December,Saturday,True,51,16,tarde,Llevar,Debito,5000,0,798,0
9942,2024-12-23,2024,12,December,Monday,False,52,12,manana,Llevar,Debito,2000,0,319,0
9943,2024-12-23,2024,12,December,Monday,False,52,12,manana,Llevar,Efectivo,6800,0,1086,0
9944,2024-12-23,2024,12,December,Monday,False,52,12,manana,Servir,Debito,7500,0,1197,0
9945,2024-12-23,2024,12,December,Monday,False,52,13,almuerzo,Servir,Debito,3500,0,559,0
9946,2024-12-23,2024,12,December,Monday,False,52,14,almuerzo,Servir,Debito,1500,0,239,0
9947,2024-12-23,2024,12,December,Monday,False,52,14,almuerzo,Llevar,Debito,10000,0,1597,0
9948,2024-12-23,2024,12,December,Monday,False,52,14,almuerzo,Llevar,Debito,4000,0,639,0
9949,2024-12-23,2024,12,December,Monday,False,52,16,tarde,Llevar,Efectivo,2000,0,319,0
9950,2024-12-23,2024,12,December,Monday,False,52,16,tarde,Servir,Efectivo,11800,0,1884,200
9951,2024-12-23,2024,12,December,Monday,False,52,16,tarde,Llevar,Debito,1500,0,239,0
9952,2024-12-23,2024,12,December,Monday,False,52,16,tarde,Servir,Debito,8000,0,1277,400
9953,2024-12-23,2024,12,December,Monday,False,52,16,tarde,Servir,Debito,4000,0,639,0
9954,2024-12-23,2024,12,December,Monday,False,52,16,tarde,Llevar,Debito,7500,0,1197,0
9955,2024-12-23,2024,12,December,Monday,False,52,17,tarde,Llevar,Credito,7500,0,1197,0
9956,2024-12-23,2024,12,December,Monday,False,52,17,tarde,Llevar,Credito,7000,0,1118,0
9957,2024-12-23,2024,12,December,Monday,False,52,17,tarde,Llevar,Debito,5000,0,798,0
9958,2024-12-23,2024,12,December,Monday,False,52,18,tarde,Llevar,Debito,4000,0,639,0
9959,2024-12-23,2024,12,December,Monday,False,52,18,tarde,Servir,Debito,12000,0,1916,1200
9960,2024-12-23,2024,12,December,Monday,False,52,18,tarde,Llevar,Credito,3300,0,527,0
9961,2024-12-23,2024,12,December,Monday,False,52,18,tarde,Servir,Efectivo,1300,0,208,0
9962,2024-12-23,2024,12,December,Monday,False,52,18,tarde,Servir,Debito,10200,0,1629,690
9963,2024-12-23,2024,12,December,Monday,False,52,19,cierre,Llevar,Credito,2000,0,319,0
9964,2024-12-23,2024,12,December,Monday,False,52,19,cierre,Llevar,Debito,7000,0,1118,0
9965,2024-12-23,2024,12,December,Monday,False,52,19,cierre,Llevar,Debito,3200,0,511,0
9966,2024-12-24,2024,12,December,Tuesday,False,52,10,manana,Llevar,Efectivo,3800,0,607,0
9967,2024-12-24,2024,12,December,Tuesday,False,52,11,manana,Llevar,Debito,4000,0,639,0
9968,2024-12-24,2024,12,December,Tuesday,False,52,12,manana,Servir,Debito,6000,0,958,600
9969,2024-12-24,2024,12,December,Tuesday,False,52,12,manana,Llevar,Debito,7800,0,1245,0
9970,2024-12-24,2024,12,December,Tuesday,False,52,12,manana,Llevar,Debito,3800,0,607,0
9971,2024-12-24,2024,12,December,Tuesday,False,52,12,manana,Llevar,Credito,7000,0,1118,0
9972,2024-12-24,2024,12,December,Tuesday,False,52,12,manana,Llevar,Debito,4000,0,639,0
9973,2024-12-24,2024,12,December,Tuesday,False,52,12,manana,Llevar,Efectivo,10000,0,1597,0
9974,2024-12-24,2024,12,December,Tuesday,False,52,13,almuerzo,Llevar,Debito,2000,0,319,0
9975,2024-12-24,2024,12,December,Tuesday,False,52,14,almuerzo,Llevar,Debito,2000,0,319,0
9976,2024-12-24,2024,12,December,Tuesday,False,52,14,almuerzo,Llevar,Debito,7000,0,1118,0
9977,2024-12-24,2024,12,December,Tuesday,False,52,14,almuerzo,Llevar,Debito,2000,0,319,0
9978,2024-12-24,2024,12,December,Tuesday,False,52,14,almuerzo,Llevar,Edenred,12300,0,1964,0
9979,2024-12-24,2024,12,December,Tuesday,False,52,14,almuerzo,Servir,Debito,3500,0,559,0
9980,2024-12-24,2024,12,December,Tuesday,False,52,14,almuerzo,Llevar,Credito,6000,0,958,0
9981,2024-12-24,2024,12,December,Tuesday,False,52,14,almuerzo,Llevar,Debito,5000,0,798,0
9982,2024-12-24,2024,12,December,Tuesday,False,52,15,almuerzo,Servir,Credito,11800,0,1884,0
9983,2024-12-24,2024,12,December,Tuesday,False,52,15,almuerzo,Servir,Efectivo,4000,0,0,0
9984,2024-12-26,2024,12,December,Thursday,False,52,12,manana,Llevar,Efectivo,7500,0,1197,0
9985,2024-12-26,2024,12,December,Thursday,False,52,13,almuerzo,Servir,Credito,6000,0,958,600
9986,2024-12-26,2024,12,December,Thursday,False,52,13,almuerzo,Llevar,Credito,3800,0,607,0
9987,2024-12-26,2024,12,December,Thursday,False,52,13,almuerzo,Llevar,Debito,3800,0,607,0
9988,2024-12-26,2024,12,December,Thursday,False,52,13,almuerzo,Servir,Debito,17600,0,2810,0
9989,2024-12-26,2024,12,December,Thursday,False,52,13,almuerzo,Servir,Debito,11800,0,1884,1180
9990,2024-12-26,2024,12,December,Thursday,False,52,14,almuerzo,Llevar,Debito,2000,0,319,0
9991,2024-12-26,2024,12,December,Thursday,False,52,14,almuerzo,Servir,Debito,23400,0,3736,0
9992,2024-12-26,2024,12,December,Thursday,False,52,14,almuerzo,Servir,Debito,12500,0,1996,0
9993,2024-12-26,2024,12,December,Thursday,False,52,16,tarde,Servir,Debito,18600,0,2970,1860
9994,2024-12-26,2024,12,December,Thursday,False,52,16,tarde,Llevar,Sodexo,8400,0,0,0
9995,2024-12-26,2024,12,December,Thursday,False,52,17,tarde,Llevar,Efectivo,12800,0,0,0
9996,2024-12-26,2024,12,December,Thursday,False,52,17,tarde,Llevar,Transferencia,117000,0,0,0
9997,2024-12-26,2024,12,December,Thursday,False,52,17,tarde,Llevar,Efectivo,13500,0,2155,0
9998,2024-12-26,2024,12,December,Thursday,False,52,17,tarde,Servir,Debito,13600,0,2171,0
9999,2024-12-26,2024,12,December,Thursday,False,52,18,tarde,Servir,Efectivo,20100,0,3209,0
10000,2024-12-26,2024,12,December,Thursday,False,52,19,cierre,Servir,Debito,5600,0,894,0
10001,2024-12-27,2024,12,December,Friday,False,52,10,manana,Llevar,Efectivo,2000,0,319,0
10002,2024-12-27,2024,12,December,Friday,False,52,11,manana,Llevar,Debito,2000,0,319,0
10003,2024-12-27,2024,12,December,Friday,False,52,12,manana,Llevar,Debito,1000,0,160,0
10004,2024-12-27,2024,12,December,Friday,False,52,12,manana,Llevar,Credito,11200,0,1788,0
10005,2024-12-27,2024,12,December,Friday,False,52,12,manana,Servir,Debito,6800,0,1086,0
10006,2024-12-27,2024,12,December,Friday,False,52,12,manana,Llevar,Debito,5400,0,862,0
10007,2024-12-27,2024,12,December,Friday,False,52,12,manana,Servir,Efectivo,4700,0,750,0
10008,2024-12-27,2024,12,December,Friday,False,52,13,almuerzo,Servir,Debito,8500,0,1357,0
10009,2024-12-27,2024,12,December,Friday,False,52,13,almuerzo,Llevar,Efectivo,2000,0,319,0
10010,2024-12-27,2024,12,December,Friday,False,52,14,almuerzo,Servir,Debito,12100,0,1932,0
10011,2024-12-27,2024,12,December,Friday,False,52,14,almuerzo,Llevar,Debito,9000,0,1437,0
10012,2024-12-27,2024,12,December,Friday,False,52,14,almuerzo,Servir,Efectivo,4000,0,639,0
10014,2024-12-27,2024,12,December,Friday,False,52,16,tarde,Llevar,Credito,3500,0,559,0
10015,2024-12-27,2024,12,December,Friday,False,52,16,tarde,Llevar,Credito,3800,0,607,0
10016,2024-12-27,2024,12,December,Friday,False,52,16,tarde,Llevar,Transferencia,33100,0,0,0
10017,2024-12-27,2024,12,December,Friday,False,52,16,tarde,Llevar,Debito,3000,0,479,0
10018,2024-12-27,2024,12,December,Friday,False,52,17,tarde,Llevar,Debito,4000,0,639,0
10019,2024-12-27,2024,12,December,Friday,False,52,17,tarde,Servir,Debito,13300,0,2124,1330
10020,2024-12-27,2024,12,December,Friday,False,52,17,tarde,Llevar,Efectivo,3500,0,559,0
10021,2024-12-27,2024,12,December,Friday,False,52,18,tarde,Llevar,Debito,9000,0,1437,0
10022,2024-12-27,2024,12,December,Friday,False,52,18,tarde,Llevar,Debito,5200,0,830,0
10023,2024-12-27,2024,12,December,Friday,False,52,18,tarde,Llevar,Debito,5800,0,926,0
10024,2024-12-27,2024,12,December,Friday,False,52,18,tarde,Servir,Debito,8500,0,1357,850
10025,2024-12-27,2024,12,December,Friday,False,52,19,cierre,Llevar,Credito,13100,0,2092,0
10026,2024-12-27,2024,12,December,Friday,False,52,19,cierre,Servir,Debito,13300,0,2124,1330
10027,2024-12-27,2024,12,December,Friday,False,52,19,cierre,Llevar,Efectivo,3200,0,511,0
10028,2024-12-28,2024,12,December,Saturday,True,52,10,manana,Llevar,Debito,3000,0,479,0
10029,2024-12-28,2024,12,December,Saturday,True,52,11,manana,Servir,Debito,12200,0,1948,1220
10030,2024-12-28,2024,12,December,Saturday,True,52,11,manana,Servir,Debito,6600,0,1054,0
10031,2024-12-28,2024,12,December,Saturday,True,52,12,manana,Servir,Debito,14500,0,2315,1450
10032,2024-12-28,2024,12,December,Saturday,True,52,12,manana,Llevar,Debito,7500,0,1197,0
10033,2024-12-28,2024,12,December,Saturday,True,52,13,almuerzo,Servir,Debito,14500,0,2315,1450
10034,2024-12-28,2024,12,December,Saturday,True,52,13,almuerzo,Llevar,Efectivo,1000,0,160,0
10035,2024-12-28,2024,12,December,Saturday,True,52,13,almuerzo,Servir,Debito,13200,0,2108,1320
10036,2024-12-28,2024,12,December,Saturday,True,52,14,almuerzo,Llevar,Credito,3500,0,559,0
10037,2024-12-28,2024,12,December,Saturday,True,52,16,tarde,Llevar,Efectivo,4200,0,671,0
10038,2024-12-28,2024,12,December,Saturday,True,52,17,tarde,Llevar,Debito,3800,0,607,0
10039,2024-12-28,2024,12,December,Saturday,True,52,17,tarde,Servir,Debito,8000,0,1277,0
10040,2024-12-28,2024,12,December,Saturday,True,52,17,tarde,Servir,Debito,7600,0,1213,760
10041,2024-12-28,2024,12,December,Saturday,True,52,17,tarde,Llevar,Debito,10800,0,1724,0
10042,2024-12-28,2024,12,December,Saturday,True,52,17,tarde,Llevar,Debito,7500,0,1197,0
10043,2024-12-28,2024,12,December,Saturday,True,52,17,tarde,Servir,Debito,4700,0,750,0
10044,2024-12-28,2024,12,December,Saturday,True,52,18,tarde,Servir,Debito,12200,0,1948,1220
10045,2024-12-28,2024,12,December,Saturday,True,52,18,tarde,Llevar,Credito,3800,0,607,0
10046,2024-12-28,2024,12,December,Saturday,True,52,19,cierre,Llevar,Efectivo,3500,0,559,0
10047,2024-12-28,2024,12,December,Saturday,True,52,19,cierre,Llevar,Debito,2000,0,319,0
10048,2024-12-28,2024,12,December,Saturday,True,52,19,cierre,Llevar,Debito,2200,0,351,0
10049,2024-12-30,2024,12,December,Monday,False,1,10,manana,Servir,Debito,10800,0,1724,0
10050,2024-12-30,2024,12,December,Monday,False,1,10,manana,Servir,Debito,15400,0,2459,0
10051,2024-12-30,2024,12,December,Monday,False,1,11,manana,Servir,Debito,11800,0,1884,0
10052,2024-12-30,2024,12,December,Monday,False,1,11,manana,Llevar,Efectivo,3000,0,479,0
10053,2024-12-30,2024,12,December,Monday,False,1,11,manana,Llevar,Debito,2000,0,319,0
10054,2024-12-30,2024,12,December,Monday,False,1,12,manana,Llevar,Debito,4400,0,703,0
10055,2024-12-30,2024,12,December,Monday,False,1,12,manana,Llevar,Debito,11500,0,1836,0
10056,2024-12-30,2024,12,December,Monday,False,1,13,almuerzo,Servir,Debito,11000,0,1756,1100
10057,2024-12-30,2024,12,December,Monday,False,1,14,almuerzo,Llevar,Credito,4000,0,639,0
10058,2024-12-30,2024,12,December,Monday,False,1,14,almuerzo,Llevar,Debito,2000,0,319,0
10059,2024-12-30,2024,12,December,Monday,False,1,14,almuerzo,Llevar,Debito,5100,0,814,0
10060,2024-12-30,2024,12,December,Monday,False,1,16,tarde,Servir,Debito,2000,0,319,0
10061,2024-12-30,2024,12,December,Monday,False,1,16,tarde,Servir,Debito,10700,0,1708,1070
10062,2024-12-30,2024,12,December,Monday,False,1,16,tarde,Servir,Debito,14800,0,2363,1480
10063,2024-12-30,2024,12,December,Monday,False,1,16,tarde,Servir,Debito,6000,0,958,600
10064,2024-12-30,2024,12,December,Monday,False,1,16,tarde,Llevar,Debito,2000,0,319,0
10065,2024-12-30,2024,12,December,Monday,False,1,16,tarde,Llevar,Debito,3800,0,607,0
10066,2024-12-30,2024,12,December,Monday,False,1,16,tarde,Servir,Debito,1500,0,239,0
10067,2024-12-30,2024,12,December,Monday,False,1,17,tarde,Servir,Debito,10240,2560,1635,0
10068,2024-12-30,2024,12,December,Monday,False,1,17,tarde,Llevar,Credito,4000,0,639,0
10069,2024-12-30,2024,12,December,Monday,False,1,17,tarde,Llevar,Efectivo,2000,0,319,0
10070,2024-12-30,2024,12,December,Monday,False,1,17,tarde,Llevar,Debito,6500,0,1038,0
10071,2024-12-30,2024,12,December,Monday,False,1,17,tarde,Llevar,Debito,3000,0,479,0
10072,2024-12-30,2024,12,December,Monday,False,1,17,tarde,Llevar,Debito,4000,0,639,0
10073,2024-12-30,2024,12,December,Monday,False,1,18,tarde,Llevar,Credito,7500,0,1197,0
10074,2024-12-30,2024,12,December,Monday,False,1,18,tarde,Llevar,Debito,5800,0,926,0
10075,2024-12-30,2024,12,December,Monday,False,1,18,tarde,Llevar,Debito,1300,0,208,0
10076,2024-12-30,2024,12,December,Monday,False,1,18,tarde,Llevar,Debito,4000,0,639,0
10077,2024-12-30,2024,12,December,Monday,False,1,18,tarde,Servir,Debito,12000,0,1916,1200
10078,2024-12-30,2024,12,December,Monday,False,1,18,tarde,Servir,Debito,6000,0,958,0
10079,2024-12-30,2024,12,December,Monday,False,1,18,tarde,Servir,Debito,3200,800,511,0
10080,2024-12-30,2024,12,December,Monday,False,1,18,tarde,Llevar,Debito,4000,0,639,0
10081,2024-12-30,2024,12,December,Monday,False,1,19,cierre,Llevar,Efectivo,1600,0,255,0
10082,2024-12-30,2024,12,December,Monday,False,1,19,cierre,Llevar,Debito,2800,0,447,0
10083,2024-12-31,2024,12,December,Tuesday,False,1,10,manana,Servir,Debito,4500,0,718,450
10084,2024-12-31,2024,12,December,Tuesday,False,1,10,manana,Servir,Efectivo,10500,0,1676,1050
10085,2024-12-31,2024,12,December,Tuesday,False,1,11,manana,Llevar,Debito,13300,0,2124,0
10086,2024-12-31,2024,12,December,Tuesday,False,1,11,manana,Servir,Efectivo,20700,0,3305,0
10087,2024-12-31,2024,12,December,Tuesday,False,1,13,almuerzo,Servir,Debito,10400,0,1661,1040
10088,2024-12-31,2024,12,December,Tuesday,False,1,13,almuerzo,Llevar,Efectivo,6000,0,958,0
10089,2024-12-31,2024,12,December,Tuesday,False,1,14,almuerzo,Servir,Credito,7500,0,1197,750
10090,2024-12-31,2024,12,December,Tuesday,False,1,14,almuerzo,Llevar,Debito,1500,0,239,0
10091,2024-12-31,2024,12,December,Tuesday,False,1,15,almuerzo,Servir,Debito,8000,0,1277,0
10092,2024-12-31,2024,12,December,Tuesday,False,1,15,almuerzo,Llevar,Debito,5600,0,894,0
